Región / CUT Comuna ; Nombre Comuna / ACT;2005;2006;2007;2008;2009;2010;2011;2012;2013;2014;2015;2016;2017;2018;2019;2020;2021;2022;2023;;2006;2007;2008;2009;2010;2011;2012;2013;2014;2015;2016;2017;2018;2019;2020;2021;2022;2023
;;;;;;;;;;;;;;;;;;;;;;;;;;;;;;;;;;;;;;;
Total nacional;;424.743.716;468.420.220;554.824.398;631.450.479;653.457.736;601.817.095;718.437.783;724.226.070;775.757.049;1.042.085.365;1.493.367.086;1.743.636.114;1.661.809.178;1.604.359.134;1.141.887.353;1.011.143.644;1.244.515.248;1.407.903.935;1.240.313.841;;10,30%;18,40%;13,80%;3,50%;-7,90%;19,40%;0,80%;7,10%;34,30%;43,30%;16,80%;-4,70%;-3,50%;-28,80%;-11,40%;23,10%;13,10%;-11,90%
Alojamiento turístico;;15.531.510;16.852.842;23.156.105;27.979.585;27.259.802;54.478.438;33.255.887;39.709.942;38.679.545;223.629.874;214.214.957;207.379.608;25.251.972;47.251.676;48.939.153;27.683.092;37.052.217;51.475.600;63.769.559;;8,50%;37,40%;20,80%;-2,60%;99,80%;-39,00%;19,40%;-2,60%;478,20%;-4,20%;-3,20%;-87,80%;87,10%;3,60%;-43,40%;33,80%;38,90%;23,90%
Actividades de provisión de alimentos y bebidas;;74.889.299;80.493.609;72.998.468;75.088.720;151.258.139;86.940.135;97.963.381;92.123.423;104.385.259;107.167.083;135.684.347;171.291.790;183.759.553;199.183.041;223.406.702;156.185.632;225.359.037;261.684.450;275.002.546;;7,50%;-9,30%;2,90%;101,40%;-42,50%;12,70%;-6,00%;13,30%;2,70%;26,60%;26,20%;7,30%;8,40%;12,20%;-30,10%;44,30%;16,10%;5,10%
Transporte de pasajeros por ferrocarril;; * ; * ; * ; * ; * ; * ; * ; * ; * ; * ; * ; * ; * ; * ; * ; * ; * ; * ; * ;;;;;;;;;;;;;;;;;;;
Transporte de pasajeros por carretera;;12.475.529;18.220.675;27.172.877;31.082.665;30.189.444;32.500.408;75.443.203;59.098.724;64.870.384;103.901.910;70.556.197;60.786.664;63.473.801;57.874.682;65.180.646;57.729.070;70.364.244;77.654.483;85.134.213;;46,10%;49,10%;14,40%;-2,90%;7,70%;132,10%;-21,70%;9,80%;60,20%;-32,10%;-13,80%;4,40%;-8,80%;12,60%;-11,40%;21,90%;10,40%;9,60%
Transporte de pasajeros por agua;;44.373.897;46.623.772;49.536.328;109.895.836;31.522.524;32.588.551;19.430.506;27.677.181;24.574.341;26.808.144;28.494.363;19.819.650;2.409.586;1.670.363;3.252.095;1.586.105;1.500.474;1.960.455;1.839.638;;5,10%;6,20%;121,80%;-71,30%;3,40%;-40,40%;42,40%;-11,20%;9,10%;6,30%;-30,40%;-87,80%;-30,70%;94,70%;-51,20%;-5,40%;30,70%;-6,20%
Transporte aéreo de pasajeros;;19.599.329;29.326.088;94.827.033;118.343.062;25.336.496;30.709.073;40.526.213;37.409.819;31.273.656;31.949.135;31.253.772;13.174.175;4.398.677;12.368.049;20.909.221;84.441.813;10.675.054;200.894.714;53.915.118;;49,60%;223,40%;24,80%;-78,60%;21,20%;32,00%;-7,70%;-16,40%;2,20%;-2,20%;-57,80%;-66,60%;181,20%;69,10%;303,80%;-87,40%;1781,90%;-73,20%
Alquiler de equipos de transporte;;9.668.049;14.255.406;10.598.580;10.998.989;77.841.241;89.425.576;102.117.403;145.924.639;117.919.233;127.005.058;168.346.995;193.736.029;80.150.315;87.156.543;49.825.100;41.153.278;46.081.578;46.102.359;51.820.932;;47,40%;-25,70%;3,80%;607,70%;14,90%;14,20%;42,90%;-19,20%;7,70%;32,60%;15,10%;-58,60%;8,70%;-42,80%;-17,40%;12,00%;0,00%;12,40%
Actividades de agencias de viajes y de otros servicios de reservas;;40.817.257;44.702.846;36.160.396;25.444.621;23.725.014;25.064.513;25.904.496;38.579.851;32.269.259;36.309.023;45.564.758;21.600.908;26.899.629;169.715.973;28.923.760;13.628.741;13.460.452;25.673.399;28.278.072;;9,50%;-19,10%;-29,60%;-6,80%;5,60%;3,40%;48,90%;-16,40%;12,50%;25,50%;-52,60%;24,50%;530,90%;-83,00%;-52,90%;-1,20%;90,70%;10,10%
Actividades culturales;;886.570;1.177.505;1.328.200;1.316.704;1.189.747;1.625.322;2.396.465;1.770.825;2.455.961;2.259.897;10.254.177;13.215.291;13.606.893;12.725.307;11.254.329;5.009.012;5.338.272;12.393.612;16.022.158;;32,80%;12,80%;-0,90%;-9,60%;36,60%;47,40%;-26,10%;38,70%;-8,00%;353,70%;28,90%;3,00%;-6,50%;-11,60%;-55,50%;6,60%;132,20%;29,30%
Actividades deportivas y recreativas;;7.245.497;8.489.993;1.868.109;1.938.952;2.390.292;2.768.437;3.309.193;2.999.726;2.435.283;3.109.099;19.206.910;16.902.285;18.690.750;19.145.052;16.556.123;7.069.943;8.786.544;15.284.675;16.624.125;;17,20%;-78,00%;3,80%;23,30%;15,80%;19,50%;-9,40%;-18,80%;27,70%;517,80%;-12,00%;10,60%;2,40%;-13,50%;-57,30%;24,30%;74,00%;8,80%
Comercio al por menor de bienes característicos del turismo;;1.795.140;2.168.336;1.571.896;1.556.749;1.635.048;1.705.045;1.834.430;2.087.929;2.493.781;2.737.039;3.633.213;4.979.369;3.894.810;2.586.495;2.042.624;1.290.757;1.863.362;2.037.775;1.979.553;;20,80%;-27,50%;-1,00%;5,00%;4,30%;7,60%;13,80%;19,40%;9,80%;32,70%;37,10%;-21,80%;-33,60%;-21,00%;-36,80%;44,40%;9,40%;-2,90%
Actividades relacionadas con segundos hogares y multipropiedades;;197.461.639;206.109.148;235.606.405;227.804.594;281.109.990;244.011.596;316.256.608;276.844.009;354.400.346;377.209.103;766.157.396;1.020.750.344;1.239.273.192;994.681.952;671.597.600;615.366.201;824.034.013;712.742.412;645.927.926;;4,40%;14,30%;-3,30%;23,40%;-13,20%;29,60%;-12,50%;28,00%;6,40%;103,10%;33,20%;21,40%;-19,70%;-32,50%;-8,40%;33,90%;-13,50%;-9,40%
Región de Tarapacá;;3.625.196;3.960.751;4.057.865;4.965.369;5.030.948;5.336.401;6.241.810;6.490.654;7.839.588;10.777.835;12.738.036;13.775.210;14.610.379;15.557.289;14.466.152;12.329.949;11.848.396;14.175.215;16.290.283;;9,30%;2,50%;22,40%;1,30%;6,10%;17,00%;4,00%;20,80%;37,50%;18,20%;8,10%;6,10%;6,50%;-7,00%;-14,80%;-3,90%;19,60%;14,90%
1101;Iquique;3.498.836;3.831.622;3.947.261;4.858.741;4.828.127;5.205.630;5.848.072;6.015.605;7.350.253;10.311.704;11.921.635;12.386.273;12.665.898;14.295.606;13.135.677;11.014.232;10.037.431;11.794.460;12.982.713;;9,50%;3,00%;23,10%;-0,60%;7,80%;12,30%;2,90%;22,20%;40,30%;15,60%;3,90%;2,30%;12,90%;-8,10%;-16,20%;-8,90%;17,50%;10,10%
;Alojamiento turístico;326.495;325.983;378.884;434.652;411.323;460.990;617.621;651.209;631.274;1.465.515;504.520;605.736;649.266;597.539;958.237;1.028.037;1.548.213;1.903.995;2.840.784;;-0,20%;16,20%;14,70%;-5,40%;12,10%;34,00%;5,40%;-3,10%;132,20%;-65,60%;20,10%;7,20%;-8,00%;60,40%;7,30%;50,60%;23,00%;49,20%
;Actividades de provisión de alimentos y bebidas;666.876;829.659;875.280;929.165;1.027.244;1.084.570;1.279.715;1.374.040;1.501.658;1.684.026;2.206.270;2.337.959;2.246.440;2.450.969;2.572.218;1.389.422;2.520.024;3.191.086;3.239.109;;24,40%;5,50%;6,20%;10,60%;5,60%;18,00%;7,40%;9,30%;12,10%;31,00%;6,00%;-3,90%;9,10%;4,90%;-46,00%;81,40%;26,60%;1,50%
;Transporte de pasajeros por ferrocarril;0;0;0;0;*;*;*;*;*;*;0;*;*;0;0;0;0;0;0;;;;;;;;;;;;;;;;;;;
;Transporte de pasajeros por carretera;228.379;257.096;409.167;360.986;366.669;515.467;768.183;1.133.823;1.184.175;1.773.585;1.563.603;1.176.226;1.121.576;1.388.908;1.457.284;1.235.212;1.388.612;1.081.575;1.599.461;;12,60%;59,10%;-11,80%;1,60%;40,60%;49,00%;47,60%;4,40%;49,80%;-11,80%;-24,80%;-4,60%;23,80%;4,90%;-15,20%;12,40%;-22,10%;47,90%
;Transporte de pasajeros por agua;*;*;*;*;*;*;*;*;*;*;*;*;*;*;*;*;*;*;*;;;;;;;;;;;;;;;;;;;
;Transporte aéreo de pasajeros;*;*;*;*;*;*;*;*;*;*;*;*;*;*;*;*;*;*;*;;;;;;;;;;;;;;;;;;;
;Alquiler de equipos de transporte;50.258;47.482;20.015;27.830;100.625;60.930;111.377;73.827;60.180;57.790;393.009;308.303;373.414;250.393;176.847;261.187;222.394;250.991;235.847;;-5,50%;-57,80%;39,00%;261,60%;-39,40%;82,80%;-33,70%;-18,50%;-4,00%;580,10%;-21,60%;21,10%;-32,90%;-29,40%;47,70%;-14,90%;12,90%;-6,00%
;Actividades de agencias de viajes y de otros servicios de reservas;43.436;101.717;49.147;81.257;18.231;15.580;18.372;33.504;80.638;146.795;59.372;97.106;84.214;44.061;49.906;14.736;21.839;35.286;45.468;;134,20%;-51,70%;65,30%;-77,60%;-14,50%;17,90%;82,40%;140,70%;82,00%;-59,60%;63,60%;-13,30%;-47,70%;13,30%;-70,50%;48,20%;61,60%;28,90%
;Actividades culturales;*;*;*;*;22.065;14.785;10.290;0;17.841;28.129;43.076;43.462;184.074;188.615;66.048;76.301;43.320;88.508;253.599;;;;;;-33,00%;-30,40%;-100,00%;;57,70%;53,10%;0,90%;323,50%;2,50%;-65,00%;15,50%;-43,20%;104,30%;186,50%
;Actividades deportivas y recreativas;0;0;0;0;1.827;3.888;21.834;45.449;64.449;17.121;45.797;77.267;99.166;214.173;219.150;223.666;73.791;111.414;92.465;;;;;;112,80%;461,50%;108,20%;41,80%;-73,40%;167,50%;68,70%;28,30%;116,00%;2,30%;2,10%;-67,00%;51,00%;-17,00%
;Comercio al por menor de bienes característicos del turismo;2.408;4.643;2.862;13.356;14.236;20.174;24.349;25.197;17.797;14.842;19.917;35.467;32.371;29.576;18.187;6.499;26.028;27.825;14.337;;92,80%;-38,30%;366,60%;6,60%;41,70%;20,70%;3,50%;-29,40%;-16,60%;34,20%;78,10%;-8,70%;-8,60%;-38,50%;-64,30%;300,50%;6,90%;-48,50%
;Actividades relacionadas con segundos hogares y multipropiedades;2.180.983;2.265.043;2.211.907;3.011.494;2.865.906;3.029.245;2.996.330;2.678.555;3.792.241;5.123.901;7.086.071;7.704.748;7.875.377;9.131.373;7.617.800;6.779.171;4.193.209;5.103.780;4.661.645;;3,90%;-2,30%;36,10%;-4,80%;5,70%;-1,10%;-10,60%;41,60%;35,10%;38,30%;8,70%;2,20%;15,90%;-16,60%;-11,00%;-38,10%;21,70%;-8,70%
1107;Alto Hospicio;26.112;29.139;45.063;55.275;64.050;77.029;130.939;173.614;216.395;237.352;623.476;1.250.192;1.743.087;897.428;764.220;814.454;1.314.875;1.575.757;2.180.523;;11,60%;54,70%;22,70%;15,90%;20,30%;70,00%;32,60%;24,60%;9,70%;162,70%;100,50%;39,40%;-48,50%;-14,80%;6,60%;61,40%;19,80%;38,40%
;Alojamiento turístico;0;*;*;*;*;*;*;*;*;*;*;*;*;*;*;*;*;0;0;;;;;;;;;;;;;;;;;;;
;Actividades de provisión de alimentos y bebidas;14.671;17.626;24.463;26.531;21.593;26.719;48.535;67.568;78.309;86.114;125.607;503.428;551.137;218.950;229.386;195.734;255.218;256.902;339.042;;20,10%;38,80%;8,50%;-18,60%;23,70%;81,60%;39,20%;15,90%;10,00%;45,90%;300,80%;9,50%;-60,30%;4,80%;-14,70%;30,40%;0,70%;32,00%
;Transporte de pasajeros por ferrocarril;0;0;0;0;0;0;0;0;0;0;0;0;0;0;0;0;0;0;0;;;;;;;;;;;;;;;;;;;
;Transporte de pasajeros por carretera;11.441;11.513;20.600;28.745;42.457;50.310;82.404;106.046;118.709;125.949;169.291;319.110;447.728;282.575;293.697;393.454;540.954;871.338;1.125.303;;0,60%;78,90%;39,50%;47,70%;18,50%;63,80%;28,70%;11,90%;6,10%;34,40%;88,50%;40,30%;-36,90%;3,90%;34,00%;37,50%;61,10%;29,10%
;Transporte de pasajeros por agua;0;0;0;0;0;*;0;0;0;0;0;0;0;0;*;0;0;0;0;;;;;;;;;;;;;;;;;;;
;Transporte aéreo de pasajeros;0;0;0;0;0;0;0;0;0;0;0;0;0;0;0;0;0;*;*;;;;;;;;;;;;;;;;;;;
;Alquiler de equipos de transporte;0;*;0;*;*;*;*;*;*;*;63.258;83.509;76.255;8.204;21.242;18.756;40.339;49.921;57.129;;;;;;;;;;;;32,00%;-8,70%;-89,20%;158,90%;-11,70%;115,10%;23,80%;14,40%
;Actividades de agencias de viajes y de otros servicios de reservas;0;0;0;0;0;0;0;0;0;*;*;*;*;*;*;*;*;*;*;;;;;;;;;;;;;;;;;;;
;Actividades culturales;*;*;*;*;*;*;*;*;*;*;*;*;*;2.920;0;0;0;0;0;;;;;;;;;;;;;;;-100,00%;;;;
;Actividades deportivas y recreativas;*;*;*;*;*;*;*;*;*;*;23.063;20.039;20.015;6.574;6.253;4.208;0;1.512;6.421;;;;;;;;;;;;-13,10%;-0,10%;-67,20%;-4,90%;-32,70%;-100,00%;;324,60%
;Comercio al por menor de bienes característicos del turismo;*;*;*;*;*;*;*;*;*;*;*;*;*;1.822;*;*;*;681;1.454;;;;;;;;;;;;;;;;;;;113,50%
;Actividades relacionadas con segundos hogares y multipropiedades;*;*;*;*;*;0;0;0;19.377;25.289;242.256;324.106;647.953;376.384;213.643;202.302;478.364;395.403;651.174;;;;;;;;;;30,50%;858,00%;33,80%;99,90%;-41,90%;-43,20%;-5,30%;136,50%;-17,30%;64,70%
1401;Pozo Almonte;100.249;89.997;61.709;46.349;123.123;36.877;234.219;283.908;254.705;202.933;159.825;100.094;134.785;275.989;454.246;424.367;410.677;668.535;799.682;;-10,20%;-31,40%;-24,90%;165,60%;-70,00%;535,10%;21,20%;-10,30%;-20,30%;-21,20%;-37,40%;34,70%;104,80%;64,60%;-6,60%;-3,20%;62,80%;19,60%
;Alojamiento turístico;0;0;0;0;92.086;0;179.715;214.444;191.241;145.150;59.090;15.415;13.044;99.673;169.512;168.288;229.352;399.628;611.523;;;;;;-100,00%;;19,30%;-10,80%;-24,10%;-59,30%;-73,90%;-15,40%;664,10%;70,10%;-0,70%;36,30%;74,20%;53,00%
;Actividades de provisión de alimentos y bebidas;73.767;71.638;46.573;38.761;28.221;35.616;54.504;69.464;63.464;57.783;100.735;84.679;113.523;174.247;275.698;241.657;172.494;256.434;186.905;;-2,90%;-35,00%;-16,80%;-27,20%;26,20%;53,00%;27,40%;-8,60%;-9,00%;74,30%;-15,90%;34,10%;53,50%;58,20%;-12,30%;-28,60%;48,70%;-27,10%
;Transporte de pasajeros por ferrocarril;0;0;0;0;0;0;0;0;0;0;0;0;0;0;0;0;0;0;0;;;;;;;;;;;;;;;;;;;
;Transporte de pasajeros por carretera;26.481;18.359;15.136;7.587;2.816;1.260;0;0;0;0;0;0;5.359;0;7.159;13.236;7.234;11.444;0;;-30,70%;-17,60%;-49,90%;-62,90%;-55,30%;-100,00%;;;;;;;-100,00%;;84,90%;-45,30%;58,20%;-100,00%
;Transporte de pasajeros por agua;0;0;0;0;0;0;0;0;0;0;0;0;0;0;0;0;0;0;0;;;;;;;;;;;;;;;;;;;
;Transporte aéreo de pasajeros;0;0;0;0;0;0;0;0;0;0;0;0;0;0;0;0;0;0;0;;;;;;;;;;;;;;;;;;;
;Alquiler de equipos de transporte;*;*;*;0;*;*;*;*;*;*;*;*;*;*;*;*;*;*;*;;;;;;;;;;;;;;;;;;;
;Actividades de agencias de viajes y de otros servicios de reservas;0;0;0;*;0;0;0;0;0;0;*;*;*;0;*;0;*;*;*;;;;;;;;;;;;;;;;;;;
;Actividades culturales;0;0;0;0;0;0;0;0;0;0;0;0;0;*;*;*;*;*;*;;;;;;;;;;;;;;;;;;;
;Actividades deportivas y recreativas;0;0;0;0;0;*;*;*;0;0;*;*;*;*;*;*;*;*;*;;;;;;;;;;;;;;;;;;;
;Comercio al por menor de bienes característicos del turismo;*;*;*;*;*;*;*;*;*;*;*;*;2.859;2.070;1.876;1.186;1.599;1.029;1.254;;;;;;;;;;;;;;-27,60%;-9,40%;-36,80%;34,80%;-35,60%;21,90%
;Actividades relacionadas con segundos hogares y multipropiedades;*;*;*;*;*;*;*;*;*;*;0;0;0;0;*;0;0;0;0;;;;;;;;;;;;;;;;;;;
1402;Camiña;*;*;*;*;*;*;*;*;*;*;0;0;*;0;*;0;0;0;0;;;;;;;;;;;;;;;;;;;
;Alojamiento turístico;0;0;0;*;*;*;*;*;*;*;*;*;*;*;0;*;*;0;*;;;;;;;;;;;;;;;;;;;
;Actividades de provisión de alimentos y bebidas;*;*;*;*;*;*;*;*;*;*;*;*;*;*;*;*;*;*;*;;;;;;;;;;;;;;;;;;;
;Transporte de pasajeros por ferrocarril;0;0;0;0;0;0;0;0;0;0;0;0;0;0;0;0;0;0;0;;;;;;;;;;;;;;;;;;;
;Transporte de pasajeros por carretera;0;*;*;*;*;*;*;*;*;*;*;*;*;*;*;*;*;*;*;;;;;;;;;;;;;;;;;;;
;Transporte de pasajeros por agua;0;0;0;0;0;0;0;0;0;0;0;0;0;0;0;0;0;0;0;;;;;;;;;;;;;;;;;;;
;Transporte aéreo de pasajeros;0;0;0;0;0;0;0;0;0;0;0;0;0;0;0;0;0;0;0;;;;;;;;;;;;;;;;;;;
;Alquiler de equipos de transporte;0;0;0;0;0;0;0;0;0;0;0;0;0;0;0;0;0;0;0;;;;;;;;;;;;;;;;;;;
;Actividades de agencias de viajes y de otros servicios de reservas;0;0;0;0;0;0;0;0;0;0;0;0;0;*;*;*;*;*;*;;;;;;;;;;;;;;;;;;;
;Actividades culturales;0;0;0;0;0;0;0;0;0;0;0;0;0;*;0;0;0;0;0;;;;;;;;;;;;;;;;;;;
;Actividades deportivas y recreativas;0;0;0;0;0;0;0;0;0;0;0;0;0;0;0;0;0;0;0;;;;;;;;;;;;;;;;;;;
;Comercio al por menor de bienes característicos del turismo;0;0;0;0;0;0;*;*;*;*;*;*;*;*;*;*;*;*;*;;;;;;;;;;;;;;;;;;;
;Actividades relacionadas con segundos hogares y multipropiedades;0;0;0;0;0;0;0;0;0;0;0;0;0;0;0;0;0;0;0;;;;;;;;;;;;;;;;;;;
1403;Colchane;*;*;*;*;*;*;*;*;*;*;*;*;*;0;0;*;0;0;0;;;;;;;;;;;;;;;;;;;
;Alojamiento turístico;0;0;0;0;0;*;*;*;*;*;0;*;*;*;*;*;*;*;*;;;;;;;;;;;;;;;;;;;
;Actividades de provisión de alimentos y bebidas;*;*;*;*;*;0;0;0;0;0;0;0;*;*;*;*;*;*;*;;;;;;;;;;;;;;;;;;;
;Transporte de pasajeros por ferrocarril;0;0;0;0;0;0;0;0;0;0;0;0;0;0;0;0;0;0;0;;;;;;;;;;;;;;;;;;;
;Transporte de pasajeros por carretera;0;0;*;*;*;*;*;*;*;*;*;*;*;*;*;*;*;0;0;;;;;;;;;;;;;;;;;;;
;Transporte de pasajeros por agua;0;0;0;0;0;0;0;0;0;0;0;0;0;0;0;0;0;0;0;;;;;;;;;;;;;;;;;;;
;Transporte aéreo de pasajeros;0;0;0;0;0;0;0;0;0;0;0;0;0;0;0;0;0;0;0;;;;;;;;;;;;;;;;;;;
;Alquiler de equipos de transporte;0;0;0;0;0;0;0;0;0;0;0;0;0;0;0;0;0;0;0;;;;;;;;;;;;;;;;;;;
;Actividades de agencias de viajes y de otros servicios de reservas;0;0;0;0;0;0;0;0;0;0;0;0;0;0;*;0;*;*;*;;;;;;;;;;;;;;;;;;;
;Actividades culturales;0;0;0;0;0;0;0;0;0;0;0;0;0;0;0;0;0;0;0;;;;;;;;;;;;;;;;;;;
;Actividades deportivas y recreativas;0;0;0;0;0;0;0;0;0;0;0;0;0;0;0;0;0;0;0;;;;;;;;;;;;;;;;;;;
;Comercio al por menor de bienes característicos del turismo;0;*;*;0;*;*;*;*;*;*;*;*;*;*;*;*;*;*;*;;;;;;;;;;;;;;;;;;;
;Actividades relacionadas con segundos hogares y multipropiedades;0;0;0;0;0;0;0;0;0;0;0;0;0;0;0;0;0;0;0;;;;;;;;;;;;;;;;;;;
1404;Huara;0;4.730;0;0;0;0;0;0;0;0;0;0;12.822;13.074;13.923;11.674;8.425;13.422;12.694;;;-100,00%;;;;;;;;;;;2,00%;6,50%;-16,10%;-27,80%;59,30%;-5,40%
;Alojamiento turístico;*;*;*;*;*;*;*;*;*;*;*;*;*;*;*;*;0;*;*;;;;;;;;;;;;;;;;;;;
;Actividades de provisión de alimentos y bebidas;*;4.730;0;0;0;0;0;0;0;0;0;0;12.822;13.074;13.923;11.674;8.425;13.422;12.694;;;-100,00%;;;;;;;;;;;2,00%;6,50%;-16,10%;-27,80%;59,30%;-5,40%
;Transporte de pasajeros por ferrocarril;0;0;0;0;0;0;0;0;0;0;0;0;0;0;0;0;0;0;0;;;;;;;;;;;;;;;;;;;
;Transporte de pasajeros por carretera;0;0;0;0;*;*;*;*;*;*;*;*;*;*;*;*;*;*;*;;;;;;;;;;;;;;;;;;;
;Transporte de pasajeros por agua;0;0;0;0;0;0;0;0;0;0;*;*;0;0;0;0;0;0;0;;;;;;;;;;;;;;;;;;;
;Transporte aéreo de pasajeros;0;0;0;0;0;0;0;0;0;0;0;0;0;0;0;0;0;0;0;;;;;;;;;;;;;;;;;;;
;Alquiler de equipos de transporte;0;0;0;0;*;*;*;*;*;0;0;0;0;0;0;0;0;*;*;;;;;;;;;;;;;;;;;;;
;Actividades de agencias de viajes y de otros servicios de reservas;0;0;0;0;0;0;0;0;0;0;0;0;0;0;*;*;*;*;*;;;;;;;;;;;;;;;;;;;
;Actividades culturales;0;0;0;0;0;0;0;0;0;0;0;0;0;0;0;0;0;*;*;;;;;;;;;;;;;;;;;;;
;Actividades deportivas y recreativas;0;0;0;0;0;0;0;0;0;0;0;*;*;*;0;0;0;0;0;;;;;;;;;;;;;;;;;;;
;Comercio al por menor de bienes característicos del turismo;0;0;0;0;0;0;0;0;0;0;*;0;0;0;0;0;0;0;0;;;;;;;;;;;;;;;;;;;
;Actividades relacionadas con segundos hogares y multipropiedades;0;0;0;0;*;*;*;*;*;*;*;*;*;*;*;*;*;*;*;;;;;;;;;;;;;;;;;;;
1405;Pica;0;5.264;3.831;5.005;15.648;16.865;28.579;17.526;18.234;25.846;33.100;38.651;53.787;75.192;98.087;65.221;76.988;123.042;314.671;;;-27,20%;30,60%;212,70%;7,80%;69,50%;-38,70%;4,00%;41,70%;28,10%;16,80%;39,20%;39,80%;30,40%;-33,50%;18,00%;59,80%;155,70%
;Alojamiento turístico;*;0;0;0;10.280;8.283;15.846;0;5.414;12.613;12.634;15.630;20.977;23.706;71.390;48.737;58.944;94.480;276.506;;;;;;-19,40%;91,30%;-100,00%;;133,00%;0,20%;23,70%;34,20%;13,00%;201,10%;-31,70%;20,90%;60,30%;192,70%
;Actividades de provisión de alimentos y bebidas;*;5.264;3.831;5.005;5.367;8.582;12.733;17.526;12.820;13.233;16.729;19.814;24.838;45.189;26.697;16.484;18.044;28.563;38.165;;;-27,20%;30,60%;7,20%;59,90%;48,40%;37,60%;-26,90%;3,20%;26,40%;18,40%;25,40%;81,90%;-40,90%;-38,30%;9,50%;58,30%;33,60%
;Transporte de pasajeros por ferrocarril;0;0;0;0;0;0;0;0;0;0;0;0;0;0;0;0;0;0;0;;;;;;;;;;;;;;;;;;;
;Transporte de pasajeros por carretera;*;*;*;*;*;*;*;0;*;0;3.737;3.207;7.972;6.297;0;0;0;*;*;;;;;;;;;;;;-14,20%;148,60%;-21,00%;-100,00%;;;;
;Transporte de pasajeros por agua;0;0;0;0;0;0;0;0;0;0;0;0;0;0;0;0;0;0;0;;;;;;;;;;;;;;;;;;;
;Transporte aéreo de pasajeros;0;0;0;0;0;0;0;0;0;0;0;0;0;0;0;0;0;0;0;;;;;;;;;;;;;;;;;;;
;Alquiler de equipos de transporte;0;0;0;0;0;0;0;0;0;0;*;*;*;*;*;*;*;*;*;;;;;;;;;;;;;;;;;;;
;Actividades de agencias de viajes y de otros servicios de reservas;*;0;0;0;0;0;0;0;0;0;0;0;0;*;*;*;*;*;*;;;;;;;;;;;;;;;;;;;
;Actividades culturales;0;0;0;0;0;0;0;0;0;*;*;*;*;*;*;*;*;*;*;;;;;;;;;;;;;;;;;;;
;Actividades deportivas y recreativas;0;0;0;0;0;0;0;0;*;*;*;*;*;*;*;*;0;0;*;;;;;;;;;;;;;;;;;;;
;Comercio al por menor de bienes característicos del turismo;*;*;*;*;*;*;*;*;*;*;*;*;*;*;*;*;*;*;*;;;;;;;;;;;;;;;;;;;
;Actividades relacionadas con segundos hogares y multipropiedades;*;*;*;*;*;*;*;*;*;*;*;*;0;0;*;*;*;*;*;;;;;;;;;;;;;;;;;;;
Región de Antofagasta;;5.678.772;6.395.206;7.473.217;9.213.039;10.561.263;11.046.296;15.169.523;19.132.588;20.765.986;21.388.032;31.581.488;31.495.431;26.665.436;21.217.389;20.489.456;17.781.385;22.858.668;24.407.909;26.089.313;;12,60%;16,90%;23,30%;14,60%;4,60%;37,30%;26,10%;8,50%;3,00%;47,70%;-0,30%;-15,30%;-20,40%;-3,40%;-13,20%;28,60%;6,80%;6,90%
2101;Antofagasta;3.805.115;4.392.038;5.205.102;6.501.552;7.790.896;8.093.637;11.139.996;13.825.501;15.159.744;15.570.789;21.045.386;22.126.932;17.350.759;13.499.908;12.852.156;12.061.393;15.467.632;16.208.750;16.515.006;;15,40%;18,50%;24,90%;19,80%;3,90%;37,60%;24,10%;9,70%;2,70%;35,20%;5,10%;-21,60%;-22,20%;-4,80%;-6,20%;28,20%;4,80%;1,90%
;Alojamiento turístico;380.798;257.590;637.673;827.734;1.368.713;1.514.410;1.806.804;1.534.129;1.294.188;1.896.660;1.172.624;863.138;505.439;1.179.562;1.357.749;1.183.927;1.559.422;1.784.486;2.007.809;;-32,40%;147,60%;29,80%;65,40%;10,60%;19,30%;-15,10%;-15,60%;46,60%;-38,20%;-26,40%;-41,40%;133,40%;15,10%;-12,80%;31,70%;14,40%;12,50%
;Actividades de provisión de alimentos y bebidas;1.155.289;1.332.558;1.195.813;1.330.593;1.324.757;1.523.311;1.685.870;1.954.708;2.742.628;2.519.789;3.413.799;3.497.857;3.268.169;3.623.159;3.554.172;2.226.614;3.681.412;4.339.664;4.696.377;;15,30%;-10,30%;11,30%;-0,40%;15,00%;10,70%;15,90%;40,30%;-8,10%;35,50%;2,50%;-6,60%;10,90%;-1,90%;-37,40%;65,30%;17,90%;8,20%
;Transporte de pasajeros por ferrocarril;0;0;*;*;*;*;*;*;*;*;*;*;0;0;0;0;0;0;0;;;;;;;;;;;;;;;;;;;
;Transporte de pasajeros por carretera;187.137;231.984;298.214;976.447;616.387;910.947;2.581.975;4.494.387;4.747.326;3.924.159;3.472.956;2.284.864;2.143.222;1.690.595;1.812.329;2.363.589;2.408.020;2.349.986;2.630.228;;24,00%;28,50%;227,40%;-36,90%;47,80%;183,40%;74,10%;5,60%;-17,30%;-11,50%;-34,20%;-6,20%;-21,10%;7,20%;30,40%;1,90%;-2,40%;11,90%
;Transporte de pasajeros por agua;*;*;*;*;*;*;*;*;*;*;*;*;*;*;*;*;*;*;*;;;;;;;;;;;;;;;;;;;
;Transporte aéreo de pasajeros;0;0;*;0;*;*;*;0;0;0;0;0;0;0;*;*;*;0;0;;;;;;;;;;;;;;;;;;;
;Alquiler de equipos de transporte;473.629;494.512;331.359;397.149;386.538;400.326;493.739;664.599;562.993;774.244;2.821.289;2.867.891;2.446.731;813.230;759.007;686.772;1.062.389;1.025.696;980.437;;4,40%;-33,00%;19,90%;-2,70%;3,60%;23,30%;34,60%;-15,30%;37,50%;264,40%;1,70%;-14,70%;-66,80%;-6,70%;-9,50%;54,70%;-3,50%;-4,40%
;Actividades de agencias de viajes y de otros servicios de reservas;*;*;*;*;39.999;46.276;*;54.751;65.222;64.415;32.584;36.494;35.067;39.526;32.255;9.696;17.354;29.507;35.952;;;;;;15,70%;;;19,10%;-1,20%;-49,40%;12,00%;-3,90%;12,70%;-18,40%;-69,90%;79,00%;70,00%;21,80%
;Actividades culturales;*;*;*;*;*;0;34.809;62.460;16.848;19.907;43.373;74.511;52.521;65.055;99.628;44.171;47.812;101.347;149.592;;;;;;;;79,40%;-73,00%;18,20%;117,90%;71,80%;-29,50%;23,90%;53,10%;-55,70%;8,20%;112,00%;47,60%
;Actividades deportivas y recreativas;4.627;4.206;6.944;13.245;12.807;26.192;40.942;46.409;64.335;22.186;160.839;193.139;245.106;431.248;513.829;213.227;195.883;512.582;523.341;;-9,10%;65,10%;90,70%;-3,30%;104,50%;56,30%;13,40%;38,60%;-65,50%;625,00%;20,10%;26,90%;75,90%;19,10%;-58,50%;-8,10%;161,70%;2,10%
;Comercio al por menor de bienes característicos del turismo;26.634;34.886;10.351;11.918;14.497;12.509;15.079;15.511;20.545;26.269;35.862;22.106;30.429;17.422;7.353;5.388;4.511;7.359;16.919;;31,00%;-70,30%;15,10%;21,60%;-13,70%;20,50%;2,90%;32,50%;27,90%;36,50%;-38,40%;37,60%;-42,70%;-57,80%;-26,70%;-16,30%;63,10%;129,90%
;Actividades relacionadas con segundos hogares y multipropiedades;1.577.002;2.036.303;2.724.748;2.944.467;4.027.198;3.659.665;4.480.779;4.998.548;5.645.658;6.323.160;9.892.060;12.286.932;8.624.075;5.640.111;4.715.833;5.328.008;6.490.829;6.058.123;5.474.350;;29,10%;33,80%;8,10%;36,80%;-9,10%;22,40%;11,60%;12,90%;12,00%;56,40%;24,20%;-29,80%;-34,60%;-16,40%;13,00%;21,80%;-6,70%;-9,60%
2102;Mejillones;13.668;15.592;12.973;66.156;98.323;131.162;95.687;111.679;163.894;221.860;751.511;601.148;543.192;404.097;337.858;313.357;300.777;221.026;301.347;;14,10%;-16,80%;410,00%;48,60%;33,40%;-27,00%;16,70%;46,80%;35,40%;238,70%;-20,00%;-9,60%;-25,60%;-16,40%;-7,30%;-4,00%;-26,50%;36,30%
;Alojamiento turístico;*;*;0;48.327;47.705;54.861;36.242;48.817;101.644;152.998;67.111;0;41.068;35.935;34.046;20.721;20.687;15.630;20.310;;;;;-1,30%;15,00%;-33,90%;34,70%;108,20%;50,50%;-56,10%;-100,00%;;-12,50%;-5,30%;-39,10%;-0,20%;-24,40%;29,90%
;Actividades de provisión de alimentos y bebidas;13.668;15.592;12.973;14.792;28.953;52.520;34.705;35.953;37.240;24.451;409.377;299.421;262.086;285.018;243.134;237.623;215.823;161.978;201.215;;14,10%;-16,80%;14,00%;95,70%;81,40%;-33,90%;3,60%;3,60%;-34,30%;1574,30%;-26,90%;-12,50%;8,70%;-14,70%;-2,30%;-9,20%;-24,90%;24,20%
;Transporte de pasajeros por ferrocarril;0;0;0;0;0;0;0;0;0;0;0;0;0;0;0;0;0;0;0;;;;;;;;;;;;;;;;;;;
;Transporte de pasajeros por carretera;*;*;0;3.037;21.665;23.780;24.740;26.910;25.010;44.410;15.776;27.248;32.750;83.144;60.678;55.014;64.267;43.418;75.671;;;;;613,40%;9,80%;4,00%;8,80%;-7,10%;77,60%;-64,50%;72,70%;20,20%;153,90%;-27,00%;-9,30%;16,80%;-32,40%;74,30%
;Transporte de pasajeros por agua;0;0;*;0;0;0;0;0;0;0;0;0;*;*;*;*;*;*;*;;;;;;;;;;;;;;;;;;;
;Transporte aéreo de pasajeros;0;0;0;0;0;0;0;0;0;0;0;0;0;0;0;0;0;0;0;;;;;;;;;;;;;;;;;;;
;Alquiler de equipos de transporte;*;*;0;*;*;*;*;*;*;*;208.700;232.955;182.946;*;*;*;*;*;*;;;;;;;;;;;;11,60%;-21,50%;;;;;;
;Actividades de agencias de viajes y de otros servicios de reservas;0;0;0;0;0;0;0;0;0;0;0;*;0;0;0;0;*;*;*;;;;;;;;;;;;;;;;;;;
;Actividades culturales;0;0;0;0;0;0;0;0;0;0;0;0;0;0;0;0;*;*;*;;;;;;;;;;;;;;;;;;;
;Actividades deportivas y recreativas;*;*;*;*;*;*;*;*;*;*;*;*;*;*;*;*;*;*;*;;;;;;;;;;;;;;;;;;;
;Comercio al por menor de bienes característicos del turismo;*;*;*;*;*;*;*;*;*;*;*;*;*;*;*;*;*;*;0;;;;;;;;;;;;;;;;;;;
;Actividades relacionadas con segundos hogares y multipropiedades;*;*;*;*;*;*;*;*;*;*;50.548;41.524;24.341;0;0;*;0;0;4.150;;;;;;;;;;;;-17,90%;-41,40%;-100,00%;;;;;
2103;Sierra Gorda;0;0;0;0;0;0;0;0;0;0;24.585;21.190;25.603;64.875;128.080;86.961;161.149;175.228;153.164;;;;;;;;;;;;-13,80%;20,80%;153,40%;97,40%;-32,10%;85,30%;8,70%;-12,60%
;Alojamiento turístico;0;0;*;*;*;*;*;*;*;*;*;0;*;0;0;*;0;0;0;;;;;;;;;;;;;;;;;;;
;Actividades de provisión de alimentos y bebidas;0;0;0;0;0;*;*;*;*;*;24.585;21.190;25.603;64.875;128.080;86.961;161.149;175.228;153.164;;;;;;;;;;;;-13,80%;20,80%;153,40%;97,40%;-32,10%;85,30%;8,70%;-12,60%
;Transporte de pasajeros por ferrocarril;0;0;0;0;0;0;0;0;0;0;0;0;0;0;0;0;0;0;0;;;;;;;;;;;;;;;;;;;
;Transporte de pasajeros por carretera;0;0;0;0;0;0;0;0;0;*;*;*;*;*;*;*;*;*;*;;;;;;;;;;;;;;;;;;;
;Transporte de pasajeros por agua;0;0;0;0;0;0;0;0;0;0;0;0;0;0;0;0;0;0;0;;;;;;;;;;;;;;;;;;;
;Transporte aéreo de pasajeros;0;0;0;0;0;0;0;0;0;0;0;0;0;0;0;0;0;0;0;;;;;;;;;;;;;;;;;;;
;Alquiler de equipos de transporte;0;0;0;0;0;0;0;0;0;0;0;0;0;0;0;0;0;0;0;;;;;;;;;;;;;;;;;;;
;Actividades de agencias de viajes y de otros servicios de reservas;0;0;0;0;0;0;0;0;0;0;0;0;0;0;0;*;*;*;0;;;;;;;;;;;;;;;;;;;
;Actividades culturales;0;0;0;0;0;0;0;0;0;0;0;*;0;0;0;0;0;*;*;;;;;;;;;;;;;;;;;;;
;Actividades deportivas y recreativas;0;0;0;0;0;0;0;0;0;*;*;*;*;*;*;*;*;*;*;;;;;;;;;;;;;;;;;;;
;Comercio al por menor de bienes característicos del turismo;0;0;0;0;0;0;0;0;0;0;0;0;*;*;0;0;0;0;0;;;;;;;;;;;;;;;;;;;
;Actividades relacionadas con segundos hogares y multipropiedades;*;*;0;0;0;*;*;*;*;*;0;0;*;*;0;0;0;0;*;;;;;;;;;;;;;;;;;;;
2104;Taltal;23.949;28.493;17.885;49.694;38.416;46.038;59.005;70.077;70.007;98.250;105.291;143.952;179.944;137.313;139.012;112.323;179.984;211.233;238.841;;19,00%;-37,20%;177,90%;-22,70%;19,80%;28,20%;18,80%;-0,10%;40,30%;7,20%;36,70%;25,00%;-23,70%;1,20%;-19,20%;60,20%;17,40%;13,10%
;Alojamiento turístico;*;*;*;0;0;0;0;0;0;10.506;14.424;17.763;22.289;53.501;41.768;43.179;58.814;75.756;104.419;;;;;;;;;;;37,30%;23,20%;25,50%;140,00%;-21,90%;3,40%;36,20%;28,80%;37,80%
;Actividades de provisión de alimentos y bebidas;23.779;28.317;17.289;48.253;37.700;45.210;58.897;70.077;70.007;87.744;86.607;96.887;111.349;83.812;97.244;69.145;121.171;135.477;109.493;;19,10%;-38,90%;179,10%;-21,90%;19,90%;30,30%;19,00%;-0,10%;25,30%;-1,30%;11,90%;14,90%;-24,70%;16,00%;-28,90%;75,20%;11,80%;-19,20%
;Transporte de pasajeros por ferrocarril;0;0;0;0;0;0;0;0;0;0;0;0;0;0;0;0;0;0;0;;;;;;;;;;;;;;;;;;;
;Transporte de pasajeros por carretera;170;176;596;1.441;716;828;108;0;0;0;4.260;16.938;25.905;0;0;0;0;0;0;;3,40%;238,20%;141,90%;-50,30%;15,60%;-87,00%;-100,00%;;;;297,60%;52,90%;-100,00%;;;;;
;Transporte de pasajeros por agua;0;0;0;0;0;0;0;0;0;0;0;0;0;0;0;0;0;0;0;;;;;;;;;;;;;;;;;;;
;Transporte aéreo de pasajeros;0;0;0;0;0;0;0;0;0;0;0;0;0;0;0;0;0;0;0;;;;;;;;;;;;;;;;;;;
;Alquiler de equipos de transporte;*;*;0;0;0;*;*;*;*;*;*;12.364;*;*;*;*;*;*;*;;;;;;;;;;;;;;;;;;;
;Actividades de agencias de viajes y de otros servicios de reservas;0;0;0;0;0;0;0;0;0;0;*;*;*;0;*;*;*;*;*;;;;;;;;;;;;;;;;;;;
;Actividades culturales;0;0;0;0;0;0;0;*;0;0;*;0;0;0;*;*;*;*;*;;;;;;;;;;;;;;;;;;;
;Actividades deportivas y recreativas;0;0;*;*;*;0;0;0;*;*;*;*;*;*;*;*;*;*;*;;;;;;;;;;;;;;;;;;;
;Comercio al por menor de bienes característicos del turismo;0;0;*;*;*;*;*;*;*;0;0;0;0;*;*;*;*;*;0;;;;;;;;;;;;;;;;;;;
;Actividades relacionadas con segundos hogares y multipropiedades;0;0;0;*;0;*;*;0;0;*;0;0;20.400;0;0;0;0;0;24.929;;;;;;;;;;;;;;-100,00%;;;;;
2201;Calama;1.574.437;1.683.482;1.981.626;2.245.108;2.230.002;2.334.999;3.326.498;4.529.564;4.662.305;4.700.814;8.326.410;7.399.044;7.318.380;5.424.307;5.215.306;4.371.861;5.786.474;6.160.997;6.830.754;;6,90%;17,70%;13,30%;-0,70%;4,70%;42,50%;36,20%;2,90%;0,80%;77,10%;-11,10%;-1,10%;-25,90%;-3,90%;-16,20%;32,40%;6,50%;10,90%
;Alojamiento turístico;191.201;205.189;368.037;468.868;445.969;538.161;818.611;1.283.869;1.283.886;1.286.694;914.941;699.729;569.541;831.444;1.191.229;1.001.532;1.289.541;1.420.709;1.539.524;;7,30%;79,40%;27,40%;-4,90%;20,70%;52,10%;56,80%;0,00%;0,20%;-28,90%;-23,50%;-18,60%;46,00%;43,30%;-15,90%;28,80%;10,20%;8,40%
;Actividades de provisión de alimentos y bebidas;716.137;763.069;689.575;783.249;742.157;824.048;904.143;984.592;1.124.513;1.128.078;1.493.078;1.398.617;1.447.950;1.735.423;1.882.598;1.320.396;2.088.893;2.498.805;2.518.463;;6,60%;-9,60%;13,60%;-5,20%;11,00%;9,70%;8,90%;14,20%;0,30%;32,40%;-6,30%;3,50%;19,90%;8,50%;-29,90%;58,20%;19,60%;0,80%
;Transporte de pasajeros por ferrocarril;0;0;0;0;0;0;*;0;0;0;0;0;0;0;0;0;0;0;0;;;;;;;;;;;;;;;;;;;
;Transporte de pasajeros por carretera;218.221;259.280;489.615;585.642;585.087;576.706;1.013.976;1.637.262;1.564.614;1.428.665;2.114.363;1.811.486;1.830.492;959.093;955.445;957.150;1.297.567;1.342.661;1.444.835;;18,80%;88,80%;19,60%;-0,10%;-1,40%;75,80%;61,50%;-4,40%;-8,70%;48,00%;-14,30%;1,00%;-47,60%;-0,40%;0,20%;35,60%;3,50%;7,60%
;Transporte de pasajeros por agua;0;0;0;0;*;*;0;0;0;0;0;0;0;0;0;0;0;0;0;;;;;;;;;;;;;;;;;;;
;Transporte aéreo de pasajeros;0;0;0;0;0;0;0;0;0;*;*;0;0;0;0;0;0;0;0;;;;;;;;;;;;;;;;;;;
;Alquiler de equipos de transporte;238.351;260.138;92.129;90.586;142.645;42.346;126.747;71.603;123.540;202.036;1.546.418;1.454.336;1.567.791;1.002.904;303.500;451.301;405.773;334.238;486.977;;9,10%;-64,60%;-1,70%;57,50%;-70,30%;199,30%;-43,50%;72,50%;63,50%;665,40%;-6,00%;7,80%;-36,00%;-69,70%;48,70%;-10,10%;-17,60%;45,70%
;Actividades de agencias de viajes y de otros servicios de reservas;61.125;23.063;23.692;22.102;40.369;*;*;*;*;*;15.800;40.694;31.832;11.872;19.878;9.032;7.089;15.106;44.684;;-62,30%;2,70%;-6,70%;82,70%;;;;;;;157,60%;-21,80%;-62,70%;67,40%;-54,60%;-21,50%;113,10%;195,80%
;Actividades culturales;*;*;*;*;*;*;*;*;*;*;11.677;0;0;3.117;11.797;0;0;0;0;;;;;;;;;;;;-100,00%;;;278,50%;-100,00%;;;
;Actividades deportivas y recreativas;0;0;0;0;0;0;0;0;0;*;35.256;30.822;54.027;23.926;62.950;25.992;25.551;42.355;78.888;;;;;;;;;;;;-12,60%;75,30%;-55,70%;163,10%;-58,70%;-1,70%;65,80%;86,30%
;Comercio al por menor de bienes característicos del turismo;26.920;28.819;10.906;11.172;9.938;12.476;12.832;11.892;16.167;15.746;12.591;12.942;12.283;11.731;13.544;8.791;12.343;16.944;13.865;;7,10%;-62,20%;2,40%;-11,00%;25,50%;2,90%;-7,30%;36,00%;-2,60%;-20,00%;2,80%;-5,10%;-4,50%;15,50%;-35,10%;40,40%;37,30%;-18,20%
;Actividades relacionadas con segundos hogares y multipropiedades;122.483;143.925;307.671;283.489;263.836;341.263;450.190;540.346;549.585;639.596;2.182.285;1.950.419;1.804.465;844.796;774.365;597.667;659.718;490.180;703.519;;17,50%;113,80%;-7,90%;-6,90%;29,30%;31,90%;20,00%;1,70%;16,40%;241,20%;-10,60%;-7,50%;-53,20%;-8,30%;-22,80%;10,40%;-25,70%;43,50%
2202;Ollagüe;*;*;0;*;*;*;*;0;0;0;*;*;*;*;*;*;*;*;*;;;;;;;;;;;;;;;;;;;
;Alojamiento turístico;0;0;0;*;*;*;*;0;0;0;0;*;*;*;*;*;*;*;*;;;;;;;;;;;;;;;;;;;
;Actividades de provisión de alimentos y bebidas;0;0;0;0;0;0;0;0;0;0;0;*;*;*;*;*;*;*;*;;;;;;;;;;;;;;;;;;;
;Transporte de pasajeros por ferrocarril;0;0;0;0;0;0;0;0;0;0;0;0;0;0;0;0;0;0;0;;;;;;;;;;;;;;;;;;;
;Transporte de pasajeros por carretera;0;0;0;0;0;0;0;0;0;0;*;*;*;*;*;*;*;0;0;;;;;;;;;;;;;;;;;;;
;Transporte de pasajeros por agua;0;0;0;0;0;0;0;0;0;0;0;0;0;0;0;0;0;0;0;;;;;;;;;;;;;;;;;;;
;Transporte aéreo de pasajeros;0;0;0;0;0;0;0;0;0;0;0;0;0;0;0;0;0;0;0;;;;;;;;;;;;;;;;;;;
;Alquiler de equipos de transporte;0;0;0;0;0;0;0;0;0;0;0;0;0;0;0;0;0;0;0;;;;;;;;;;;;;;;;;;;
;Actividades de agencias de viajes y de otros servicios de reservas;0;0;0;0;0;0;0;0;0;0;0;0;*;*;*;0;0;*;0;;;;;;;;;;;;;;;;;;;
;Actividades culturales;0;0;0;0;0;0;0;0;0;0;0;0;0;0;0;*;*;*;*;;;;;;;;;;;;;;;;;;;
;Actividades deportivas y recreativas;0;0;0;0;0;0;0;0;0;0;0;0;0;0;0;0;0;0;0;;;;;;;;;;;;;;;;;;;
;Comercio al por menor de bienes característicos del turismo;*;*;0;0;0;0;0;0;0;0;0;0;0;0;0;*;*;*;*;;;;;;;;;;;;;;;;;;;
;Actividades relacionadas con segundos hogares y multipropiedades;0;0;0;0;0;0;0;0;0;0;0;0;0;0;0;0;0;0;0;;;;;;;;;;;;;;;;;;;
2203;San Pedro de Atacama;182.121;185.854;160.088;194.978;261.108;293.789;390.514;412.187;457.989;562.377;796.477;939.208;1.004.690;1.339.490;1.499.172;529.699;579.164;1.079.949;1.514.074;;2,00%;-13,90%;21,80%;33,90%;12,50%;32,90%;5,50%;11,10%;22,80%;41,60%;17,90%;7,00%;33,30%;11,90%;-64,70%;9,30%;86,50%;40,20%
;Alojamiento turístico;37.747;74.725;59.872;92.095;116.100;124.890;196.990;177.575;214.606;293.791;239.005;195.210;242.965;575.412;699.597;292.699;266.878;515.465;744.688;;98,00%;-19,90%;53,80%;26,10%;7,60%;57,70%;-9,90%;20,90%;36,90%;-18,60%;-18,30%;24,50%;136,80%;21,60%;-58,20%;-8,80%;93,10%;44,50%
;Actividades de provisión de alimentos y bebidas;90.244;71.349;67.102;68.728;83.435;87.198;70.320;86.042;75.270;69.421;152.454;201.665;208.733;262.724;389.660;123.016;191.273;296.310;367.813;;-20,90%;-6,00%;2,40%;21,40%;4,50%;-19,40%;22,40%;-12,50%;-7,80%;119,60%;32,30%;3,50%;25,90%;48,30%;-68,40%;55,50%;54,90%;24,10%
;Transporte de pasajeros por ferrocarril;0;0;0;0;0;0;0;0;0;0;0;0;0;0;0;0;0;0;0;;;;;;;;;;;;;;;;;;;
;Transporte de pasajeros por carretera;*;*;*;*;0;0;6.608;28.709;31.026;35.984;81.917;93.831;114.988;145.159;133.046;36.593;41.499;74.916;94.611;;;;;;;;334,50%;8,10%;16,00%;127,70%;14,50%;22,50%;26,20%;-8,30%;-72,50%;13,40%;80,50%;26,30%
;Transporte de pasajeros por agua;0;0;0;0;0;0;0;0;0;0;0;0;0;0;0;0;0;0;0;;;;;;;;;;;;;;;;;;;
;Transporte aéreo de pasajeros;0;0;0;0;0;0;0;0;0;0;0;*;0;0;0;0;0;0;0;;;;;;;;;;;;;;;;;;;
;Alquiler de equipos de transporte;*;*;0;*;*;*;*;*;0;0;*;*;*;*;*;13.241;*;*;*;;;;;;;;;;;;;;;;;;;
;Actividades de agencias de viajes y de otros servicios de reservas;20.092;*;*;*;19.757;25.242;19.199;18.437;17.539;18.658;40.455;127.266;145.566;205.777;194.289;40.128;43.090;121.229;226.694;;;;;;27,80%;-23,90%;-4,00%;-4,90%;6,40%;116,80%;214,60%;14,40%;41,40%;-5,60%;-79,30%;7,40%;181,30%;87,00%
;Actividades culturales;0;0;0;*;*;0;*;0;0;0;*;*;*;*;*;*;*;*;*;;;;;;;;;;;;;;;;;;;
;Actividades deportivas y recreativas;*;*;*;*;*;*;0;0;0;0;*;0;0;*;0;*;*;*;0;;;;;;;;;;;;;;;;;;;
;Comercio al por menor de bienes característicos del turismo;34.038;39.780;33.113;34.156;41.815;56.459;97.398;101.423;119.548;144.524;113.226;133.618;86.408;107.813;50.583;8.841;16.825;41.328;42.946;;16,90%;-16,80%;3,10%;22,40%;35,00%;72,50%;4,10%;17,90%;20,90%;-21,70%;18,00%;-35,30%;24,80%;-53,10%;-82,50%;90,30%;145,60%;3,90%
;Actividades relacionadas con segundos hogares y multipropiedades;*;*;*;*;*;0;0;0;0;0;169.420;187.617;206.031;42.605;31.996;15.181;19.599;30.701;37.322;;;;;;;;;;;;10,70%;9,80%;-79,30%;-24,90%;-52,60%;29,10%;56,60%;21,60%
2301;Tocopilla;68.441;78.430;84.555;141.544;125.985;126.117;138.083;162.101;220.911;211.433;496.948;227.316;205.684;306.777;270.323;267.047;339.965;288.761;422.957;;14,60%;7,80%;67,40%;-11,00%;0,10%;9,50%;17,40%;36,30%;-4,30%;135,00%;-54,30%;-9,50%;49,10%;-11,90%;-1,20%;27,30%;-15,10%;46,50%
;Alojamiento turístico;0;0;14.225;30.576;28.324;40.207;45.659;57.427;79.242;78.895;176.928;0;0;110.021;63.955;80.544;61.535;33.660;59.638;;;;114,90%;-7,40%;42,00%;13,60%;25,80%;38,00%;-0,40%;124,30%;-100,00%;;;-41,90%;25,90%;-23,60%;-45,30%;77,20%
;Actividades de provisión de alimentos y bebidas;65.017;74.909;65.647;105.489;88.758;75.363;76.768;67.920;93.623;82.033;153.239;130.297;108.941;128.459;173.554;147.906;191.134;200.550;220.464;;15,20%;-12,40%;60,70%;-15,90%;-15,10%;1,90%;-11,50%;37,80%;-12,40%;86,80%;-15,00%;-16,40%;17,90%;35,10%;-14,80%;29,20%;4,90%;9,90%
;Transporte de pasajeros por ferrocarril;0;0;0;0;0;0;0;0;0;0;0;0;0;0;0;0;0;0;0;;;;;;;;;;;;;;;;;;;
;Transporte de pasajeros por carretera;3.424;3.521;4.683;5.480;8.903;10.547;15.656;27.808;48.046;40.951;54.896;18.368;34.457;7.841;7.274;6.630;4.739;4.058;8.252;;2,80%;33,00%;17,00%;62,50%;18,50%;48,40%;77,60%;72,80%;-14,80%;34,10%;-66,50%;87,60%;-77,20%;-7,20%;-8,90%;-28,50%;-14,40%;103,40%
;Transporte de pasajeros por agua;0;0;*;*;*;*;*;*;*;*;*;0;0;*;*;0;0;0;0;;;;;;;;;;;;;;;;;;;
;Transporte aéreo de pasajeros;*;*;0;0;0;0;0;0;0;0;0;0;0;0;0;0;0;0;0;;;;;;;;;;;;;;;;;;;
;Alquiler de equipos de transporte;*;*;*;*;*;*;*;*;*;*;87.508;45.757;32.881;22.056;12.162;*;8.668;11.953;11.776;;;;;;;;;;;;-47,70%;-28,10%;-32,90%;-44,90%;;;37,90%;-1,50%
;Actividades de agencias de viajes y de otros servicios de reservas;0;0;*;*;*;*;*;*;*;*;0;0;0;*;*;0;*;*;*;;;;;;;;;;;;;;;;;;;
;Actividades culturales;0;0;*;0;*;0;0;0;0;0;*;*;*;*;*;*;*;*;*;;;;;;;;;;;;;;;;;;;
;Actividades deportivas y recreativas;*;*;*;*;*;*;*;*;*;*;*;*;*;0;*;*;*;*;*;;;;;;;;;;;;;;;;;;;
;Comercio al por menor de bienes característicos del turismo;*;*;*;*;*;*;*;*;*;*;*;*;*;*;*;*;0;*;*;;;;;;;;;;;;;;;;;;;
;Actividades relacionadas con segundos hogares y multipropiedades;*;*;*;*;*;*;*;8.947;0;9.554;24.376;32.894;29.405;38.400;13.377;31.968;73.888;38.541;122.826;;;;;;;;;-100,00%;;155,10%;34,90%;-10,60%;30,60%;-65,20%;139,00%;131,10%;-47,80%;218,70%
2302;María Elena;11.041;11.317;10.989;14.006;16.535;20.555;19.740;21.479;31.135;22.508;34.880;36.642;37.184;40.622;47.550;38.744;43.522;61.965;113.171;;2,50%;-2,90%;27,40%;18,10%;24,30%;-4,00%;8,80%;45,00%;-27,70%;55,00%;5,10%;1,50%;9,20%;17,10%;-18,50%;12,30%;42,40%;82,60%
;Alojamiento turístico;*;*;*;*;0;0;*;*;*;*;*;*;*;*;*;*;*;*;*;;;;;;;;;;;;;;;;;;;
;Actividades de provisión de alimentos y bebidas;11.041;9.898;10.989;11.832;16.535;20.555;19.740;21.479;31.135;22.508;34.880;36.642;37.184;40.622;47.550;38.744;43.522;61.965;113.171;;-10,40%;11,00%;7,70%;39,70%;24,30%;-4,00%;8,80%;45,00%;-27,70%;55,00%;5,10%;1,50%;9,20%;17,10%;-18,50%;12,30%;42,40%;82,60%
;Transporte de pasajeros por ferrocarril;0;0;0;0;0;0;0;0;0;0;0;0;0;0;0;0;0;0;0;;;;;;;;;;;;;;;;;;;
;Transporte de pasajeros por carretera;*;1.419;*;2.173;*;*;0;*;0;*;*;*;0;0;*;*;*;*;*;;;;;;;;;;;;;;;;;;;
;Transporte de pasajeros por agua;0;0;0;0;0;0;0;0;0;0;0;0;0;0;0;0;0;0;0;;;;;;;;;;;;;;;;;;;
;Transporte aéreo de pasajeros;0;0;0;0;0;0;0;0;0;0;0;0;0;0;0;0;0;0;0;;;;;;;;;;;;;;;;;;;
;Alquiler de equipos de transporte;0;0;0;0;0;0;*;*;*;*;*;*;*;*;*;*;*;*;*;;;;;;;;;;;;;;;;;;;
;Actividades de agencias de viajes y de otros servicios de reservas;0;0;0;0;0;0;0;0;0;0;*;*;*;*;*;*;*;0;0;;;;;;;;;;;;;;;;;;;
;Actividades culturales;0;0;*;*;*;*;*;*;*;*;*;*;0;0;0;0;0;0;0;;;;;;;;;;;;;;;;;;;
;Actividades deportivas y recreativas;0;*;*;0;0;0;0;0;0;0;0;*;*;*;*;*;*;*;*;;;;;;;;;;;;;;;;;;;
;Comercio al por menor de bienes característicos del turismo;*;*;*;*;0;0;0;*;0;0;0;0;0;0;0;0;0;0;0;;;;;;;;;;;;;;;;;;;
;Actividades relacionadas con segundos hogares y multipropiedades;0;0;0;*;0;0;0;0;0;0;*;*;*;*;*;*;*;*;*;;;;;;;;;;;;;;;;;;;
Región de Atacama;;1.401.900;1.644.664;1.954.734;2.280.278;2.410.002;2.535.699;3.813.991;5.296.006;5.288.808;4.817.236;9.050.859;7.645.839;8.859.672;6.902.628;6.611.043;4.853.104;7.113.560;7.917.052;7.751.804;;17,30%;18,90%;16,70%;5,70%;5,20%;50,40%;38,90%;-0,10%;-8,90%;87,90%;-15,50%;15,90%;-22,10%;-4,20%;-26,60%;46,60%;11,30%;-2,10%
3101;Copiapó;978.420;1.073.776;1.191.218;1.508.296;1.700.082;1.731.298;2.656.394;3.892.660;3.679.154;3.218.096;6.492.827;5.403.491;6.243.524;4.773.880;4.698.065;3.215.854;4.670.356;4.964.320;4.881.818;;9,70%;10,90%;26,60%;12,70%;1,80%;53,40%;46,50%;-5,50%;-12,50%;101,80%;-16,80%;15,50%;-23,50%;-1,60%;-31,50%;45,20%;6,30%;-1,70%
;Alojamiento turístico;208.206;182.965;238.203;363.509;333.062;383.135;479.185;996.282;734.245;537.684;385.523;347.585;386.214;304.373;1.584.727;447.816;560.498;669.419;1.407.687;;-12,10%;30,20%;52,60%;-8,40%;15,00%;25,10%;107,90%;-26,30%;-26,80%;-28,30%;-9,80%;11,10%;-21,20%;420,70%;-71,70%;25,20%;19,40%;110,30%
;Actividades de provisión de alimentos y bebidas;395.080;428.792;468.589;562.867;807.607;609.230;1.149.130;1.333.100;1.294.330;1.166.796;911.711;1.104.084;1.592.154;1.379.823;1.171.729;1.257.700;1.994.230;2.344.661;1.458.291;;8,50%;9,30%;20,10%;43,50%;-24,60%;88,60%;16,00%;-2,90%;-9,90%;-21,90%;21,10%;44,20%;-13,30%;-15,10%;7,30%;58,60%;17,60%;-37,80%
;Transporte de pasajeros por ferrocarril;*;0;0;0;0;0;0;0;0;0;0;0;0;*;*;*;*;*;*;;;;;;;;;;;;;;;;;;;
;Transporte de pasajeros por carretera;49.074;91.732;164.729;198.485;215.016;252.450;402.009;549.933;800.071;774.637;1.023.158;843.726;713.566;744.112;692.712;506.727;717.585;602.862;584.025;;86,90%;79,60%;20,50%;8,30%;17,40%;59,20%;36,80%;45,50%;-3,20%;32,10%;-17,50%;-15,40%;4,30%;-6,90%;-26,80%;41,60%;-16,00%;-3,10%
;Transporte de pasajeros por agua;0;*;0;0;0;0;0;0;0;0;0;0;0;0;0;0;0;0;0;;;;;;;;;;;;;;;;;;;
;Transporte aéreo de pasajeros;0;0;0;0;0;0;0;0;0;0;*;0;0;*;0;0;0;0;0;;;;;;;;;;;;;;;;;;;
;Alquiler de equipos de transporte;76.008;112.570;68.527;96.872;99.333;131.552;138.847;150.334;159.806;78.115;2.690.768;1.426.659;1.837.071;1.290.403;249.391;137.111;199.342;267.880;368.747;;48,10%;-39,10%;41,40%;2,50%;32,40%;5,50%;8,30%;6,30%;-51,10%;3344,60%;-47,00%;28,80%;-29,80%;-80,70%;-45,00%;45,40%;34,40%;37,70%
;Actividades de agencias de viajes y de otros servicios de reservas;*;*;*;*;*;*;*;*;*;*;0;*;0;*;*;*;0;0;2.414;;;;;;;;;;;;;;;;;;;
;Actividades culturales;*;*;*;*;*;*;*;*;*;*;9.935;9.378;32.495;41.832;74.346;14.624;9.584;26.038;92.892;;;;;;;;;;;;-5,60%;246,50%;28,70%;77,70%;-80,30%;-34,50%;171,70%;256,80%
;Actividades deportivas y recreativas;2.632;2.456;1.891;0;*;0;0;0;0;*;34.843;39.624;44.911;107.755;62.164;16.411;22.583;27.252;36.610;;-6,70%;-23,00%;-100,00%;;;;;;;;13,70%;13,30%;139,90%;-42,30%;-73,60%;37,60%;20,70%;34,30%
;Comercio al por menor de bienes característicos del turismo;21.354;24.328;3.357;4.223;4.057;4.121;4.616;5.748;4.929;3.793;11.963;13.254;15.778;13.594;11.950;16.701;23.807;25.391;18.468;;13,90%;-86,20%;25,80%;-3,90%;1,60%;12,00%;24,50%;-14,30%;-23,10%;215,40%;10,80%;19,10%;-13,80%;-12,10%;39,80%;42,60%;6,70%;-27,30%
;Actividades relacionadas con segundos hogares y multipropiedades;226.065;230.933;245.921;282.341;241.007;350.810;482.607;857.263;685.774;657.071;1.424.926;1.619.181;1.621.335;891.988;851.045;818.765;1.142.727;1.000.817;912.683;;2,20%;6,50%;14,80%;-14,60%;45,60%;37,60%;77,60%;-20,00%;-4,20%;116,90%;13,60%;0,10%;-45,00%;-4,60%;-3,80%;39,60%;-12,40%;-8,80%
3102;Caldera;56.239;62.205;102.802;127.477;91.763;105.168;162.368;227.192;265.417;218.498;298.159;372.478;375.440;371.770;377.937;335.731;456.760;627.958;544.901;;10,60%;65,30%;24,00%;-28,00%;14,60%;54,40%;39,90%;16,80%;-17,70%;36,50%;24,90%;0,80%;-1,00%;1,70%;-11,20%;36,00%;37,50%;-13,20%
;Alojamiento turístico;0;0;32.296;59.690;33.637;41.837;79.689;121.828;169.799;119.267;96.777;64.459;67.543;89.441;96.826;91.444;90.140;133.501;109.971;;;;84,80%;-43,60%;24,40%;90,50%;52,90%;39,40%;-29,80%;-18,90%;-33,40%;4,80%;32,40%;8,30%;-5,60%;-1,40%;48,10%;-17,60%
;Actividades de provisión de alimentos y bebidas;51.867;51.798;60.044;60.187;53.029;57.643;76.230;95.387;68.418;72.755;105.071;140.423;101.683;229.589;244.423;214.216;334.289;364.376;357.894;;-0,10%;15,90%;0,20%;-11,90%;8,70%;32,20%;25,10%;-28,30%;6,30%;44,40%;33,60%;-27,60%;125,80%;6,50%;-12,40%;56,10%;9,00%;-1,80%
;Transporte de pasajeros por ferrocarril;0;0;0;0;0;0;0;0;0;0;0;0;0;0;0;0;0;0;0;;;;;;;;;;;;;;;;;;;
;Transporte de pasajeros por carretera;4.371;9.769;10.462;7.600;4.541;5.159;5.779;2.536;11.258;16.609;58.900;23.137;25.345;24.242;29.996;24.726;29.809;39.108;35.598;;123,50%;7,10%;-27,40%;-40,30%;13,60%;12,00%;-56,10%;344,00%;47,50%;254,60%;-60,70%;9,50%;-4,40%;23,70%;-17,60%;20,60%;31,20%;-9,00%
;Transporte de pasajeros por agua;0;0;0;0;0;0;0;0;0;0;0;0;0;*;*;*;*;*;*;;;;;;;;;;;;;;;;;;;
;Transporte aéreo de pasajeros;0;0;0;0;0;0;0;0;0;0;0;0;0;0;0;0;0;0;0;;;;;;;;;;;;;;;;;;;
;Alquiler de equipos de transporte;*;*;*;*;*;*;*;*;*;*;*;42.688;48.595;*;*;*;*;*;*;;;;;;;;;;;;;13,80%;;;;;;
;Actividades de agencias de viajes y de otros servicios de reservas;*;*;*;*;*;*;*;*;*;*;*;*;*;*;*;*;*;*;*;;;;;;;;;;;;;;;;;;;
;Actividades culturales;0;0;0;0;0;0;*;*;*;*;*;*;*;*;*;*;*;*;*;;;;;;;;;;;;;;;;;;;
;Actividades deportivas y recreativas;*;*;*;*;*;*;*;*;*;*;5.998;0;0;0;0;0;0;0;0;;;;;;;;;;;;-100,00%;;;;;;;
;Comercio al por menor de bienes característicos del turismo;*;638;*;*;556;528;670;1.261;2.883;2.979;2.241;2.088;1.775;2.241;2.076;1.705;2.522;2.248;2.885;;;;;;-5,10%;27,00%;88,10%;128,70%;3,30%;-24,80%;-6,90%;-15,00%;26,20%;-7,30%;-17,90%;47,90%;-10,90%;28,40%
;Actividades relacionadas con segundos hogares y multipropiedades;*;*;*;*;*;*;*;6.180;13.059;6.888;29.171;99.683;130.500;26.258;4.617;3.641;0;88.724;38.554;;;;;;;;;111,30%;-47,30%;323,50%;241,70%;30,90%;-79,90%;-82,40%;-21,10%;-100,00%;;-56,50%
3103;Tierra Amarilla;21.857;24.311;23.801;23.087;19.904;14.128;31.518;41.744;48.509;69.125;164.742;158.088;354.461;138.727;112.174;86.208;177.570;151.465;130.389;;11,20%;-2,10%;-3,00%;-13,80%;-29,00%;123,10%;32,40%;16,20%;42,50%;138,30%;-4,00%;124,20%;-60,90%;-19,10%;-23,10%;106,00%;-14,70%;-13,90%
;Alojamiento turístico;*;*;*;*;*;*;*;0;0;0;*;*;*;0;*;0;*;0;0;;;;;;;;;;;;;;;;;;;
;Actividades de provisión de alimentos y bebidas;19.214;22.544;20.871;21.643;18.738;13.637;30.785;41.334;47.782;64.573;132.177;101.468;69.665;118.980;102.281;77.499;144.891;138.050;127.456;;17,30%;-7,40%;3,70%;-13,40%;-27,20%;125,70%;34,30%;15,60%;35,10%;104,70%;-23,20%;-31,30%;70,80%;-14,00%;-24,20%;87,00%;-4,70%;-7,70%
;Transporte de pasajeros por ferrocarril;0;0;0;0;0;0;0;0;0;0;0;0;0;0;0;0;0;0;0;;;;;;;;;;;;;;;;;;;
;Transporte de pasajeros por carretera;2.644;1.767;2.930;1.444;1.167;491;733;409;726;4.551;7.070;9.609;9.031;2.347;1.759;2.396;0;13.415;2.933;;-33,20%;65,90%;-50,70%;-19,20%;-57,90%;49,30%;-44,20%;77,40%;526,70%;55,30%;35,90%;-6,00%;-74,00%;-25,00%;36,20%;-100,00%;;-78,10%
;Transporte de pasajeros por agua;0;0;0;0;0;0;0;0;0;0;0;0;0;0;0;0;0;0;0;;;;;;;;;;;;;;;;;;;
;Transporte aéreo de pasajeros;0;0;0;0;0;0;0;0;0;0;0;0;0;0;0;0;0;0;0;;;;;;;;;;;;;;;;;;;
;Alquiler de equipos de transporte;*;*;*;*;*;*;*;*;*;*;25.495;26.541;96.295;*;*;*;*;*;*;;;;;;;;;;;;4,10%;262,80%;;;;;;
;Actividades de agencias de viajes y de otros servicios de reservas;0;0;0;0;0;0;0;0;0;0;0;0;0;0;0;0;*;*;*;;;;;;;;;;;;;;;;;;;
;Actividades culturales;0;0;0;0;0;0;0;0;0;0;*;*;*;*;*;0;0;*;*;;;;;;;;;;;;;;;;;;;
;Actividades deportivas y recreativas;*;*;0;*;0;0;0;0;0;0;*;*;*;*;*;*;*;*;*;;;;;;;;;;;;;;;;;;;
;Comercio al por menor de bienes característicos del turismo;0;0;0;0;0;0;0;0;0;0;0;*;0;*;0;*;*;*;*;;;;;;;;;;;;;;;;;;;
;Actividades relacionadas con segundos hogares y multipropiedades;*;*;*;*;*;*;*;*;*;0;0;20.470;179.471;17.400;8.134;6.313;32.679;0;0;;;;;;;;;;;;;776,70%;-90,30%;-53,30%;-22,40%;417,70%;-100,00%;
3201;Chañaral;29.821;58.734;69.536;73.940;57.514;61.907;87.357;83.544;102.358;91.432;479.007;427.874;425.682;383.102;196.659;143.491;211.019;258.238;273.475;;97,00%;18,40%;6,30%;-22,20%;7,60%;41,10%;-4,40%;22,50%;-10,70%;423,90%;-10,70%;-0,50%;-10,00%;-48,70%;-27,00%;47,10%;22,40%;5,90%
;Alojamiento turístico;0;0;18.669;18.538;20.907;19.542;41.205;41.408;45.326;47.191;249.842;238.475;259.481;257.514;14.479;15.995;21.811;30.181;33.609;;;;-0,70%;12,80%;-6,50%;110,90%;0,50%;9,50%;4,10%;429,40%;-4,50%;8,80%;-0,80%;-94,40%;10,50%;36,40%;38,40%;11,40%
;Actividades de provisión de alimentos y bebidas;29.091;39.079;37.794;38.861;24.479;29.191;31.321;31.971;48.615;34.887;71.091;71.696;87.365;90.176;92.863;85.336;91.320;132.442;133.080;;34,30%;-3,30%;2,80%;-37,00%;19,30%;7,30%;2,10%;52,10%;-28,20%;103,80%;0,90%;21,90%;3,20%;3,00%;-8,10%;7,00%;45,00%;0,50%
;Transporte de pasajeros por ferrocarril;0;0;0;0;0;0;0;0;0;0;0;0;0;0;0;0;0;0;0;;;;;;;;;;;;;;;;;;;
;Transporte de pasajeros por carretera;730;14.858;13.072;16.541;12.128;13.173;14.831;10.165;8.417;9.353;2.254;1.435;6.225;11.553;40.674;20.257;64.700;56.854;62.758;;1935,70%;-12,00%;26,50%;-26,70%;8,60%;12,60%;-31,50%;-17,20%;11,10%;-75,90%;-36,30%;333,70%;85,60%;252,10%;-50,20%;219,40%;-12,10%;10,40%
;Transporte de pasajeros por agua;0;0;0;0;0;0;0;0;0;0;0;0;0;0;0;0;0;0;0;;;;;;;;;;;;;;;;;;;
;Transporte aéreo de pasajeros;*;*;*;*;*;*;*;*;*;*;*;0;0;0;*;*;*;*;*;;;;;;;;;;;;;;;;;;;
;Alquiler de equipos de transporte;*;*;*;*;*;*;*;*;*;*;111.946;60.510;7.128;3.499;5.143;*;*;*;*;;;;;;;;;;;;-45,90%;-88,20%;-50,90%;47,00%;;;;
;Actividades de agencias de viajes y de otros servicios de reservas;0;*;*;*;*;*;*;*;*;*;*;*;*;*;*;0;0;0;0;;;;;;;;;;;;;;;;;;;
;Actividades culturales;*;0;*;*;0;0;*;*;0;0;0;*;*;*;*;*;*;*;*;;;;;;;;;;;;;;;;;;;
;Actividades deportivas y recreativas;*;*;*;*;*;*;*;*;*;*;15.279;19.982;24.505;7.236;0;0;*;*;*;;;;;;;;;;;;30,80%;22,60%;-70,50%;-100,00%;;;;
;Comercio al por menor de bienes característicos del turismo;*;4.797;*;*;*;*;*;*;*;*;*;*;*;*;*;*;*;*;*;;;;;;;;;;;;;;;;;;;
;Actividades relacionadas con segundos hogares y multipropiedades;*;*;*;*;*;*;*;*;0;0;28.594;35.776;40.979;13.123;43.501;21.903;33.188;38.760;44.029;;;;;;;;;;;;25,10%;14,50%;-68,00%;231,50%;-49,60%;51,50%;16,80%;13,60%
3202;Diego de Almagro;44.226;46.969;62.364;79.922;84.671;95.187;178.899;230.130;259.871;273.095;287.959;294.133;333.483;260.197;359.568;297.126;450.359;623.443;563.220;;6,20%;32,80%;28,20%;5,90%;12,40%;87,90%;28,60%;12,90%;5,10%;5,40%;2,10%;13,40%;-22,00%;38,20%;-17,40%;51,60%;38,40%;-9,70%
;Alojamiento turístico;*;*;17.883;37.210;29.363;34.535;100.564;147.604;169.450;163.498;61.059;42.402;25.458;96.988;25.015;77.577;127.380;180.868;177.225;;;;108,10%;-21,10%;17,60%;191,20%;46,80%;14,80%;-3,50%;-62,70%;-30,60%;-40,00%;281,00%;-74,20%;210,10%;64,20%;42,00%;-2,00%
;Actividades de provisión de alimentos y bebidas;43.541;43.799;25.903;35.643;40.442;43.139;68.011;70.111;70.251;65.677;132.188;96.999;111.748;135.194;252.566;153.291;199.277;271.184;330.415;;0,60%;-40,90%;37,60%;13,50%;6,70%;57,70%;3,10%;0,20%;-6,50%;101,30%;-26,60%;15,20%;21,00%;86,80%;-39,30%;30,00%;36,10%;21,80%
;Transporte de pasajeros por ferrocarril;0;0;0;0;0;0;0;0;0;0;0;0;0;0;0;0;0;0;0;;;;;;;;;;;;;;;;;;;
;Transporte de pasajeros por carretera;684;3.170;18.578;7.069;14.865;17.513;10.323;12.416;20.171;38.315;42.486;51.979;41.935;12.443;43.371;48.009;68.917;96.720;0;;363,10%;486,10%;-61,90%;110,30%;17,80%;-41,10%;20,30%;62,50%;90,00%;10,90%;22,30%;-19,30%;-70,30%;248,60%;10,70%;43,50%;40,30%;-100,00%
;Transporte de pasajeros por agua;0;0;0;0;0;0;0;0;0;0;0;0;0;0;0;0;0;0;0;;;;;;;;;;;;;;;;;;;
;Transporte aéreo de pasajeros;0;0;*;*;*;*;*;*;*;*;*;*;*;*;*;*;*;*;*;;;;;;;;;;;;;;;;;;;
;Alquiler de equipos de transporte;*;*;*;*;*;*;*;*;*;*;*;38.593;53.273;*;*;*;9.777;*;*;;;;;;;;;;;;;38,00%;;;;;;
;Actividades de agencias de viajes y de otros servicios de reservas;*;0;0;0;0;0;0;0;0;*;*;*;*;*;*;*;*;*;*;;;;;;;;;;;;;;;;;;;
;Actividades culturales;*;*;*;*;*;*;*;*;*;*;*;*;*;*;0;*;*;*;*;;;;;;;;;;;;;;;;;;;
;Actividades deportivas y recreativas;*;*;*;*;*;*;*;*;*;*;*;0;*;0;*;*;*;*;*;;;;;;;;;;;;;;;;;;;
;Comercio al por menor de bienes característicos del turismo;*;*;*;*;*;*;*;*;*;*;*;*;*;*;0;0;0;*;*;;;;;;;;;;;;;;;;;;;
;Actividades relacionadas con segundos hogares y multipropiedades;*;*;*;*;*;*;*;*;*;5.604;52.225;64.160;101.069;15.572;38.616;18.248;45.008;74.672;55.579;;;;;;;;;;;831,90%;22,90%;57,50%;-84,60%;148,00%;-52,70%;146,60%;65,90%;-25,60%
3301;Vallenar;217.497;331.904;474.154;429.532;413.921;504.449;655.658;793.731;888.547;854.576;1.254.472;929.254;1.066.616;897.542;757.733;707.795;1.036.687;1.182.450;1.219.052;;52,60%;42,90%;-9,40%;-3,60%;21,90%;30,00%;21,10%;11,90%;-3,80%;46,80%;-25,90%;14,80%;-15,90%;-15,60%;-6,60%;46,50%;14,10%;3,10%
;Alojamiento turístico;62.381;40.537;172.712;148.953;127.965;152.497;217.111;359.901;281.928;220.674;157.934;147.278;135.260;172.107;155.177;115.834;155.714;290.274;329.776;;-35,00%;326,10%;-13,80%;-14,10%;19,20%;42,40%;65,80%;-21,70%;-21,70%;-28,40%;-6,70%;-8,20%;27,20%;-9,80%;-25,40%;34,40%;86,40%;13,60%
;Actividades de provisión de alimentos y bebidas;85.598;155.303;127.427;153.531;127.896;186.646;224.536;170.262;181.782;214.017;223.736;188.899;300.682;283.197;276.667;201.714;324.215;414.591;513.397;;81,40%;-17,90%;20,50%;-16,70%;45,90%;20,30%;-24,20%;6,80%;17,70%;4,50%;-15,60%;59,20%;-5,80%;-2,30%;-27,10%;60,70%;27,90%;23,80%
;Transporte de pasajeros por ferrocarril;0;0;0;0;0;0;0;0;0;0;0;0;0;0;0;0;0;0;0;;;;;;;;;;;;;;;;;;;
;Transporte de pasajeros por carretera;49.780;54.689;104.013;110.653;144.139;127.477;138.784;157.662;321.241;280.754;238.357;184.670;154.451;213.657;123.931;125.963;173.430;191.342;178.789;;9,90%;90,20%;6,40%;30,30%;-11,60%;8,90%;13,60%;103,80%;-12,60%;-15,10%;-22,50%;-16,40%;38,30%;-42,00%;1,60%;37,70%;10,30%;-6,60%
;Transporte de pasajeros por agua;0;0;0;0;0;0;0;0;0;0;*;0;0;0;0;0;0;0;0;;;;;;;;;;;;;;;;;;;
;Transporte aéreo de pasajeros;0;0;0;0;0;0;0;0;0;0;0;0;0;0;0;0;0;0;0;;;;;;;;;;;;;;;;;;;
;Alquiler de equipos de transporte;11.984;79.428;70.001;4.068;5.753;26.202;34.580;48.516;44.324;52.745;239.143;184.582;242.331;11.059;45.382;58.925;92.812;45.682;48.044;;562,80%;-11,90%;-94,20%;41,40%;355,40%;32,00%;40,30%;-8,60%;19,00%;353,40%;-22,80%;31,30%;-95,40%;310,30%;29,80%;57,50%;-50,80%;5,20%
;Actividades de agencias de viajes y de otros servicios de reservas;*;*;*;*;*;*;*;*;*;*;*;*;*;*;*;*;*;*;*;;;;;;;;;;;;;;;;;;;
;Actividades culturales;*;0;0;0;*;*;*;*;*;*;*;*;*;*;24.775;0;0;0;0;;;;;;;;;;;;;;;;-100,00%;;;
;Actividades deportivas y recreativas;0;*;*;0;0;*;*;0;0;0;6.073;6.440;16.235;3.985;6.903;13.775;18.217;0;6.741;;;;;;;;;;;;6,10%;152,10%;-75,50%;73,20%;99,50%;32,20%;-100,00%;
;Comercio al por menor de bienes característicos del turismo;1.251;1.947;*;*;*;1.583;5.598;2.863;3.252;2.621;3.970;1.573;3.378;4.586;4.524;3.530;5.158;6.792;7.291;;55,70%;;;;;253,60%;-48,90%;13,60%;-19,40%;51,40%;-60,40%;114,80%;35,70%;-1,30%;-22,00%;46,10%;31,70%;7,30%
;Actividades relacionadas con segundos hogares y multipropiedades;6.502;0;0;12.326;8.167;10.044;35.049;54.527;56.020;83.766;385.260;215.811;214.280;208.951;120.376;188.053;267.141;233.769;135.014;;-100,00%;;;-33,70%;23,00%;249,00%;55,60%;2,70%;49,50%;359,90%;-44,00%;-0,70%;-2,50%;-42,40%;56,20%;42,10%;-12,50%;-42,20%
3302;Alto del Carmen;6.235;19.157;0;0;0;0;0;0;0;0;0;0;0;0;13.131;6.400;12.923;15.089;16.937;;207,30%;-100,00%;;;;;;;;;;;;;-51,30%;101,90%;16,80%;12,20%
;Alojamiento turístico;*;*;*;*;0;*;0;0;0;*;0;*;0;0;*;*;*;*;*;;;;;;;;;;;;;;;;;;;
;Actividades de provisión de alimentos y bebidas;6.235;19.157;0;*;*;*;*;0;*;*;0;*;*;0;13.131;6.400;12.923;15.089;16.937;;207,30%;-100,00%;;;;;;;;;;;;;-51,30%;101,90%;16,80%;12,20%
;Transporte de pasajeros por ferrocarril;0;0;0;0;0;0;0;0;0;0;0;0;0;0;0;0;0;0;0;;;;;;;;;;;;;;;;;;;
;Transporte de pasajeros por carretera;*;0;*;*;*;*;*;*;*;*;*;*;*;*;*;*;*;*;*;;;;;;;;;;;;;;;;;;;
;Transporte de pasajeros por agua;0;0;0;0;0;0;0;0;0;0;0;0;0;0;0;0;0;0;0;;;;;;;;;;;;;;;;;;;
;Transporte aéreo de pasajeros;0;0;0;0;0;0;0;0;0;0;0;0;0;0;0;0;0;0;0;;;;;;;;;;;;;;;;;;;
;Alquiler de equipos de transporte;0;0;0;0;0;0;0;0;0;0;*;*;*;*;*;*;*;*;*;;;;;;;;;;;;;;;;;;;
;Actividades de agencias de viajes y de otros servicios de reservas;0;0;0;0;0;0;0;0;0;0;*;*;*;*;*;*;0;*;*;;;;;;;;;;;;;;;;;;;
;Actividades culturales;0;0;0;0;0;0;0;0;0;0;0;0;*;*;*;*;*;*;*;;;;;;;;;;;;;;;;;;;
;Actividades deportivas y recreativas;*;*;*;*;*;*;*;*;0;0;*;*;*;*;*;*;*;*;*;;;;;;;;;;;;;;;;;;;
;Comercio al por menor de bienes característicos del turismo;0;*;*;*;*;*;*;*;*;*;*;*;*;*;*;*;*;*;*;;;;;;;;;;;;;;;;;;;
;Actividades relacionadas con segundos hogares y multipropiedades;0;0;0;0;*;0;0;*;*;*;*;*;*;0;*;*;*;*;*;;;;;;;;;;;;;;;;;;;
3303;Freirina;0;0;0;0;0;0;0;0;0;0;16.718;25.716;0;9.721;14.915;10.938;20.037;22.790;14.824;;;;;;;;;;;;53,80%;-100,00%;;53,40%;-26,70%;83,20%;13,70%;-35,00%
;Alojamiento turístico;*;*;*;*;*;*;*;*;*;0;*;0;0;0;0;0;0;0;0;;;;;;;;;;;;;;;;;;;
;Actividades de provisión de alimentos y bebidas;*;*;*;*;*;*;*;*;*;0;6.149;8.943;0;9.721;14.915;10.938;20.037;22.790;14.824;;;;;;;;;;;;45,40%;-100,00%;;53,40%;-26,70%;83,20%;13,70%;-35,00%
;Transporte de pasajeros por ferrocarril;0;0;0;0;0;0;0;0;0;0;0;0;0;0;0;0;0;0;0;;;;;;;;;;;;;;;;;;;
;Transporte de pasajeros por carretera;*;*;*;*;*;*;*;*;*;*;*;*;0;*;*;*;*;*;*;;;;;;;;;;;;;;;;;;;
;Transporte de pasajeros por agua;*;0;*;*;*;*;*;*;*;*;*;*;*;*;*;*;*;*;*;;;;;;;;;;;;;;;;;;;
;Transporte aéreo de pasajeros;0;0;0;0;0;0;0;0;0;0;0;0;0;0;0;0;0;0;0;;;;;;;;;;;;;;;;;;;
;Alquiler de equipos de transporte;0;0;*;*;0;0;0;0;0;0;*;*;*;*;0;*;*;*;*;;;;;;;;;;;;;;;;;;;
;Actividades de agencias de viajes y de otros servicios de reservas;*;0;0;0;0;0;0;*;*;*;*;*;*;*;*;*;*;*;*;;;;;;;;;;;;;;;;;;;
;Actividades culturales;0;0;0;0;0;0;0;*;*;*;*;0;*;0;0;*;*;*;*;;;;;;;;;;;;;;;;;;;
;Actividades deportivas y recreativas;0;*;*;*;*;*;*;*;*;*;*;*;0;*;*;*;*;*;*;;;;;;;;;;;;;;;;;;;
;Comercio al por menor de bienes característicos del turismo;0;0;0;0;*;*;*;*;*;*;*;*;*;0;*;*;*;*;*;;;;;;;;;;;;;;;;;;;
;Actividades relacionadas con segundos hogares y multipropiedades;0;0;*;*;0;0;0;*;*;*;10.569;16.773;*;*;*;*;*;*;*;;;;;;;;;;;;58,70%;;;;;;;
3304;Huasco;47.607;27.608;30.860;38.025;42.146;23.562;41.797;27.005;44.952;92.415;56.975;34.804;60.465;67.688;80.861;49.562;77.850;71.299;107.188;;-42,00%;11,80%;23,20%;10,80%;-44,10%;77,40%;-35,40%;66,50%;105,60%;-38,30%;-38,90%;73,70%;11,90%;19,50%;-38,70%;57,10%;-8,40%;50,30%
;Alojamiento turístico;*;*;13.192;16.442;12.616;7.183;12.899;0;23.375;31.697;0;0;31.646;0;16.369;0;0;0;0;;;;24,60%;-23,30%;-43,10%;79,60%;-100,00%;;35,60%;-100,00%;;;-100,00%;;-100,00%;;;
;Actividades de provisión de alimentos y bebidas;14.402;12.178;12.488;15.154;22.682;16.380;28.898;27.005;21.577;60.718;56.975;34.804;28.819;47.505;64.492;49.562;77.850;71.299;107.188;;-15,40%;2,50%;21,30%;49,70%;-27,80%;76,40%;-6,60%;-20,10%;181,40%;-6,20%;-38,90%;-17,20%;64,80%;35,80%;-23,20%;57,10%;-8,40%;50,30%
;Transporte de pasajeros por ferrocarril;0;0;0;0;0;0;0;0;0;0;0;0;0;0;0;0;0;0;0;;;;;;;;;;;;;;;;;;;
;Transporte de pasajeros por carretera;33.205;15.431;5.180;6.429;6.849;0;0;0;0;0;0;0;0;0;0;0;0;0;0;;-53,50%;-66,40%;24,10%;6,50%;-100,00%;;;;;;;;;;;;;
;Transporte de pasajeros por agua;0;0;0;0;0;0;0;0;0;0;0;0;0;0;0;0;*;*;0;;;;;;;;;;;;;;;;;;;
;Transporte aéreo de pasajeros;0;0;0;0;0;0;0;0;0;0;0;0;0;0;0;0;0;0;0;;;;;;;;;;;;;;;;;;;
;Alquiler de equipos de transporte;*;*;*;*;*;*;*;*;*;*;*;*;*;20.184;*;*;*;*;*;;;;;;;;;;;;;;;;;;;
;Actividades de agencias de viajes y de otros servicios de reservas;0;0;0;0;0;0;0;*;*;0;0;*;*;*;*;*;*;*;*;;;;;;;;;;;;;;;;;;;
;Actividades culturales;0;0;0;*;*;*;*;*;*;*;*;0;*;*;*;*;*;*;*;;;;;;;;;;;;;;;;;;;
;Actividades deportivas y recreativas;*;*;*;*;*;*;*;*;*;*;*;*;*;*;*;*;*;*;*;;;;;;;;;;;;;;;;;;;
;Comercio al por menor de bienes característicos del turismo;*;*;*;*;*;*;*;*;*;0;*;0;*;*;*;*;*;*;*;;;;;;;;;;;;;;;;;;;
;Actividades relacionadas con segundos hogares y multipropiedades;*;*;*;*;*;*;*;*;*;*;*;0;*;0;*;*;*;*;0;;;;;;;;;;;;;;;;;;;
Región de Coquimbo;;4.254.508;5.208.818;6.286.721;8.448.465;9.172.168;9.442.217;11.764.586;12.444.310;14.085.078;15.901.322;22.412.400;23.471.391;22.966.951;22.657.920;22.943.748;17.986.081;23.167.664;26.467.081;26.516.009;;22,40%;20,70%;34,40%;8,60%;2,90%;24,60%;5,80%;13,20%;12,90%;40,90%;4,70%;-2,10%;-1,30%;1,30%;-21,60%;28,80%;14,20%;0,20%
4101;La Serena;2.707.836;3.148.457;3.412.440;4.117.849;4.902.478;5.446.404;6.532.974;6.721.892;7.945.719;9.003.521;11.927.336;12.251.996;11.806.087;13.219.517;13.703.532;10.363.534;12.353.603;14.392.023;14.932.859;;16,30%;8,40%;20,70%;19,10%;11,10%;20,00%;2,90%;18,20%;13,30%;32,50%;2,70%;-3,60%;12,00%;3,70%;-24,40%;19,20%;16,50%;3,80%
;Alojamiento turístico;249.772;252.427;335.359;422.211;533.809;452.766;510.491;665.968;744.711;671.267;543.863;653.323;643.573;622.382;612.607;355.079;564.630;753.211;714.961;;1,10%;32,90%;25,90%;26,40%;-15,20%;12,70%;30,50%;11,80%;-9,90%;-19,00%;20,10%;-1,50%;-3,30%;-1,60%;-42,00%;59,00%;33,40%;-5,10%
;Actividades de provisión de alimentos y bebidas;604.726;783.354;834.139;753.331;1.089.739;929.692;1.242.536;1.365.254;1.369.812;1.573.346;1.562.864;1.748.665;1.838.368;2.157.105;2.248.856;1.393.794;2.568.979;2.975.397;3.224.724;;29,50%;6,50%;-9,70%;44,70%;-14,70%;33,70%;9,90%;0,30%;14,90%;-0,70%;11,90%;5,10%;17,30%;4,30%;-38,00%;84,30%;15,80%;8,40%
;Transporte de pasajeros por ferrocarril;0;*;0;0;0;0;0;0;0;0;0;0;0;0;0;0;*;*;0;;;;;;;;;;;;;;;;;;;
;Transporte de pasajeros por carretera;115.070;147.317;212.520;357.573;425.292;358.651;442.503;577.716;634.547;1.052.562;768.495;663.775;653.386;871.448;951.399;749.965;1.025.723;1.276.980;1.067.924;;28,00%;44,30%;68,30%;18,90%;-15,70%;23,40%;30,60%;9,80%;65,90%;-27,00%;-13,60%;-1,60%;33,40%;9,20%;-21,20%;36,80%;24,50%;-16,40%
;Transporte de pasajeros por agua;0;0;0;0;0;0;0;0;0;0;0;*;*;*;*;*;*;0;0;;;;;;;;;;;;;;;;;;;
;Transporte aéreo de pasajeros;*;*;*;*;*;*;*;*;*;*;0;0;*;0;*;*;0;*;*;;;;;;;;;;;;;;;;;;;
;Alquiler de equipos de transporte;296.220;318.768;264.596;264.542;293.571;596.438;555.710;230.154;212.621;211.430;678.990;810.916;967.878;1.048.724;790.610;442.670;841.967;873.083;751.399;;7,60%;-17,00%;0,00%;11,00%;103,20%;-6,80%;-58,60%;-7,60%;-0,60%;221,10%;19,40%;19,40%;8,40%;-24,60%;-44,00%;90,20%;3,70%;-13,90%
;Actividades de agencias de viajes y de otros servicios de reservas;30.833;29.775;44.051;77.328;18.459;61.328;64.209;72.060;162.532;50.643;52.101;70.091;73.096;87.232;37.630;25.984;46.573;50.504;68.492;;-3,40%;47,90%;75,50%;-76,10%;232,20%;4,70%;12,20%;125,60%;-68,80%;2,90%;34,50%;4,30%;19,30%;-56,90%;-30,90%;79,20%;8,40%;35,60%
;Actividades culturales;*;*;*;*;*;*;*;0;0;0;41.604;40.432;21.368;110.018;109.587;39.253;42.090;60.695;152.808;;;;;;;;;;;;-2,80%;-47,10%;414,90%;-0,40%;-64,20%;7,20%;44,20%;151,80%
;Actividades deportivas y recreativas;0;0;0;0;0;0;0;637;0;2.254;33.182;38.878;87.929;229.681;228.705;62.901;120.202;192.365;195.303;;;;;;;;;-100,00%;;1372,10%;17,20%;126,20%;161,20%;-0,40%;-72,50%;91,10%;60,00%;1,50%
;Comercio al por menor de bienes característicos del turismo;36.419;40.015;36.148;23.979;39.550;53.446;46.121;48.131;46.475;49.881;35.950;32.387;24.677;24.175;28.770;13.515;30.576;34.263;31.196;;9,90%;-9,70%;-33,70%;64,90%;35,10%;-13,70%;4,40%;-3,40%;7,30%;-27,90%;-9,90%;-23,80%;-2,00%;19,00%;-53,00%;126,20%;12,10%;-8,90%
;Actividades relacionadas con segundos hogares y multipropiedades;1.374.796;1.576.801;1.685.628;2.218.885;2.502.058;2.994.083;3.671.402;3.761.974;4.775.021;5.392.138;8.210.288;8.193.528;7.495.812;8.068.753;8.695.368;7.280.373;7.112.863;8.175.525;8.726.051;;14,70%;6,90%;31,60%;12,80%;19,70%;22,60%;2,50%;26,90%;12,90%;52,30%;-0,20%;-8,50%;7,60%;7,80%;-16,30%;-2,30%;14,90%;6,70%
4102;Coquimbo;913.779;1.177.405;2.006.443;3.371.756;3.086.330;2.745.521;3.686.974;3.744.466;4.163.320;4.667.946;6.943.179;6.618.868;5.623.818;5.182.936;4.889.300;3.700.911;4.728.794;5.479.930;5.086.146;;28,90%;70,40%;68,00%;-8,50%;-11,00%;34,30%;1,60%;11,20%;12,10%;48,70%;-4,70%;-15,00%;-7,80%;-5,70%;-24,30%;27,80%;15,90%;-7,20%
;Alojamiento turístico;127.353;154.506;931.991;1.294.470;1.293.505;1.430.922;1.785.594;1.487.425;1.284.146;333.049;478.838;291.510;228.385;1.168.891;1.112.679;421.174;630.633;306.250;214.187;;21,30%;503,20%;38,90%;-0,10%;10,60%;24,80%;-16,70%;-13,70%;-74,10%;43,80%;-39,10%;-21,70%;411,80%;-4,80%;-62,10%;49,70%;-51,40%;-30,10%
;Actividades de provisión de alimentos y bebidas;296.101;366.929;350.618;358.067;356.533;350.353;442.884;487.828;585.487;1.452.877;1.656.523;2.036.898;1.894.149;943.409;1.018.555;721.999;1.352.175;1.720.347;1.736.475;;23,90%;-4,40%;2,10%;-0,40%;-1,70%;26,40%;10,10%;20,00%;148,10%;14,00%;23,00%;-7,00%;-50,20%;8,00%;-29,10%;87,30%;27,20%;0,90%
;Transporte de pasajeros por ferrocarril;*;*;0;0;*;*;*;*;*;*;*;*;*;0;0;0;0;0;0;;;;;;;;;;;;;;;;;;;
;Transporte de pasajeros por carretera;123.540;71.301;61.073;161.201;162.211;158.050;184.226;237.305;266.284;209.976;382.283;390.046;376.758;218.810;223.934;206.712;303.508;284.803;302.975;;-42,30%;-14,30%;163,90%;0,60%;-2,60%;16,60%;28,80%;12,20%;-21,10%;82,10%;2,00%;-3,40%;-41,90%;2,30%;-7,70%;46,80%;-6,20%;6,40%
;Transporte de pasajeros por agua;0;0;0;0;*;*;*;0;0;0;*;*;*;*;*;*;*;*;*;;;;;;;;;;;;;;;;;;;
;Transporte aéreo de pasajeros;0;0;0;0;0;*;*;*;*;*;*;*;*;0;0;0;*;*;*;;;;;;;;;;;;;;;;;;;
;Alquiler de equipos de transporte;17.874;59.716;29.712;36.333;26.811;55.985;84.097;564.835;487.059;404.259;688.348;602.411;496.601;335.519;336.671;61.183;104.327;125.838;108.390;;234,10%;-50,20%;22,30%;-26,20%;108,80%;50,20%;571,60%;-13,80%;-17,00%;70,30%;-12,50%;-17,60%;-32,40%;0,30%;-81,80%;70,50%;20,60%;-13,90%
;Actividades de agencias de viajes y de otros servicios de reservas;*;*;*;*;*;*;*;*;*;*;*;21.698;13.421;17.643;8.748;0;0;3.895;1.914;;;;;;;;;;;;;-38,10%;31,50%;-50,40%;-100,00%;;;-50,90%
;Actividades culturales;*;*;*;*;*;*;*;*;*;0;44.033;70.226;40.965;39.358;39.780;11.080;28.292;39.364;61.566;;;;;;;;;;;;59,50%;-41,70%;-3,90%;1,10%;-72,10%;155,30%;39,10%;56,40%
;Actividades deportivas y recreativas;6.267;4.468;0;0;3.306;1.052;25.623;38.397;11.845;3.248;557.778;116.687;95.929;695.410;513.476;211.504;298.584;1.468.017;1.098.741;;-28,70%;-100,00%;;;-68,20%;2335,60%;49,90%;-69,20%;-72,60%;17075,30%;-79,10%;-17,80%;624,90%;-26,20%;-58,80%;41,20%;391,70%;-25,20%
;Comercio al por menor de bienes característicos del turismo;8.456;13.119;2.568;7.004;3.236;4.999;4.067;8.352;6.125;6.553;9.229;10.696;13.213;25.222;10.815;17.676;24.414;21.417;10.775;;55,10%;-80,40%;172,70%;-53,80%;54,50%;-18,60%;105,30%;-26,70%;7,00%;40,80%;15,90%;23,50%;90,90%;-57,10%;63,40%;38,10%;-12,30%;-49,70%
;Actividades relacionadas con segundos hogares y multipropiedades;334.187;507.365;630.479;1.514.681;1.240.728;744.159;1.160.482;920.325;1.522.375;2.257.984;3.126.149;3.078.696;2.464.398;1.738.674;1.624.642;2.049.582;1.986.861;1.510.000;1.551.123;;51,80%;24,30%;140,20%;-18,10%;-40,00%;55,90%;-20,70%;65,40%;48,30%;38,40%;-1,50%;-20,00%;-29,40%;-6,60%;26,20%;-3,10%;-24,00%;2,70%
4103;Andacollo;5.457;10.632;7.372;51.013;114.998;55.324;57.938;57.252;50.175;40.896;97.568;102.162;93.706;78.542;44.221;29.984;54.812;87.520;123.314;;94,80%;-30,70%;592,00%;125,40%;-51,90%;4,70%;-1,20%;-12,40%;-18,50%;138,60%;4,70%;-8,30%;-16,20%;-43,70%;-32,20%;82,80%;59,70%;40,90%
;Alojamiento turístico;*;*;*;38.258;97.672;42.021;43.209;43.581;37.366;29.486;33.563;6.121;6.275;14.899;24.521;5.427;17.068;19.699;39.459;;;;;155,30%;-57,00%;2,80%;0,90%;-14,30%;-21,10%;13,80%;-81,80%;2,50%;137,40%;64,60%;-77,90%;214,50%;15,40%;100,30%
;Actividades de provisión de alimentos y bebidas;5.457;6.007;7.275;12.750;17.326;13.303;14.721;13.661;12.805;11.408;10.778;43.639;46.252;30.680;19.700;18.788;32.348;32.134;26.628;;10,10%;21,10%;75,30%;35,90%;-23,20%;10,70%;-7,20%;-6,30%;-10,90%;-5,50%;304,90%;6,00%;-33,70%;-35,80%;-4,60%;72,20%;-0,70%;-17,10%
;Transporte de pasajeros por ferrocarril;0;0;0;0;0;0;0;0;0;0;0;0;0;0;0;0;0;0;0;;;;;;;;;;;;;;;;;;;
;Transporte de pasajeros por carretera;0;4.625;98;5;0;0;8;10;4;3;0;0;0;0;0;0;*;*;*;;;-97,90%;-94,80%;-100,00%;;;30,20%;-60,00%;-28,60%;-100,00%;;;;;;;;
;Transporte de pasajeros por agua;0;0;0;0;0;0;0;0;0;0;0;0;0;0;0;0;0;0;0;;;;;;;;;;;;;;;;;;;
;Transporte aéreo de pasajeros;0;0;0;0;0;0;0;0;0;0;0;0;0;0;0;0;0;0;0;;;;;;;;;;;;;;;;;;;
;Alquiler de equipos de transporte;*;*;*;*;*;*;*;*;*;*;53.227;52.402;41.179;32.962;*;5.769;5.395;35.686;57.227;;;;;;;;;;;;-1,60%;-21,40%;-20,00%;;;-6,50%;561,40%;60,40%
;Actividades de agencias de viajes y de otros servicios de reservas;*;0;0;0;0;0;0;0;*;*;*;0;0;*;*;*;*;*;*;;;;;;;;;;;;;;;;;;;
;Actividades culturales;0;0;0;0;0;*;*;0;0;0;0;0;*;*;*;*;*;*;*;;;;;;;;;;;;;;;;;;;
;Actividades deportivas y recreativas;*;*;*;*;*;*;*;*;*;0;*;*;*;*;*;*;*;*;*;;;;;;;;;;;;;;;;;;;
;Comercio al por menor de bienes característicos del turismo;*;*;*;*;*;*;*;*;*;*;*;*;*;*;*;*;*;*;*;;;;;;;;;;;;;;;;;;;
;Actividades relacionadas con segundos hogares y multipropiedades;0;0;0;0;0;0;*;*;0;*;*;*;*;*;*;*;*;*;*;;;;;;;;;;;;;;;;;;;
4104;La Higuera;0;8.574;6.837;7.660;7.778;11.828;10.554;35.880;39.705;55.703;34.407;37.727;23.387;56.976;46.136;34.842;75.562;75.833;54.205;;;-20,30%;12,00%;1,50%;52,10%;-10,80%;240,00%;10,70%;40,30%;-38,20%;9,60%;-38,00%;143,60%;-19,00%;-24,50%;116,90%;0,40%;-28,50%
;Alojamiento turístico;*;*;*;*;*;0;0;17.956;22.067;34.213;10.961;15.745;3.384;6.128;6.696;2.099;17.114;19.277;4.186;;;;;;;;;22,90%;55,00%;-68,00%;43,60%;-78,50%;81,10%;9,30%;-68,60%;715,10%;12,60%;-78,30%
;Actividades de provisión de alimentos y bebidas;0;8.574;6.837;7.660;7.778;11.828;10.554;17.925;17.638;21.490;23.446;21.981;20.004;50.847;39.440;32.742;58.449;56.556;50.019;;;-20,30%;12,00%;1,50%;52,10%;-10,80%;69,80%;-1,60%;21,80%;9,10%;-6,20%;-9,00%;154,20%;-22,40%;-17,00%;78,50%;-3,20%;-11,60%
;Transporte de pasajeros por ferrocarril;0;0;0;0;0;0;0;0;0;0;0;0;0;0;0;0;0;0;0;;;;;;;;;;;;;;;;;;;
;Transporte de pasajeros por carretera;*;*;*;*;*;*;*;*;*;*;*;*;*;*;*;*;*;*;*;;;;;;;;;;;;;;;;;;;
;Transporte de pasajeros por agua;0;0;0;0;0;0;0;0;0;0;0;0;0;0;0;0;0;0;0;;;;;;;;;;;;;;;;;;;
;Transporte aéreo de pasajeros;0;0;0;0;0;0;0;0;0;0;0;0;0;0;0;0;0;0;0;;;;;;;;;;;;;;;;;;;
;Alquiler de equipos de transporte;0;0;0;0;0;*;0;0;0;0;*;*;*;*;*;0;0;*;*;;;;;;;;;;;;;;;;;;;
;Actividades de agencias de viajes y de otros servicios de reservas;*;0;0;0;0;0;0;0;0;0;*;*;*;*;*;*;*;*;*;;;;;;;;;;;;;;;;;;;
;Actividades culturales;0;0;0;0;0;0;0;0;0;0;*;*;*;0;*;0;0;0;0;;;;;;;;;;;;;;;;;;;
;Actividades deportivas y recreativas;0;0;0;0;0;0;0;0;0;0;*;*;*;*;*;*;*;*;*;;;;;;;;;;;;;;;;;;;
;Comercio al por menor de bienes característicos del turismo;0;0;0;0;0;0;0;*;*;*;*;*;0;*;*;*;*;0;0;;;;;;;;;;;;;;;;;;;
;Actividades relacionadas con segundos hogares y multipropiedades;*;*;*;*;*;*;*;*;*;*;*;*;*;*;*;*;*;*;*;;;;;;;;;;;;;;;;;;;
4105;Paihuano;10.881;14.242;20.696;25.051;27.465;27.267;33.267;34.282;42.627;47.968;55.486;74.528;105.437;101.716;103.465;61.748;123.837;135.059;121.437;;30,90%;45,30%;21,00%;9,60%;-0,70%;22,00%;3,10%;24,30%;12,50%;15,70%;34,30%;41,50%;-3,50%;1,70%;-40,30%;100,60%;9,10%;-10,10%
;Alojamiento turístico;*;0;18.714;19.967;18.074;17.828;20.888;19.089;23.997;25.836;27.457;43.543;65.708;52.355;51.881;29.031;53.968;71.638;51.630;;;;6,70%;-9,50%;-1,40%;17,20%;-8,60%;25,70%;7,70%;6,30%;58,60%;50,90%;-20,30%;-0,90%;-44,00%;85,90%;32,70%;-27,90%
;Actividades de provisión de alimentos y bebidas;10.881;12.914;0;3.253;4.893;6.293;9.456;11.543;13.985;17.308;19.355;22.279;31.938;39.099;43.786;29.313;58.665;58.827;59.298;;18,70%;-100,00%;;50,40%;28,60%;50,20%;22,10%;21,20%;23,80%;11,80%;15,10%;43,40%;22,40%;12,00%;-33,10%;100,10%;0,30%;0,80%
;Transporte de pasajeros por ferrocarril;0;0;0;0;0;0;0;0;0;0;0;0;0;0;0;0;0;0;0;;;;;;;;;;;;;;;;;;;
;Transporte de pasajeros por carretera;0;*;*;*;*;*;*;*;*;*;*;0;*;*;*;*;*;*;*;;;;;;;;;;;;;;;;;;;
;Transporte de pasajeros por agua;0;0;0;0;0;0;0;0;0;0;0;0;0;0;0;0;0;0;0;;;;;;;;;;;;;;;;;;;
;Transporte aéreo de pasajeros;0;0;0;0;0;0;0;0;0;0;0;0;0;0;0;0;0;0;0;;;;;;;;;;;;;;;;;;;
;Alquiler de equipos de transporte;0;0;0;*;*;0;0;0;0;0;0;0;0;*;0;0;0;0;0;;;;;;;;;;;;;;;;;;;
;Actividades de agencias de viajes y de otros servicios de reservas;*;*;*;*;*;*;*;*;*;*;*;*;*;*;*;*;0;*;*;;;;;;;;;;;;;;;;;;;
;Actividades culturales;0;0;0;0;0;0;0;0;0;0;*;*;*;*;0;0;*;0;0;;;;;;;;;;;;;;;;;;;
;Actividades deportivas y recreativas;*;*;*;*;*;0;0;0;0;0;*;*;*;*;*;*;*;*;*;;;;;;;;;;;;;;;;;;;
;Comercio al por menor de bienes característicos del turismo;*;1.328;1.982;1.831;4.499;3.145;2.923;3.650;4.645;4.824;8.675;8.706;7.791;10.261;7.799;3.404;11.204;4.594;5.441;;;49,20%;-7,60%;145,60%;-30,10%;-7,10%;24,90%;27,30%;3,90%;79,80%;0,40%;-10,50%;31,70%;-24,00%;-56,40%;229,20%;-59,00%;18,40%
;Actividades relacionadas con segundos hogares y multipropiedades;*;*;*;*;*;*;*;*;*;*;*;*;0;0;0;0;0;0;5.067;;;;;;;;;;;;;;;;;;;
4106;Vicuña;37.739;44.499;42.854;42.723;44.438;60.633;71.885;83.308;100.389;252.717;160.655;226.940;235.259;334.854;300.626;243.915;457.214;378.530;348.192;;17,90%;-3,70%;-0,30%;4,00%;36,40%;18,60%;15,90%;20,50%;151,70%;-36,40%;41,30%;3,70%;42,30%;-10,20%;-18,90%;87,40%;-17,20%;-8,00%
;Alojamiento turístico;0;0;11.147;11.576;12.405;15.334;19.281;23.668;38.487;24.888;36.613;22.690;28.073;38.050;29.832;13.479;31.626;58.094;99.471;;;;3,80%;7,20%;23,60%;25,70%;22,80%;62,60%;-35,30%;47,10%;-38,00%;23,70%;35,50%;-21,60%;-54,80%;134,60%;83,70%;71,20%
;Actividades de provisión de alimentos y bebidas;33.927;28.409;16.969;16.875;20.726;31.818;25.633;22.659;24.422;186.210;67.688;81.863;83.817;162.837;165.277;118.114;251.262;203.778;164.748;;-16,30%;-40,30%;-0,60%;22,80%;53,50%;-19,40%;-11,60%;7,80%;662,50%;-63,60%;20,90%;2,40%;94,30%;1,50%;-28,50%;112,70%;-18,90%;-19,20%
;Transporte de pasajeros por ferrocarril;*;0;0;0;0;0;0;0;0;0;0;0;0;0;0;0;0;0;0;;;;;;;;;;;;;;;;;;;
;Transporte de pasajeros por carretera;3.812;13.651;14.738;6.881;7.070;6.696;9.092;13.865;12.686;18.323;30.578;58.496;55.062;62.852;50.917;50.435;35.897;36.309;41.809;;258,10%;8,00%;-53,30%;2,80%;-5,30%;35,80%;52,50%;-8,50%;44,40%;66,90%;91,30%;-5,90%;14,10%;-19,00%;-0,90%;-28,80%;1,10%;15,10%
;Transporte de pasajeros por agua;0;0;0;0;0;0;0;0;0;0;0;0;0;0;0;0;0;0;0;;;;;;;;;;;;;;;;;;;
;Transporte aéreo de pasajeros;0;0;0;0;0;0;0;0;0;0;0;0;0;0;0;0;0;0;0;;;;;;;;;;;;;;;;;;;
;Alquiler de equipos de transporte;*;*;0;0;*;*;*;*;*;*;*;*;*;*;*;*;*;*;*;;;;;;;;;;;;;;;;;;;
;Actividades de agencias de viajes y de otros servicios de reservas;0;0;0;0;*;0;0;*;*;*;*;*;*;*;0;*;*;0;0;;;;;;;;;;;;;;;;;;;
;Actividades culturales;0;0;*;0;*;0;0;*;*;*;*;*;*;*;*;*;*;*;*;;;;;;;;;;;;;;;;;;;
;Actividades deportivas y recreativas;*;*;*;*;*;*;*;*;*;*;0;0;0;21.318;0;0;0;0;0;;;;;;;;;;;;;;;-100,00%;;;;
;Comercio al por menor de bienes característicos del turismo;*;2.440;*;7.391;4.237;6.786;17.879;23.117;24.794;23.296;25.776;26.735;30.468;3.200;2.158;815;1.985;4.062;4.126;;;;;-42,70%;60,20%;163,50%;29,30%;7,30%;-6,00%;10,60%;3,70%;14,00%;-89,50%;-32,60%;-62,20%;143,70%;104,60%;1,60%
;Actividades relacionadas con segundos hogares y multipropiedades;*;*;*;*;*;*;*;*;*;*;0;37.156;37.839;46.598;52.441;61.072;136.445;76.287;38.037;;;;;;;;;;;;;1,80%;23,10%;12,50%;16,50%;123,40%;-44,10%;-50,10%
4201;Illapel;44.099;75.498;50.475;45.665;50.035;53.474;66.885;86.484;88.407;93.310;190.037;334.954;253.500;214.932;420.654;345.330;556.309;274.305;283.128;;71,20%;-33,10%;-9,50%;9,60%;6,90%;25,10%;29,30%;2,20%;5,50%;103,70%;76,30%;-24,30%;-15,20%;95,70%;-17,90%;61,10%;-50,70%;3,20%
;Alojamiento turístico;0;0;0;0;0;0;0;18.495;12.379;12.357;30.927;24.281;34.834;18.610;15.909;0;12.832;4.811;17.608;;;;;;;;;-33,10%;-0,20%;150,30%;-21,50%;43,50%;-46,60%;-14,50%;-100,00%;;-62,50%;266,00%
;Actividades de provisión de alimentos y bebidas;25.830;37.701;41.265;37.070;30.214;33.465;47.264;44.050;42.794;45.036;64.063;74.967;86.558;140.832;145.915;83.510;140.000;147.895;154.923;;46,00%;9,50%;-10,20%;-18,50%;10,80%;41,20%;-6,80%;-2,90%;5,20%;42,20%;17,00%;15,50%;62,70%;3,60%;-42,80%;67,60%;5,60%;4,80%
;Transporte de pasajeros por ferrocarril;0;0;0;0;0;0;0;0;0;0;0;0;0;0;0;0;0;0;0;;;;;;;;;;;;;;;;;;;
;Transporte de pasajeros por carretera;6.025;22.575;9.210;8.596;9.196;8.917;6.617;12.575;14.201;10.940;53.586;11.299;8.746;11.756;15.021;12.268;21.909;26.337;29.106;;274,70%;-59,20%;-6,70%;7,00%;-3,00%;-25,80%;90,10%;12,90%;-23,00%;389,80%;-78,90%;-22,60%;34,40%;27,80%;-18,30%;78,60%;20,20%;10,50%
;Transporte de pasajeros por agua;0;0;0;0;0;0;0;0;0;0;0;0;0;0;0;0;0;0;0;;;;;;;;;;;;;;;;;;;
;Transporte aéreo de pasajeros;0;0;0;0;0;0;0;0;0;0;0;0;0;0;0;0;0;0;0;;;;;;;;;;;;;;;;;;;
;Alquiler de equipos de transporte;*;*;*;*;*;*;*;4.198;4.540;4.813;11.382;23.188;31.771;11.833;75.418;31.466;59.503;4.966;5.210;;;;;;;;;8,10%;6,00%;136,50%;103,70%;37,00%;-62,80%;537,40%;-58,30%;89,10%;-91,70%;4,90%
;Actividades de agencias de viajes y de otros servicios de reservas;0;0;0;0;0;0;*;*;*;*;*;*;*;*;*;*;*;*;*;;;;;;;;;;;;;;;;;;;
;Actividades culturales;*;0;*;*;*;*;*;*;*;0;0;*;*;*;*;*;*;*;*;;;;;;;;;;;;;;;;;;;
;Actividades deportivas y recreativas;*;*;0;*;*;*;*;*;*;*;0;3.973;6.305;5.450;5.737;0;989;1.573;0;;;;;;;;;;;;;58,70%;-13,60%;5,30%;-100,00%;;59,00%;-100,00%
;Comercio al por menor de bienes característicos del turismo;*;*;*;*;*;*;*;*;*;*;*;*;*;916;737;*;*;*;*;;;;;;;;;;;;;;;-19,50%;;;;
;Actividades relacionadas con segundos hogares y multipropiedades;12.243;15.222;0;0;10.624;11.092;13.004;7.167;14.491;20.163;30.079;197.247;85.286;25.534;161.916;218.087;321.076;88.724;76.281;;24,30%;-100,00%;;;4,40%;17,20%;-44,90%;102,20%;39,10%;49,20%;555,80%;-56,80%;-70,10%;534,10%;34,70%;47,20%;-72,40%;-14,00%
4202;Canela;4.106;11.612;3.799;2.536;0;0;0;7.925;9.955;14.884;36.904;148.365;168.249;25.739;30.622;162.354;189.004;190.436;176.343;;182,80%;-67,30%;-33,30%;-100,00%;;;;25,60%;49,50%;147,90%;302,00%;13,40%;-84,70%;19,00%;430,20%;16,40%;0,80%;-7,40%
;Alojamiento turístico;*;*;*;*;*;*;*;*;*;*;*;*;*;*;*;*;*;*;0;;;;;;;;;;;;;;;;;;;
;Actividades de provisión de alimentos y bebidas;4.106;11.612;3.799;2.536;*;0;*;5.568;4.820;5.056;4.958;146.008;148.112;16.324;20.613;156.082;184.648;175.639;176.343;;182,80%;-67,30%;-33,30%;;;;;-13,40%;4,90%;-1,90%;2844,80%;1,40%;-89,00%;26,30%;657,20%;18,30%;-4,90%;0,40%
;Transporte de pasajeros por ferrocarril;0;0;0;0;0;0;0;0;0;0;0;0;0;0;0;0;0;0;0;;;;;;;;;;;;;;;;;;;
;Transporte de pasajeros por carretera;*;*;*;*;0;0;0;2.357;5.135;9.829;0;2.357;2.182;9.414;10.009;6.272;4.356;14.797;0;;;;;;;;;117,90%;91,40%;-100,00%;;-7,40%;331,50%;6,30%;-37,30%;-30,60%;239,70%;-100,00%
;Transporte de pasajeros por agua;0;0;0;0;0;0;0;0;0;0;0;0;0;0;0;0;0;0;0;;;;;;;;;;;;;;;;;;;
;Transporte aéreo de pasajeros;0;0;0;0;0;0;0;0;0;0;0;0;0;0;0;0;0;0;0;;;;;;;;;;;;;;;;;;;
;Alquiler de equipos de transporte;*;*;*;*;0;*;*;*;*;*;31.946;*;17.955;*;*;*;*;*;*;;;;;;;;;;;;;;;;;;;
;Actividades de agencias de viajes y de otros servicios de reservas;*;0;0;0;0;0;0;0;0;0;0;0;*;*;*;0;0;0;*;;;;;;;;;;;;;;;;;;;
;Actividades culturales;0;0;0;0;0;0;0;0;0;0;0;0;*;*;*;*;*;*;*;;;;;;;;;;;;;;;;;;;
;Actividades deportivas y recreativas;0;0;0;0;0;0;0;0;0;0;*;*;*;*;*;*;*;*;*;;;;;;;;;;;;;;;;;;;
;Comercio al por menor de bienes característicos del turismo;*;*;*;*;*;0;0;*;*;*;*;*;*;*;0;*;*;*;*;;;;;;;;;;;;;;;;;;;
;Actividades relacionadas con segundos hogares y multipropiedades;*;*;*;0;0;*;*;*;0;0;*;*;*;*;*;*;*;*;*;;;;;;;;;;;;;;;;;;;
4203;Los Vilos;82.169;95.809;103.159;112.424;130.544;124.801;189.623;192.098;226.863;231.590;294.282;367.056;622.744;453.847;529.683;495.776;796.033;1.165.595;845.500;;16,60%;7,70%;9,00%;16,10%;-4,40%;51,90%;1,30%;18,10%;2,10%;27,10%;24,70%;69,70%;-27,10%;16,70%;-6,40%;60,60%;46,40%;-27,50%
;Alojamiento turístico;26.346;28.201;32.042;29.895;40.781;47.188;44.368;59.143;65.467;65.016;47.527;42.482;72.321;82.745;237.330;255.426;388.253;545.212;238.210;;7,00%;13,60%;-6,70%;36,40%;15,70%;-6,00%;33,30%;10,70%;-0,70%;-26,90%;-10,60%;70,20%;14,40%;186,80%;7,60%;52,00%;40,40%;-56,30%
;Actividades de provisión de alimentos y bebidas;53.199;66.069;66.030;75.563;82.869;68.668;133.820;121.131;130.154;132.875;146.602;168.136;366.683;207.385;211.079;174.514;268.363;432.399;398.180;;24,20%;-0,10%;14,40%;9,70%;-17,10%;94,90%;-9,50%;7,40%;2,10%;10,30%;14,70%;118,10%;-43,40%;1,80%;-17,30%;53,80%;61,10%;-7,90%
;Transporte de pasajeros por ferrocarril;0;0;0;0;0;0;0;0;0;0;0;0;0;0;0;0;0;0;0;;;;;;;;;;;;;;;;;;;
;Transporte de pasajeros por carretera;2.624;1.539;5.087;6.966;6.894;8.944;11.435;11.824;12.595;10.841;21.814;34.057;24.896;39.215;51.082;17.652;25.205;50.978;31.375;;-41,40%;230,60%;36,90%;-1,00%;29,70%;27,90%;3,40%;6,50%;-13,90%;101,20%;56,10%;-26,90%;57,50%;30,30%;-65,40%;42,80%;102,30%;-38,50%
;Transporte de pasajeros por agua;*;*;0;0;0;0;0;0;0;0;*;*;*;*;0;*;0;0;0;;;;;;;;;;;;;;;;;;;
;Transporte aéreo de pasajeros;0;0;0;0;0;0;0;0;0;0;0;0;0;0;0;0;0;0;0;;;;;;;;;;;;;;;;;;;
;Alquiler de equipos de transporte;*;*;*;*;*;*;*;*;*;*;34.132;46.560;99.486;9.832;*;10.464;26.750;10.281;8.350;;;;;;;;;;;;36,40%;113,70%;-90,10%;;;155,60%;-61,60%;-18,80%
;Actividades de agencias de viajes y de otros servicios de reservas;*;*;*;*;*;*;*;*;*;*;*;*;*;*;*;*;*;*;*;;;;;;;;;;;;;;;;;;;
;Actividades culturales;0;0;0;0;0;0;0;0;*;*;*;*;*;*;*;*;*;*;*;;;;;;;;;;;;;;;;;;;
;Actividades deportivas y recreativas;*;*;*;*;*;*;*;*;*;*;0;0;0;0;0;0;0;0;0;;;;;;;;;;;;;;;;;;;
;Comercio al por menor de bienes característicos del turismo;*;*;*;*;*;*;*;*;1.464;992;1.228;1.459;1.987;2.052;2.485;1.480;2.307;2.001;2.446;;;;;;;;;;-32,30%;23,80%;18,80%;36,30%;3,30%;21,10%;-40,50%;55,90%;-13,30%;22,20%
;Actividades relacionadas con segundos hogares y multipropiedades;*;*;*;*;*;*;0;0;17.183;21.867;42.980;74.362;57.371;112.618;27.707;36.241;85.155;124.724;166.938;;;;;;;;;;27,30%;96,50%;73,00%;-22,90%;96,30%;-75,40%;30,80%;135,00%;46,50%;33,80%
4204;Salamanca;129.626;239.205;260.257;300.871;340.482;446.107;482.538;657.228;488.350;503.653;800.442;1.064.981;1.080.514;740.930;949.281;1.027.104;1.599.980;2.184.192;1.826.532;;84,50%;8,80%;15,60%;13,20%;31,00%;8,20%;36,20%;-25,70%;3,10%;58,90%;33,00%;1,50%;-31,40%;28,10%;8,20%;55,80%;36,50%;-16,40%
;Alojamiento turístico;41.025;87.397;98.322;99.167;112.011;158.493;125.455;148.338;136.262;116.063;86.858;141.466;116.340;224.417;335.631;292.124;389.189;439.221;443.632;;113,00%;12,50%;0,90%;13,00%;41,50%;-20,80%;18,20%;-8,10%;-14,80%;-25,20%;62,90%;-17,80%;92,90%;49,60%;-13,00%;33,20%;12,90%;1,00%
;Actividades de provisión de alimentos y bebidas;51.072;68.743;60.582;73.346;88.588;119.815;98.884;68.377;81.488;103.761;108.589;121.261;133.322;174.910;264.830;184.692;257.946;372.200;404.888;;34,60%;-11,90%;21,10%;20,80%;35,30%;-17,50%;-30,90%;19,20%;27,30%;4,70%;11,70%;9,90%;31,20%;51,40%;-30,30%;39,70%;44,30%;8,80%
;Transporte de pasajeros por ferrocarril;0;*;*;0;0;0;0;0;0;0;0;0;0;0;0;0;0;0;0;;;;;;;;;;;;;;;;;;;
;Transporte de pasajeros por carretera;565;83.065;101.353;128.357;114.687;129.106;123.174;372.274;199.687;200.859;182.865;271.741;56.176;105.682;154.780;306.755;647.043;952.451;616.928;;14600,50%;22,00%;26,60%;-10,70%;12,60%;-4,60%;202,20%;-46,40%;0,60%;-9,00%;48,60%;-79,30%;88,10%;46,50%;98,20%;110,90%;47,20%;-35,20%
;Transporte de pasajeros por agua;0;0;0;0;0;0;0;0;0;0;0;0;0;0;0;0;0;0;0;;;;;;;;;;;;;;;;;;;
;Transporte aéreo de pasajeros;0;0;0;0;0;0;0;0;0;0;0;0;0;0;0;0;0;0;0;;;;;;;;;;;;;;;;;;;
;Alquiler de equipos de transporte;36.964;*;*;*;25.196;38.692;125.957;56.131;55.024;47.108;316.541;344.177;409.691;119.863;82.646;144.129;193.697;250.270;205.409;;;;;;53,60%;225,50%;-55,40%;-2,00%;-14,40%;571,90%;8,70%;19,00%;-70,70%;-31,00%;74,40%;34,40%;29,20%;-17,90%
;Actividades de agencias de viajes y de otros servicios de reservas;0;0;0;0;*;0;0;0;0;0;*;*;*;*;*;*;*;*;*;;;;;;;;;;;;;;;;;;;
;Actividades culturales;*;*;0;*;*;*;*;*;*;*;*;*;*;*;*;*;*;*;*;;;;;;;;;;;;;;;;;;;
;Actividades deportivas y recreativas;*;*;*;*;*;*;*;*;*;*;0;0;0;0;0;0;0;0;3.851;;;;;;;;;;;;;;;;;;;
;Comercio al por menor de bienes característicos del turismo;*;*;*;*;*;*;*;*;*;*;0;*;*;*;*;*;*;*;*;;;;;;;;;;;;;;;;;;;
;Actividades relacionadas con segundos hogares y multipropiedades;*;0;*;*;0;0;9.068;12.107;15.889;35.862;105.588;186.336;364.986;116.058;111.394;99.404;112.106;170.051;151.824;;;;;;;;33,50%;31,20%;125,70%;194,40%;76,50%;95,90%;-68,20%;-4,00%;-10,80%;12,80%;51,70%;-10,70%
4301;Ovalle;271.140;334.318;348.011;336.400;423.978;420.053;552.209;737.673;847.497;880.263;1.758.623;2.057.195;2.719.727;1.952.501;1.676.035;1.297.935;1.984.283;1.921.687;2.575.770;;23,30%;4,10%;-3,30%;26,00%;-0,90%;31,50%;33,60%;14,90%;3,90%;99,80%;17,00%;32,20%;-28,20%;-14,20%;-22,60%;52,90%;-3,20%;34,00%
;Alojamiento turístico;0;0;38.432;28.639;33.301;35.392;39.225;50.779;72.863;53.202;60.300;45.255;55.194;309.458;50.511;64.562;54.562;163.733;173.253;;;;-25,50%;16,30%;6,30%;10,80%;29,50%;43,50%;-27,00%;13,30%;-24,90%;22,00%;460,70%;-83,70%;27,80%;-15,50%;200,10%;5,80%
;Actividades de provisión de alimentos y bebidas;143.481;164.526;134.060;132.999;144.694;157.014;179.433;186.221;199.790;207.926;371.760;416.927;362.851;472.736;636.670;367.648;502.109;547.738;553.852;;14,70%;-18,50%;-0,80%;8,80%;8,50%;14,30%;3,80%;7,30%;4,10%;78,80%;12,10%;-13,00%;30,30%;34,70%;-42,30%;36,60%;9,10%;1,10%
;Transporte de pasajeros por ferrocarril;0;0;0;0;0;*;0;0;0;0;0;0;0;0;0;0;0;0;0;;;;;;;;;;;;;;;;;;;
;Transporte de pasajeros por carretera;9.098;7.853;25.924;33.261;53.421;34.146;96.613;150.275;194.783;177.447;283.506;332.796;285.645;313.808;446.732;297.560;532.447;537.283;874.392;;-13,70%;230,10%;28,30%;60,60%;-36,10%;182,90%;55,50%;29,60%;-8,90%;59,80%;17,40%;-14,20%;9,90%;42,40%;-33,40%;78,90%;0,90%;62,70%
;Transporte de pasajeros por agua;0;0;0;0;0;0;0;0;0;0;0;0;0;*;*;*;0;0;0;;;;;;;;;;;;;;;;;;;
;Transporte aéreo de pasajeros;0;0;0;0;0;0;*;*;*;*;*;*;*;*;*;*;*;*;*;;;;;;;;;;;;;;;;;;;
;Alquiler de equipos de transporte;23.775;24.950;12.503;17.311;20.420;22.797;19.260;32.478;33.085;25.512;181.743;344.744;524.610;325.371;132.280;65.986;46.745;38.548;88.816;;4,90%;-49,90%;38,50%;18,00%;11,60%;-15,50%;68,60%;1,90%;-22,90%;612,40%;89,70%;52,20%;-38,00%;-59,30%;-50,10%;-29,20%;-17,50%;130,40%
;Actividades de agencias de viajes y de otros servicios de reservas;*;0;*;*;*;*;*;*;*;*;*;*;*;*;*;*;*;*;*;;;;;;;;;;;;;;;;;;;
;Actividades culturales;*;*;*;*;*;*;*;*;*;*;8.716;21.243;17.552;27.237;16.146;945;5.888;14.917;11.050;;;;;;;;;;;;143,70%;-17,40%;55,20%;-40,70%;-94,20%;523,40%;153,30%;-25,90%
;Actividades deportivas y recreativas;0;0;0;0;*;0;0;0;0;0;40.915;32.636;36.402;20.308;14.159;6.323;7.956;21.406;35.531;;;;;;;;;;;;-20,20%;11,50%;-44,20%;-30,30%;-55,30%;25,80%;169,10%;66,00%
;Comercio al por menor de bienes característicos del turismo;4.124;4.794;1.004;826;919;1.682;1.942;2.515;4.344;2.973;2.577;19.839;14.785;2.396;2.447;1.968;5.355;3.312;4.860;;16,20%;-79,10%;-17,70%;11,30%;83,10%;15,50%;29,50%;72,70%;-31,60%;-13,30%;669,70%;-25,50%;-83,80%;2,10%;-19,60%;172,10%;-38,20%;46,80%
;Actividades relacionadas con segundos hogares y multipropiedades;90.663;132.194;136.088;123.364;171.223;169.023;215.736;315.405;342.632;413.204;809.107;843.755;1.422.689;481.187;377.088;492.944;829.221;594.751;834.017;;45,80%;2,90%;-9,30%;38,80%;-1,30%;27,60%;46,20%;8,60%;20,60%;95,80%;4,30%;68,60%;-66,20%;-21,60%;30,70%;68,20%;-28,30%;40,20%
4302;Combarbalá;7.160;8.336;5.179;9.219;9.836;8.701;50.521;41.243;33.102;30.470;35.654;55.292;93.364;108.901;70.723;89.252;107.792;49.729;35.705;;16,40%;-37,90%;78,00%;6,70%;-11,50%;480,70%;-18,40%;-19,70%;-8,00%;17,00%;55,10%;68,90%;16,60%;-35,10%;26,20%;20,80%;-53,90%;-28,20%
;Alojamiento turístico;*;*;*;*;*;*;*;*;*;*;*;*;*;0;0;0;0;0;*;;;;;;;;;;;;;;;;;;;
;Actividades de provisión de alimentos y bebidas;7.160;8.336;5.179;9.219;9.787;8.594;10.645;9.361;9.048;8.069;35.654;55.292;93.364;77.664;64.296;80.738;97.067;38.529;30.236;;16,40%;-37,90%;78,00%;6,20%;-12,20%;23,90%;-12,10%;-3,30%;-10,80%;341,80%;55,10%;68,90%;-16,80%;-17,20%;25,60%;20,20%;-60,30%;-21,50%
;Transporte de pasajeros por ferrocarril;0;0;0;0;0;0;0;0;0;0;0;0;0;0;0;0;0;0;0;;;;;;;;;;;;;;;;;;;
;Transporte de pasajeros por carretera;0;*;0;0;49;107;39.876;31.882;24.055;22.400;0;0;0;31.236;6.427;8.514;10.725;11.200;5.469;;;;;;120,10%;37159,90%;-20,00%;-24,60%;-6,90%;-100,00%;;;;-79,40%;32,50%;26,00%;4,40%;-51,20%
;Transporte de pasajeros por agua;0;0;0;0;0;0;0;0;0;0;0;0;0;0;0;0;0;0;0;;;;;;;;;;;;;;;;;;;
;Transporte aéreo de pasajeros;0;0;0;0;0;0;0;0;0;0;0;0;0;0;0;0;0;0;0;;;;;;;;;;;;;;;;;;;
;Alquiler de equipos de transporte;*;*;*;*;*;0;*;*;*;*;*;*;*;*;0;*;*;*;*;;;;;;;;;;;;;;;;;;;
;Actividades de agencias de viajes y de otros servicios de reservas;0;0;0;0;0;0;0;0;0;0;0;0;0;0;0;0;0;0;*;;;;;;;;;;;;;;;;;;;
;Actividades culturales;0;0;0;0;0;0;0;*;*;0;0;*;*;*;0;*;*;0;*;;;;;;;;;;;;;;;;;;;
;Actividades deportivas y recreativas;*;*;*;*;*;*;*;*;*;*;*;*;*;*;*;*;*;*;*;;;;;;;;;;;;;;;;;;;
;Comercio al por menor de bienes característicos del turismo;*;*;*;*;*;*;*;*;*;*;*;*;*;*;*;*;*;*;*;;;;;;;;;;;;;;;;;;;
;Actividades relacionadas con segundos hogares y multipropiedades;*;*;*;*;*;0;0;0;0;0;*;*;*;*;*;*;*;*;*;;;;;;;;;;;;;;;;;;;
4303;Monte Patria;40.516;40.232;19.198;25.296;33.807;42.105;29.220;44.578;38.954;60.809;66.230;100.914;120.751;152.863;152.384;122.895;121.532;115.367;94.126;;-0,70%;-52,30%;31,80%;33,60%;24,50%;-30,60%;52,60%;-12,60%;56,10%;8,90%;52,40%;19,70%;26,60%;-0,30%;-19,40%;-1,10%;-5,10%;-18,40%
;Alojamiento turístico;*;*;*;*;*;*;*;*;*;*;0;0;0;3.541;0;0;0;11.644;0;;;;;;;;;;;;;;;-100,00%;;;;-100,00%
;Actividades de provisión de alimentos y bebidas;38.893;38.035;16.232;20.664;23.837;26.339;20.135;19.267;19.738;38.452;44.339;45.414;59.380;99.312;83.146;65.900;56.454;42.963;35.591;;-2,20%;-57,30%;27,30%;15,40%;10,50%;-23,60%;-4,30%;2,40%;94,80%;15,30%;2,40%;30,80%;67,20%;-16,30%;-20,70%;-14,30%;-23,90%;-17,20%
;Transporte de pasajeros por ferrocarril;0;0;0;0;0;0;0;0;0;0;0;0;0;0;0;0;0;0;0;;;;;;;;;;;;;;;;;;;
;Transporte de pasajeros por carretera;1.623;2.197;2.965;4.632;9.971;15.765;9.084;25.311;19.216;22.357;21.890;43.965;53.118;45.545;69.238;56.995;65.078;60.760;51.581;;35,40%;35,00%;56,20%;115,30%;58,10%;-42,40%;178,60%;-24,10%;16,30%;-2,10%;100,80%;20,80%;-14,30%;52,00%;-17,70%;14,20%;-6,60%;-15,10%
;Transporte de pasajeros por agua;0;0;0;0;0;0;0;0;0;0;0;0;0;0;0;0;0;0;0;;;;;;;;;;;;;;;;;;;
;Transporte aéreo de pasajeros;0;0;0;0;0;0;0;0;0;0;0;0;0;0;0;0;0;0;0;;;;;;;;;;;;;;;;;;;
;Alquiler de equipos de transporte;*;*;*;0;*;0;0;0;*;*;*;11.535;8.252;4.464;*;*;*;*;6.955;;;;;;;;;;;;;-28,50%;-45,90%;;;;;
;Actividades de agencias de viajes y de otros servicios de reservas;0;0;0;0;0;0;0;0;0;0;*;*;*;*;*;*;*;*;*;;;;;;;;;;;;;;;;;;;
;Actividades culturales;0;0;0;0;0;0;0;0;0;0;0;0;0;0;0;0;*;0;*;;;;;;;;;;;;;;;;;;;
;Actividades deportivas y recreativas;*;*;*;*;*;*;0;0;0;0;*;*;*;*;*;*;*;*;*;;;;;;;;;;;;;;;;;;;
;Comercio al por menor de bienes característicos del turismo;*;*;*;*;*;*;*;*;*;*;*;*;*;*;*;*;*;*;*;;;;;;;;;;;;;;;;;;;
;Actividades relacionadas con segundos hogares y multipropiedades;*;*;*;*;*;*;*;*;*;*;*;*;*;*;*;*;*;*;*;;;;;;;;;;;;;;;;;;;
4304;Punitaqui;0;0;0;0;0;0;0;0;10.015;17.591;11.596;30.414;20.409;27.904;19.705;4.662;11.046;13.615;6.467;;;;;;;;;;75,70%;-34,10%;162,30%;-32,90%;36,70%;-29,40%;-76,30%;136,90%;23,30%;-52,50%
;Alojamiento turístico;*;*;*;*;0;*;*;*;*;*;*;*;*;*;*;*;*;*;*;;;;;;;;;;;;;;;;;;;
;Actividades de provisión de alimentos y bebidas;*;*;*;*;*;*;*;*;0;8.433;11.596;10.980;6.591;19.297;11.988;4.662;11.046;13.615;6.467;;;;;;;;;;;37,50%;-5,30%;-40,00%;192,80%;-37,90%;-61,10%;136,90%;23,30%;-52,50%
;Transporte de pasajeros por ferrocarril;0;0;0;0;0;0;0;0;0;0;0;0;0;0;0;0;0;0;0;;;;;;;;;;;;;;;;;;;
;Transporte de pasajeros por carretera;*;*;*;0;0;0;0;0;10.015;9.158;0;19.434;13.818;8.607;7.717;0;0;0;0;;;;;;;;;;-8,60%;-100,00%;;-28,90%;-37,70%;-10,30%;-100,00%;;;
;Transporte de pasajeros por agua;0;0;0;0;0;0;0;0;0;0;0;0;0;0;0;0;0;0;0;;;;;;;;;;;;;;;;;;;
;Transporte aéreo de pasajeros;0;0;0;0;0;0;0;0;0;0;0;0;0;0;0;0;0;0;0;;;;;;;;;;;;;;;;;;;
;Alquiler de equipos de transporte;*;*;0;*;0;*;*;*;*;*;*;*;*;*;*;*;*;*;*;;;;;;;;;;;;;;;;;;;
;Actividades de agencias de viajes y de otros servicios de reservas;0;0;0;0;0;0;0;0;0;0;0;0;0;*;*;*;*;*;*;;;;;;;;;;;;;;;;;;;
;Actividades culturales;0;0;0;0;0;0;0;0;*;*;0;*;*;*;*;*;*;*;*;;;;;;;;;;;;;;;;;;;
;Actividades deportivas y recreativas;*;*;*;*;*;*;*;0;0;0;*;*;*;*;*;*;*;*;*;;;;;;;;;;;;;;;;;;;
;Comercio al por menor de bienes característicos del turismo;*;0;0;0;0;0;*;*;*;*;*;*;*;*;*;*;*;*;*;;;;;;;;;;;;;;;;;;;
;Actividades relacionadas con segundos hogares y multipropiedades;0;0;0;0;0;0;0;*;*;*;*;*;*;*;*;*;*;*;*;;;;;;;;;;;;;;;;;;;
4305;Río Hurtado;0;0;0;0;0;0;0;0;0;0;0;0;0;5.764;7.380;5.839;7.862;3.262;6.285;;;;;;;;;;;;;;;28,00%;-20,90%;34,70%;-58,50%;92,70%
;Alojamiento turístico;*;*;*;*;*;*;*;*;*;*;*;*;*;*;*;*;*;*;*;;;;;;;;;;;;;;;;;;;
;Actividades de provisión de alimentos y bebidas;0;*;*;*;*;*;*;*;*;*;*;0;0;5.764;7.380;5.839;7.862;3.262;6.285;;;;;;;;;;;;;;;28,00%;-20,90%;34,70%;-58,50%;92,70%
;Transporte de pasajeros por ferrocarril;0;0;0;0;0;0;0;0;0;0;0;0;0;0;0;0;0;0;0;;;;;;;;;;;;;;;;;;;
;Transporte de pasajeros por carretera;*;*;*;*;*;*;*;*;*;*;*;*;0;*;*;*;*;*;*;;;;;;;;;;;;;;;;;;;
;Transporte de pasajeros por agua;0;0;0;0;0;0;0;0;0;0;0;0;0;0;0;0;0;0;0;;;;;;;;;;;;;;;;;;;
;Transporte aéreo de pasajeros;0;0;0;0;0;0;0;0;0;0;0;0;0;0;0;0;0;0;0;;;;;;;;;;;;;;;;;;;
;Alquiler de equipos de transporte;0;0;0;0;0;0;*;0;0;0;*;*;*;*;0;0;0;0;*;;;;;;;;;;;;;;;;;;;
;Actividades de agencias de viajes y de otros servicios de reservas;0;0;0;0;0;0;0;0;0;0;0;0;0;0;0;0;0;0;0;;;;;;;;;;;;;;;;;;;
;Actividades culturales;0;0;0;0;0;0;0;0;0;0;0;0;0;0;0;0;0;0;0;;;;;;;;;;;;;;;;;;;
;Actividades deportivas y recreativas;*;*;0;0;0;0;0;0;0;0;*;*;*;*;*;*;*;*;*;;;;;;;;;;;;;;;;;;;
;Comercio al por menor de bienes característicos del turismo;*;*;*;*;0;0;*;*;*;*;0;0;0;*;*;*;*;*;*;;;;;;;;;;;;;;;;;;;
;Actividades relacionadas con segundos hogares y multipropiedades;0;0;0;0;0;0;0;0;0;0;*;*;*;*;*;*;*;*;*;;;;;;;;;;;;;;;;;;;
Región de Valparaíso;;44.295.325;45.399.247;47.800.840;109.412.619;34.430.572;36.089.545;36.897.295;37.570.698;63.182.134;47.014.883;59.080.647;67.006.690;84.848.191;83.362.880;71.345.037;57.683.886;86.752.968;91.523.850;85.233.700;;2,50%;5,30%;128,90%;-68,50%;4,80%;2,20%;1,80%;68,20%;-25,60%;25,70%;13,40%;26,60%;-1,80%;-14,40%;-19,10%;50,40%;5,50%;-6,90%
5101;Valparaíso;22.245.570;25.657.965;25.055.502;87.621.229;7.517.900;7.328.623;7.317.721;7.450.991;6.945.297;6.819.136;10.326.933;7.973.534;23.749.906;22.802.345;6.347.919;3.835.037;5.038.675;5.743.406;5.453.295;;15,30%;-2,30%;249,70%;-91,40%;-2,50%;-0,10%;1,80%;-6,80%;-1,80%;51,40%;-22,80%;197,90%;-4,00%;-72,20%;-39,60%;31,40%;14,00%;-5,10%
;Alojamiento turístico;138.747;152.135;218.257;237.393;250.444;198.312;249.519;251.577;283.171;292.431;398.064;333.648;473.050;414.239;288.549;120.634;179.369;261.429;289.286;;9,60%;43,50%;8,80%;5,50%;-20,80%;25,80%;0,80%;12,60%;3,30%;36,10%;-16,20%;41,80%;-12,40%;-30,30%;-58,20%;48,70%;45,70%;10,70%
;Actividades de provisión de alimentos y bebidas;1.072.711;1.187.446;1.141.054;1.185.948;1.227.240;1.287.386;1.386.943;1.628.304;1.642.681;1.628.829;2.059.444;2.210.468;2.341.089;2.518.431;2.388.928;995.111;1.666.559;2.204.528;2.305.862;;10,70%;-3,90%;3,90%;3,50%;4,90%;7,70%;17,40%;0,90%;-0,80%;26,40%;7,30%;5,90%;7,60%;-5,10%;-58,30%;67,50%;32,30%;4,60%
;Transporte de pasajeros por ferrocarril;*;*;*;*;*;*;*;*;*;0;0;0;0;0;0;0;0;0;0;;;;;;;;;;;;;;;;;;;
;Transporte de pasajeros por carretera;183.223;207.147;287.811;324.093;398.969;420.493;439.831;466.092;517.083;484.609;400.761;464.115;429.785;428.967;424.386;295.430;316.107;502.290;542.658;;13,10%;38,90%;12,60%;23,10%;5,40%;4,60%;6,00%;10,90%;-6,30%;-17,30%;15,80%;-7,40%;-0,20%;-1,10%;-30,40%;7,00%;58,90%;8,00%
;Transporte de pasajeros por agua;18.794.885;20.989.004;21.191.791;82.017.492;1.795.934;1.616.569;1.887.732;1.598.671;496.878;478.376;0;*;*;0;*;*;*;0;0;;11,70%;1,00%;287,00%;-97,80%;-10,00%;16,80%;-15,30%;-68,90%;-3,70%;-100,00%;;;;;;;;
;Transporte aéreo de pasajeros;*;*;*;*;*;*;*;*;*;*;*;0;0;*;0;0;*;0;*;;;;;;;;;;;;;;;;;;;
;Alquiler de equipos de transporte;309.244;414.919;149.691;103.099;61.338;74.125;71.949;76.594;87.980;86.471;582.928;703.263;395.682;179.872;357.473;164.038;167.970;170.962;308.452;;34,20%;-63,90%;-31,10%;-40,50%;20,80%;-2,90%;6,50%;14,90%;-1,70%;574,10%;20,60%;-43,70%;-54,50%;98,70%;-54,10%;2,40%;1,80%;80,40%
;Actividades de agencias de viajes y de otros servicios de reservas;168.036;83.036;74.779;332.178;42.026;30.600;92.225;155.771;298.266;113.097;164.094;145.712;183.054;159.663;127.690;58.446;50.017;47.394;45.802;;-50,60%;-9,90%;344,20%;-87,30%;-27,20%;201,40%;68,90%;91,50%;-62,10%;45,10%;-11,20%;25,60%;-12,80%;-20,00%;-54,20%;-14,40%;-5,20%;-3,40%
;Actividades culturales;*;0;0;0;2.056;17.064;7.945;15.537;7.600;8.230;35.156;97.054;136.207;116.384;91.374;41.696;51.729;97.764;120.391;;;;;;729,90%;-53,40%;95,60%;-51,10%;8,30%;327,20%;176,10%;40,30%;-14,60%;-21,50%;-54,40%;24,10%;89,00%;23,10%
;Actividades deportivas y recreativas;0;30.107;29.442;28.044;24.799;36.494;34.816;80.775;20.044;58.906;215.532;203.323;201.580;294.299;293.190;107.379;194.042;147.369;105.333;;;-2,20%;-4,70%;-11,60%;47,20%;-4,60%;132,00%;-75,20%;193,90%;265,90%;-5,70%;-0,90%;46,00%;-0,40%;-63,40%;80,70%;-24,10%;-28,50%
;Comercio al por menor de bienes característicos del turismo;49.612;58.261;37.912;38.253;42.793;44.743;43.454;83.240;90.496;91.693;81.136;68.071;76.455;38.309;29.225;17.764;15.868;40.099;38.753;;17,40%;-34,90%;0,90%;11,90%;4,60%;-2,90%;91,60%;8,70%;1,30%;-11,50%;-16,10%;12,30%;-49,90%;-23,70%;-39,20%;-10,70%;152,70%;-3,40%
;Actividades relacionadas con segundos hogares y multipropiedades;1.529.113;2.535.911;1.924.764;3.354.729;3.672.302;3.602.837;3.103.308;3.094.430;3.501.097;3.576.494;6.389.819;3.747.881;19.513.005;18.652.180;2.347.105;2.034.539;2.397.014;2.271.572;1.696.758;;65,80%;-24,10%;74,30%;9,50%;-1,90%;-13,90%;-0,30%;13,10%;2,20%;78,70%;-41,30%;420,60%;-4,40%;-87,40%;-13,30%;17,80%;-5,20%;-25,30%
5102;Casablanca;56.251;80.203;87.420;95.885;75.055;83.947;148.484;163.247;22.496.688;2.220.624;4.413.418;4.110.898;3.219.327;3.217.701;5.085.629;3.272.276;4.960.316;4.603.881;5.006.766;;42,60%;9,00%;9,70%;-21,70%;11,80%;76,90%;9,90%;13680,70%;-90,10%;98,70%;-6,90%;-21,70%;-0,10%;58,10%;-35,70%;51,60%;-7,20%;8,80%
;Alojamiento turístico;*;*;0;0;0;*;0;*;*;0;0;*;0;0;0;0;0;42.146;41.830;;;;;;;;;;;;;;;;;;;-0,70%
;Actividades de provisión de alimentos y bebidas;30.916;38.509;43.481;40.603;32.525;47.687;64.974;55.491;77.938;77.488;138.062;161.932;159.867;279.309;302.694;142.623;233.892;368.981;397.692;;24,60%;12,90%;-6,60%;-19,90%;46,60%;36,30%;-14,60%;40,50%;-0,60%;78,20%;17,30%;-1,30%;74,70%;8,40%;-52,90%;64,00%;57,80%;7,80%
;Transporte de pasajeros por ferrocarril;0;0;0;0;0;0;0;0;0;*;*;*;0;0;0;0;0;0;0;;;;;;;;;;;;;;;;;;;
;Transporte de pasajeros por carretera;11.825;13.932;12.954;13.326;14.066;19.122;23.730;25.492;20.633;17.113;15.977;40.055;60.899;39.331;29.011;13.562;29.127;31.047;20.242;;17,80%;-7,00%;2,90%;5,60%;35,90%;24,10%;7,40%;-19,10%;-17,10%;-6,60%;150,70%;52,00%;-35,40%;-26,20%;-53,30%;114,80%;6,60%;-34,80%
;Transporte de pasajeros por agua;0;0;0;0;0;0;0;0;0;0;*;*;*;0;0;0;0;0;0;;;;;;;;;;;;;;;;;;;
;Transporte aéreo de pasajeros;0;0;0;0;0;0;0;0;0;0;0;0;0;0;0;0;0;0;0;;;;;;;;;;;;;;;;;;;
;Alquiler de equipos de transporte;0;*;*;*;*;*;*;*;*;*;*;*;47.786;*;*;*;*;*;*;;;;;;;;;;;;;;;;;;;
;Actividades de agencias de viajes y de otros servicios de reservas;*;*;0;0;0;0;0;*;*;*;*;*;*;*;*;*;*;*;0;;;;;;;;;;;;;;;;;;;
;Actividades culturales;0;0;0;0;0;*;*;*;*;*;*;*;*;*;*;*;*;*;*;;;;;;;;;;;;;;;;;;;
;Actividades deportivas y recreativas;*;*;*;*;*;*;*;*;0;0;0;0;0;8.072;0;0;1.741;0;10.078;;;;;;;;;;;;;;;-100,00%;;;-100,00%;
;Comercio al por menor de bienes característicos del turismo;*;2.848;*;*;*;*;*;*;*;*;*;*;*;*;20.387;11.391;9.940;10.617;11.141;;;;;;;;;;;;;;;;-44,10%;-12,70%;6,80%;4,90%
;Actividades relacionadas con segundos hogares y multipropiedades;13.510;24.914;30.985;41.956;28.463;17.138;59.780;82.264;22.398.116;2.126.023;4.259.378;3.908.911;2.950.775;2.890.989;4.733.537;3.104.700;4.685.616;4.151.091;4.525.784;;84,40%;24,40%;35,40%;-32,20%;-39,80%;248,80%;37,60%;27127,10%;-90,50%;100,30%;-8,20%;-24,50%;-2,00%;63,70%;-34,40%;50,90%;-11,40%;9,00%
5103;Concón;701.907;511.566;586.944;696.672;780.171;539.737;652.200;729.348;1.026.871;1.490.183;1.133.907;1.796.989;2.757.771;1.520.433;1.597.670;1.528.706;2.664.916;3.509.858;2.585.883;;-27,10%;14,70%;18,70%;12,00%;-30,80%;20,80%;11,80%;40,80%;45,10%;-23,90%;58,50%;53,50%;-44,90%;5,10%;-4,30%;74,30%;31,70%;-26,30%
;Alojamiento turístico;0;0;43.047;47.355;53.643;49.752;0;60.245;59.000;64.323;21.689;128.411;145.084;151.239;148.543;76.680;131.221;148.502;141.055;;;;10,00%;13,30%;-7,30%;-100,00%;;-2,10%;9,00%;-66,30%;492,00%;13,00%;4,20%;-1,80%;-48,40%;71,10%;13,20%;-5,00%
;Actividades de provisión de alimentos y bebidas;195.513;200.842;209.802;218.908;202.436;249.988;342.659;432.038;466.178;511.399;533.538;589.557;653.950;711.184;630.511;430.354;919.367;930.630;956.505;;2,70%;4,50%;4,30%;-7,50%;23,50%;37,10%;26,10%;7,90%;9,70%;4,30%;10,50%;10,90%;8,80%;-11,30%;-31,70%;113,60%;1,20%;2,80%
;Transporte de pasajeros por ferrocarril;0;0;0;0;0;0;0;0;0;0;0;0;0;0;0;0;0;0;0;;;;;;;;;;;;;;;;;;;
;Transporte de pasajeros por carretera;22.242;105.250;87.250;120.284;20.215;17.491;20.061;101.034;116.960;130.300;23.163;56.912;179.069;0;0;19.298;43.443;67.860;259.431;;373,20%;-17,10%;37,90%;-83,20%;-13,50%;14,70%;403,60%;15,80%;11,40%;-82,20%;145,70%;214,60%;-100,00%;;;125,10%;56,20%;282,30%
;Transporte de pasajeros por agua;0;0;0;0;0;0;0;0;0;0;0;0;0;0;0;0;0;0;0;;;;;;;;;;;;;;;;;;;
;Transporte aéreo de pasajeros;0;0;0;0;0;0;0;0;0;0;0;0;0;0;0;0;0;0;0;;;;;;;;;;;;;;;;;;;
;Alquiler de equipos de transporte;7.282;21.280;*;*;*;*;*;2.214;*;2.962;162.013;77.439;97.334;112.757;48.933;16.753;29.961;32.674;41.680;;192,20%;;;;;;;;;5369,30%;-52,20%;25,70%;15,80%;-56,60%;-65,80%;78,80%;9,10%;27,60%
;Actividades de agencias de viajes y de otros servicios de reservas;*;*;*;*;*;*;*;0;0;*;*;*;*;*;*;*;*;*;*;;;;;;;;;;;;;;;;;;;
;Actividades culturales;*;*;*;*;*;*;*;*;*;*;*;*;*;*;*;*;0;0;0;;;;;;;;;;;;;;;;;;;
;Actividades deportivas y recreativas;*;*;*;*;0;*;*;*;*;*;0;106.899;122.770;20.012;30.762;7.788;8.937;10.068;20.435;;;;;;;;;;;;;14,80%;-83,70%;53,70%;-74,70%;14,80%;12,70%;103,00%
;Comercio al por menor de bienes característicos del turismo;1.464;3.068;3.460;3.639;5.988;4.670;2.875;4.197;4.651;4.477;5.152;4.366;4.009;2.712;2.929;2.615;2.732;4.017;2.946;;109,50%;12,80%;5,20%;64,50%;-22,00%;-38,40%;46,00%;10,80%;-3,70%;15,10%;-15,30%;-8,20%;-32,30%;8,00%;-10,70%;4,50%;47,10%;-26,70%
;Actividades relacionadas con segundos hogares y multipropiedades;475.406;181.126;243.385;306.486;497.889;217.836;286.605;129.620;380.082;776.722;388.351;833.405;1.555.555;522.529;735.992;975.219;1.529.255;2.316.106;1.163.831;;-61,90%;34,40%;25,90%;62,50%;-56,20%;31,60%;-54,80%;193,20%;104,40%;-50,00%;114,60%;86,70%;-66,40%;40,90%;32,50%;56,80%;51,50%;-49,80%
5104;Juan Fernández;*;*;*;*;*;*;*;0;0;0;0;0;0;0;0;0;0;0;0;;;;;;;;;;;;;;;;;;;
;Alojamiento turístico;0;*;*;*;*;*;*;*;*;*;*;*;*;*;*;*;*;*;*;;;;;;;;;;;;;;;;;;;
;Actividades de provisión de alimentos y bebidas;*;*;*;*;*;*;*;*;*;*;*;*;*;*;*;*;*;*;*;;;;;;;;;;;;;;;;;;;
;Transporte de pasajeros por ferrocarril;0;0;0;0;0;0;0;0;0;0;0;0;0;0;0;0;0;0;0;;;;;;;;;;;;;;;;;;;
;Transporte de pasajeros por carretera;0;0;0;0;0;0;0;0;0;0;0;*;*;*;*;*;0;*;*;;;;;;;;;;;;;;;;;;;
;Transporte de pasajeros por agua;0;0;0;0;0;0;0;0;0;0;*;0;*;*;*;*;*;*;*;;;;;;;;;;;;;;;;;;;
;Transporte aéreo de pasajeros;0;0;0;0;0;0;0;0;0;0;0;0;0;0;0;0;0;0;0;;;;;;;;;;;;;;;;;;;
;Alquiler de equipos de transporte;0;0;0;0;0;0;0;0;0;0;0;0;0;0;0;0;0;0;0;;;;;;;;;;;;;;;;;;;
;Actividades de agencias de viajes y de otros servicios de reservas;0;0;0;*;0;0;0;0;0;0;*;*;*;*;*;*;*;*;*;;;;;;;;;;;;;;;;;;;
;Actividades culturales;0;0;0;0;0;0;0;0;*;0;0;0;0;0;0;0;0;*;0;;;;;;;;;;;;;;;;;;;
;Actividades deportivas y recreativas;0;0;0;0;*;0;0;0;0;0;*;*;*;0;*;*;*;*;*;;;;;;;;;;;;;;;;;;;
;Comercio al por menor de bienes característicos del turismo;*;*;*;*;*;*;*;*;*;*;*;*;*;0;*;0;*;*;*;;;;;;;;;;;;;;;;;;;
;Actividades relacionadas con segundos hogares y multipropiedades;0;0;0;0;0;0;0;0;0;0;0;0;*;*;0;0;0;0;0;;;;;;;;;;;;;;;;;;;
5105;Puchuncaví;118.557;201.901;203.284;234.045;252.070;239.771;337.855;392.476;395.512;404.135;438.073;499.295;1.749.000;1.054.521;525.922;851.338;1.095.109;844.988;851.266;;70,30%;0,70%;15,10%;7,70%;-4,90%;40,90%;16,20%;0,80%;2,20%;8,40%;14,00%;250,30%;-39,70%;-50,10%;61,90%;28,60%;-22,80%;0,70%
;Alojamiento turístico;55.291;9.682;122.907;120.221;114.258;110.564;144.323;150.823;32.586;39.417;26.977;124.121;106.698;126.196;119.098;53.741;85.675;126.169;110.207;;-82,50%;1169,40%;-2,20%;-5,00%;-3,20%;30,50%;4,50%;-78,40%;21,00%;-31,60%;360,10%;-14,00%;18,30%;-5,60%;-54,90%;59,40%;47,30%;-12,70%
;Actividades de provisión de alimentos y bebidas;45.111;150.136;55.003;96.205;125.499;113.233;163.043;221.629;335.680;328.027;323.511;261.820;396.234;249.402;244.531;222.463;470.793;483.948;479.684;;232,80%;-63,40%;74,90%;30,40%;-9,80%;44,00%;35,90%;51,50%;-2,30%;-1,40%;-19,10%;51,30%;-37,10%;-2,00%;-9,00%;111,60%;2,80%;-0,90%
;Transporte de pasajeros por ferrocarril;0;0;0;0;0;0;0;0;0;0;0;0;0;0;0;0;0;0;0;;;;;;;;;;;;;;;;;;;
;Transporte de pasajeros por carretera;5.185;4.390;4.078;3.975;2.917;2.976;2.798;1.755;0;779;0;1.820;4.313;1.270;957;0;0;0;0;;-15,30%;-7,10%;-2,50%;-26,60%;2,00%;-6,00%;-37,30%;-100,00%;;-100,00%;;137,00%;-70,50%;-24,70%;-100,00%;;;
;Transporte de pasajeros por agua;*;*;*;*;*;*;*;*;*;*;*;*;*;0;0;0;0;0;0;;;;;;;;;;;;;;;;;;;
;Transporte aéreo de pasajeros;0;0;0;0;0;0;0;0;0;0;0;0;0;0;0;0;0;0;0;;;;;;;;;;;;;;;;;;;
;Alquiler de equipos de transporte;*;*;0;0;0;0;0;*;*;*;*;*;0;0;*;*;0;*;*;;;;;;;;;;;;;;;;;;;
;Actividades de agencias de viajes y de otros servicios de reservas;*;*;*;*;*;*;*;*;*;*;*;0;*;*;0;0;*;*;*;;;;;;;;;;;;;;;;;;;
;Actividades culturales;0;*;0;0;*;0;0;0;0;0;*;*;*;*;*;*;*;*;*;;;;;;;;;;;;;;;;;;;
;Actividades deportivas y recreativas;*;*;*;*;*;*;*;*;*;*;0;0;*;0;0;0;0;0;0;;;;;;;;;;;;;;;;;;;
;Comercio al por menor de bienes característicos del turismo;2.090;3.042;1.003;1.104;1.195;886;895;1.113;1.723;2.927;2.525;5.085;9.349;6.028;5.447;6.748;12.024;9.217;11.268;;45,60%;-67,00%;10,00%;8,30%;-25,90%;1,00%;24,40%;54,70%;69,90%;-13,70%;101,40%;83,90%;-35,50%;-9,60%;23,90%;78,20%;-23,30%;22,20%
;Actividades relacionadas con segundos hogares y multipropiedades;10.880;34.651;20.294;12.540;8.200;12.114;26.796;17.155;25.523;32.986;85.060;106.449;1.232.406;671.626;155.889;568.386;526.618;225.653;250.108;;218,50%;-41,40%;-38,20%;-34,60%;47,70%;121,20%;-36,00%;48,80%;29,20%;157,90%;25,10%;1057,70%;-45,50%;-76,80%;264,60%;-7,30%;-57,20%;10,80%
5107;Quintero;314.146;317.835;350.889;343.026;523.060;698.253;373.480;684.961;368.479;355.270;337.324;329.547;994.812;627.276;474.027;434.329;788.375;679.040;583.797;;1,20%;10,40%;-2,20%;52,50%;33,50%;-46,50%;83,40%;-46,20%;-3,60%;-5,10%;-2,30%;201,90%;-36,90%;-24,40%;-8,40%;81,50%;-13,90%;-14,00%
;Alojamiento turístico;52.296;68.690;99.479;154.237;131.494;103.439;110.310;66.769;146.223;46.476;99.817;19.294;19.664;114.486;134.450;70.451;160.958;155.644;93.610;;31,40%;44,80%;55,00%;-14,70%;-21,30%;6,60%;-39,50%;119,00%;-68,20%;114,80%;-80,70%;1,90%;482,20%;17,40%;-47,60%;128,50%;-3,30%;-39,90%
;Actividades de provisión de alimentos y bebidas;55.366;63.405;45.761;70.623;58.346;51.734;70.233;129.310;81.512;134.856;129.572;137.948;220.277;154.247;157.319;123.970;226.429;251.631;270.093;;14,50%;-27,80%;54,30%;-17,40%;-11,30%;35,80%;84,10%;-37,00%;65,40%;-3,90%;6,50%;59,70%;-30,00%;2,00%;-21,20%;82,60%;11,10%;7,30%
;Transporte de pasajeros por ferrocarril;*;*;*;0;0;0;0;0;0;0;0;0;0;0;0;0;0;0;0;;;;;;;;;;;;;;;;;;;
;Transporte de pasajeros por carretera;4.287;4.585;8.896;2.221;4.044;4.975;4.918;13.972;12.834;19.903;20.369;3.197;5.024;36.801;19.287;14.995;17.733;60.282;54.939;;7,00%;94,00%;-75,00%;82,10%;23,00%;-1,20%;184,10%;-8,10%;55,10%;2,30%;-84,30%;57,20%;632,40%;-47,60%;-22,30%;18,30%;239,90%;-8,90%
;Transporte de pasajeros por agua;*;*;0;*;0;0;0;0;0;0;0;*;*;0;*;*;*;*;*;;;;;;;;;;;;;;;;;;;
;Transporte aéreo de pasajeros;0;0;0;0;0;0;0;0;0;0;0;0;0;0;0;0;0;0;0;;;;;;;;;;;;;;;;;;;
;Alquiler de equipos de transporte;*;*;*;*;*;*;*;*;*;*;*;*;*;*;9.407;*;*;*;*;;;;;;;;;;;;;;;;;;;
;Actividades de agencias de viajes y de otros servicios de reservas;*;*;*;*;*;*;0;*;*;*;0;*;*;*;*;*;*;*;*;;;;;;;;;;;;;;;;;;;
;Actividades culturales;0;*;*;0;0;0;0;*;*;*;*;*;*;*;*;*;*;0;0;;;;;;;;;;;;;;;;;;;
;Actividades deportivas y recreativas;*;0;*;*;0;0;0;*;*;0;21.095;31.062;43.382;17.577;22.917;5.927;16.766;34.100;43.167;;;;;;;;;;;;47,20%;39,70%;-59,50%;30,40%;-74,10%;182,90%;103,40%;26,60%
;Comercio al por menor de bienes característicos del turismo;3.536;2.051;1.350;624;2.598;409;497;280;710;1.061;2.127;745;669;1.299;952;634;892;937;1.356;;-42,00%;-34,20%;-53,80%;316,30%;-84,30%;21,40%;-43,60%;153,20%;49,40%;100,60%;-65,00%;-10,30%;94,20%;-26,70%;-33,40%;40,60%;5,10%;44,70%
;Actividades relacionadas con segundos hogares y multipropiedades;198.662;179.104;195.403;115.321;326.577;537.695;187.523;474.629;127.200;152.974;64.344;137.300;705.797;302.866;129.695;218.353;365.598;176.445;120.631;;-9,80%;9,10%;-41,00%;183,20%;64,60%;-65,10%;153,10%;-73,20%;20,30%;-57,90%;113,40%;414,10%;-57,10%;-57,20%;68,40%;67,40%;-51,70%;-31,60%
5109;Viña del Mar;12.365.682;8.993.056;11.200.217;11.261.343;15.907.209;14.503.429;13.203.992;16.368.616;18.640.728;19.130.963;19.302.816;23.582.327;23.820.364;24.621.142;28.198.623;21.665.331;34.139.289;33.067.898;33.948.825;;-27,30%;24,50%;0,50%;41,30%;-8,80%;-9,00%;24,00%;13,90%;2,60%;0,90%;22,20%;1,00%;3,40%;14,50%;-23,20%;57,60%;-3,10%;2,70%
;Alojamiento turístico;515.112;658.756;771.973;819.778;840.727;938.002;1.166.981;1.100.143;1.152.279;1.307.226;733.905;604.624;1.443.910;1.265.509;1.290.602;849.815;919.609;1.380.620;1.898.273;;27,90%;17,20%;6,20%;2,60%;11,60%;24,40%;-5,70%;4,70%;13,40%;-43,90%;-17,60%;138,80%;-12,40%;2,00%;-34,20%;8,20%;50,10%;37,50%
;Actividades de provisión de alimentos y bebidas;3.349.970;1.562.163;1.683.846;1.702.518;1.740.104;1.700.213;2.190.726;2.007.986;1.961.181;2.397.790;2.713.605;4.346.095;4.136.621;4.352.283;5.149.806;2.445.212;4.674.549;6.217.636;7.079.119;;-53,40%;7,80%;1,10%;2,20%;-2,30%;28,90%;-8,30%;-2,30%;22,30%;13,20%;60,20%;-4,80%;5,20%;18,30%;-52,50%;91,20%;33,00%;13,90%
;Transporte de pasajeros por ferrocarril;*;*;*;*;*;*;*;*;*;0;0;0;0;0;0;0;0;0;0;;;;;;;;;;;;;;;;;;;
;Transporte de pasajeros por carretera;179.876;195.398;668.808;720.041;724.729;772.047;775.170;888.205;1.094.580;1.097.951;986.472;1.330.630;1.340.108;1.067.804;931.788;764.179;859.939;992.477;841.121;;8,60%;242,30%;7,70%;0,70%;6,50%;0,40%;14,60%;23,20%;0,30%;-10,20%;34,90%;0,70%;-20,30%;-12,70%;-18,00%;12,50%;15,40%;-15,30%
;Transporte de pasajeros por agua;*;*;*;*;*;*;*;*;*;*;*;*;*;*;*;*;*;*;*;;;;;;;;;;;;;;;;;;;
;Transporte aéreo de pasajeros;*;0;*;*;*;*;0;*;*;*;0;0;0;0;0;*;*;*;*;;;;;;;;;;;;;;;;;;;
;Alquiler de equipos de transporte;603.683;723.382;365.028;373.180;191.899;305.054;467.670;210.800;360.512;355.254;828.483;969.788;1.239.665;806.099;932.047;1.007.539;1.037.324;1.094.299;1.132.469;;19,80%;-49,50%;2,20%;-48,60%;59,00%;53,30%;-54,90%;71,00%;-1,50%;133,20%;17,10%;27,80%;-35,00%;15,60%;8,10%;3,00%;5,50%;3,50%
;Actividades de agencias de viajes y de otros servicios de reservas;408.978;422.082;408.712;353.000;284.132;513.111;572.928;812.973;941.655;453.583;286.498;441.186;426.040;526.877;545.026;220.704;561.353;898.941;526.963;;3,20%;-3,20%;-13,60%;-19,50%;80,60%;11,70%;41,90%;15,80%;-51,80%;-36,80%;54,00%;-3,40%;23,70%;3,40%;-59,50%;154,30%;60,10%;-41,40%
;Actividades culturales;0;7.261;14.190;20.015;15.965;8.594;16.186;13.074;9.665;10.425;25.489;47.044;68.167;46.544;97.659;41.625;94.753;211.773;157.939;;;95,40%;41,10%;-20,20%;-46,20%;88,30%;-19,20%;-26,10%;7,90%;144,50%;84,60%;44,90%;-31,70%;109,80%;-57,40%;127,60%;123,50%;-25,40%
;Actividades deportivas y recreativas;19.332;21.874;21.265;26.038;27.394;34.379;34.738;14.428;17.492;17.210;170.068;386.712;131.910;548.175;203.612;189.487;198.086;220.385;301.483;;13,10%;-2,80%;22,40%;5,20%;25,50%;1,00%;-58,50%;21,20%;-1,60%;888,20%;127,40%;-65,90%;315,60%;-62,90%;-6,90%;4,50%;11,30%;36,80%
;Comercio al por menor de bienes característicos del turismo;66.541;105.890;96.361;88.819;82.216;54.532;102.308;100.493;107.546;94.066;100.027;72.892;106.052;56.373;57.108;29.157;55.720;61.398;40.166;;59,10%;-9,00%;-7,80%;-7,40%;-33,70%;87,60%;-1,80%;7,00%;-12,50%;6,30%;-27,10%;45,50%;-46,80%;1,30%;-48,90%;91,10%;10,20%;-34,60%
;Actividades relacionadas con segundos hogares y multipropiedades;7.222.188;5.296.250;7.170.034;7.157.953;12.000.043;10.177.498;7.877.285;11.220.513;12.995.818;13.397.456;13.458.270;15.383.357;14.927.891;15.951.479;18.990.973;16.117.614;25.737.955;21.990.370;21.971.292;;-26,70%;35,40%;-0,20%;67,60%;-15,20%;-22,60%;42,40%;15,80%;3,10%;0,50%;14,30%;-3,00%;6,90%;19,10%;-15,10%;59,70%;-14,60%;-0,10%
5201;Isla de Pascua;*;*;0;*;*;0;501.716;314.422;451.087;320.379;556.965;687.342;611.969;549.264;465.075;447.984;811.998;502.864;724.345;;;;;;;;-37,30%;43,50%;-29,00%;73,80%;23,40%;-11,00%;-10,20%;-15,30%;-3,70%;81,30%;-38,10%;44,00%
;Alojamiento turístico;0;*;*;*;*;*;*;*;*;*;*;*;*;*;0;*;0;59.918;204.275;;;;;;;;;;;;;;;;;;;240,90%
;Actividades de provisión de alimentos y bebidas;*;*;*;0;*;*;0;0;0;0;*;*;0;*;*;*;0;11.358;49.135;;;;;;;;;;;;;;;;;;;332,60%
;Transporte de pasajeros por ferrocarril;0;0;0;0;0;0;0;0;0;0;0;0;0;0;0;0;0;0;0;;;;;;;;;;;;;;;;;;;
;Transporte de pasajeros por carretera;0;0;0;0;0;0;0;0;0;0;0;*;*;*;*;*;*;*;*;;;;;;;;;;;;;;;;;;;
;Transporte de pasajeros por agua;0;0;0;0;*;*;0;0;0;0;0;0;*;0;*;*;*;*;*;;;;;;;;;;;;;;;;;;;
;Transporte aéreo de pasajeros;0;0;0;0;0;0;0;0;0;0;0;0;0;0;0;0;0;0;0;;;;;;;;;;;;;;;;;;;
;Alquiler de equipos de transporte;0;0;0;0;0;0;0;0;0;0;0;*;*;*;*;*;*;*;*;;;;;;;;;;;;;;;;;;;
;Actividades de agencias de viajes y de otros servicios de reservas;0;0;0;0;0;*;0;0;*;*;*;*;*;*;0;*;*;*;*;;;;;;;;;;;;;;;;;;;
;Actividades culturales;0;0;0;0;0;0;0;0;0;0;0;0;*;*;*;*;*;*;*;;;;;;;;;;;;;;;;;;;
;Actividades deportivas y recreativas;*;*;*;*;*;*;0;0;0;0;0;*;*;*;*;*;*;*;*;;;;;;;;;;;;;;;;;;;
;Comercio al por menor de bienes característicos del turismo;0;0;0;0;0;0;0;0;0;0;0;0;0;*;*;*;*;*;*;;;;;;;;;;;;;;;;;;;
;Actividades relacionadas con segundos hogares y multipropiedades;*;*;*;*;*;*;501.716;314.422;451.087;320.379;556.965;687.342;611.969;549.264;465.075;447.984;811.998;431.588;470.935;;;;;;;;-37,30%;43,50%;-29,00%;73,80%;23,40%;-11,00%;-10,20%;-15,30%;-3,70%;81,30%;-46,80%;9,10%
5301;Los Andes;623.723;675.643;825.433;826.268;960.768;1.027.177;1.230.139;1.338.265;1.526.396;1.389.723;2.742.533;3.302.645;3.427.054;2.050.602;2.354.540;1.354.186;1.656.141;1.978.328;1.999.395;;8,30%;22,20%;0,10%;16,30%;6,90%;19,80%;8,80%;14,10%;-9,00%;97,30%;20,40%;3,80%;-40,20%;14,80%;-42,50%;22,30%;19,50%;1,10%
;Alojamiento turístico;302.586;336.328;324.520;334.843;317.902;347.505;338.048;373.469;440.580;421.671;372.039;408.992;392.361;387.167;315.931;127.932;123.609;456.917;395.055;;11,20%;-3,50%;3,20%;-5,10%;9,30%;-2,70%;10,50%;18,00%;-4,30%;-11,80%;9,90%;-4,10%;-1,30%;-18,40%;-59,50%;-3,40%;269,60%;-13,50%
;Actividades de provisión de alimentos y bebidas;141.333;204.261;228.966;217.728;296.232;296.271;321.475;283.833;309.289;285.979;316.833;537.424;607.130;661.675;525.814;308.737;518.118;539.374;570.306;;44,50%;12,10%;-4,90%;36,10%;0,00%;8,50%;-11,70%;9,00%;-7,50%;10,80%;69,60%;13,00%;9,00%;-20,50%;-41,30%;67,80%;4,10%;5,70%
;Transporte de pasajeros por ferrocarril;0;0;0;0;0;0;0;0;0;0;0;0;0;0;0;0;0;0;0;;;;;;;;;;;;;;;;;;;
;Transporte de pasajeros por carretera;21.162;19.377;23.251;25.659;22.575;26.399;44.852;70.658;69.065;64.486;98.234;87.824;157.698;109.684;809.110;45.703;62.760;146.356;157.762;;-8,40%;20,00%;10,40%;-12,00%;16,90%;69,90%;57,50%;-2,30%;-6,60%;52,30%;-10,60%;79,60%;-30,40%;637,70%;-94,40%;37,30%;133,20%;7,80%
;Transporte de pasajeros por agua;*;*;*;*;*;*;0;0;0;0;0;0;0;0;0;0;0;0;0;;;;;;;;;;;;;;;;;;;
;Transporte aéreo de pasajeros;0;0;0;0;0;0;0;0;0;0;0;*;*;*;*;*;*;*;*;;;;;;;;;;;;;;;;;;;
;Alquiler de equipos de transporte;25.090;15.634;9.928;9.235;15.807;158.489;171.478;214.800;298.684;217.892;305.076;436.835;437.463;305.401;303.690;324.390;379.213;362.789;397.291;;-37,70%;-36,50%;-7,00%;71,20%;902,70%;8,20%;25,30%;39,10%;-27,00%;40,00%;43,20%;0,10%;-30,20%;-0,60%;6,80%;16,90%;-4,30%;9,50%
;Actividades de agencias de viajes y de otros servicios de reservas;*;*;*;*;*;*;*;*;*;*;*;*;*;*;*;*;*;*;*;;;;;;;;;;;;;;;;;;;
;Actividades culturales;*;*;*;*;*;*;*;*;*;*;*;*;*;*;*;0;0;0;0;;;;;;;;;;;;;;;;;;;
;Actividades deportivas y recreativas;*;*;0;0;0;0;0;*;0;0;29.524;38.396;39.567;7.155;15.104;7.111;6.654;0;0;;;;;;;;;;;;30,10%;3,10%;-81,90%;111,10%;-52,90%;-6,40%;-100,00%;
;Comercio al por menor de bienes característicos del turismo;6.554;15.971;13.379;12.647;8.550;3.159;3.900;2.216;1.890;*;*;*;*;3.195;1.095;*;*;*;2.241;;143,70%;-16,20%;-5,50%;-32,40%;-63,00%;23,40%;-43,20%;-14,70%;;;;;;-65,70%;;;;
;Actividades relacionadas con segundos hogares y multipropiedades;126.999;84.073;225.389;226.157;299.702;195.353;350.386;393.291;406.887;399.694;1.620.827;1.793.175;1.792.834;576.325;383.797;540.314;565.787;472.892;476.740;;-33,80%;168,10%;0,30%;32,50%;-34,80%;79,40%;12,20%;3,50%;-1,80%;305,50%;10,60%;0,00%;-67,90%;-33,40%;40,80%;4,70%;-16,40%;0,80%
5302;Calle Larga;48.880;55.006;63.742;1.374;1.963;22.007;5.849;28.291;38.125;47.890;71.185;110.815;96.850;119.902;139.177;51.137;71.853;127.379;133.471;;12,50%;15,90%;-97,80%;42,90%;1021,20%;-73,40%;383,70%;34,80%;25,60%;48,60%;55,70%;-12,60%;23,80%;16,10%;-63,30%;40,50%;77,30%;4,80%
;Alojamiento turístico;*;*;*;*;*;*;*;*;*;*;*;*;*;*;*;*;*;*;*;;;;;;;;;;;;;;;;;;;
;Actividades de provisión de alimentos y bebidas;23.030;23.749;20.483;0;0;18.957;0;23.686;34.208;43.126;58.174;83.834;69.086;77.650;104.931;50.773;71.241;97.730;100.692;;3,10%;-13,80%;-100,00%;;;-100,00%;;44,40%;26,10%;34,90%;44,10%;-17,60%;12,40%;35,10%;-51,60%;40,30%;37,20%;3,00%
;Transporte de pasajeros por ferrocarril;0;0;0;0;0;0;0;0;0;0;0;0;0;0;0;0;0;0;0;;;;;;;;;;;;;;;;;;;
;Transporte de pasajeros por carretera;25.851;31.258;43.259;1.374;1.963;3.051;5.849;4.605;3.917;4.764;3.793;3.221;3.036;4.106;2.179;0;0;0;0;;20,90%;38,40%;-96,80%;42,90%;55,40%;91,70%;-21,30%;-14,90%;21,60%;-20,40%;-15,10%;-5,80%;35,30%;-46,90%;-100,00%;;;
;Transporte de pasajeros por agua;0;0;0;0;0;0;0;0;0;0;0;0;0;0;0;0;0;0;0;;;;;;;;;;;;;;;;;;;
;Transporte aéreo de pasajeros;0;0;0;0;0;0;0;0;0;0;0;0;0;0;0;0;0;0;0;;;;;;;;;;;;;;;;;;;
;Alquiler de equipos de transporte;*;*;*;*;*;*;*;*;*;*;9.218;23.181;24.728;36.987;12.675;*;*;29.029;32.009;;;;;;;;;;;;151,50%;6,70%;49,60%;-65,70%;;;;10,30%
;Actividades de agencias de viajes y de otros servicios de reservas;0;0;0;0;0;0;0;0;0;0;0;0;0;*;*;0;0;*;0;;;;;;;;;;;;;;;;;;;
;Actividades culturales;0;0;0;0;0;0;0;*;*;*;0;0;0;*;*;*;*;*;*;;;;;;;;;;;;;;;;;;;
;Actividades deportivas y recreativas;0;*;*;*;*;*;*;*;*;*;*;*;*;*;*;*;*;*;*;;;;;;;;;;;;;;;;;;;
;Comercio al por menor de bienes característicos del turismo;*;*;*;*;*;*;*;*;*;*;*;579;*;1.159;508;364;612;620;770;;;;;;;;;;;;;;;-56,20%;-28,40%;68,10%;1,40%;24,20%
;Actividades relacionadas con segundos hogares y multipropiedades;*;*;0;0;0;*;0;0;0;0;0;0;0;0;18.884;0;0;0;0;;;;;;;;;;;;;;;;-100,00%;;;
5303;Rinconada;6.600;6.882;3.750;14.089;130.883;1.653.222;1.589.871;0;0;0;24.289;53.377;41.115;99.808;63.986;52.700;76.444;111.183;116.195;;4,30%;-45,50%;275,70%;829,00%;1163,10%;-3,80%;-100,00%;;;;119,80%;-23,00%;142,80%;-35,90%;-17,60%;45,10%;45,40%;4,50%
;Alojamiento turístico;*;*;*;*;*;*;*;*;*;*;*;*;*;*;*;*;*;*;*;;;;;;;;;;;;;;;;;;;
;Actividades de provisión de alimentos y bebidas;6.600;6.882;3.368;13.796;130.883;1.653.222;1.589.871;*;*;0;13.088;19.307;25.452;44.773;39.182;23.927;50.803;77.703;69.943;;4,30%;-51,10%;309,60%;848,70%;1163,10%;-3,80%;;;;;47,50%;31,80%;75,90%;-12,50%;-38,90%;112,30%;52,90%;-10,00%
;Transporte de pasajeros por ferrocarril;0;0;0;0;0;0;0;0;0;0;0;0;0;0;0;0;0;0;0;;;;;;;;;;;;;;;;;;;
;Transporte de pasajeros por carretera;0;0;382;293;0;0;0;0;0;0;0;0;0;31.186;0;0;0;0;0;;;;-23,20%;-100,00%;;;;;;;;;;-100,00%;;;;
;Transporte de pasajeros por agua;0;*;0;0;0;0;0;0;0;0;0;0;0;0;0;0;0;0;0;;;;;;;;;;;;;;;;;;;
;Transporte aéreo de pasajeros;0;0;0;0;0;0;0;0;0;0;0;0;0;0;0;0;0;0;0;;;;;;;;;;;;;;;;;;;
;Alquiler de equipos de transporte;0;*;0;0;0;0;0;*;*;0;*;*;*;*;*;*;*;*;*;;;;;;;;;;;;;;;;;;;
;Actividades de agencias de viajes y de otros servicios de reservas;0;0;0;0;0;0;0;0;0;0;0;0;0;0;0;*;0;0;0;;;;;;;;;;;;;;;;;;;
;Actividades culturales;0;0;0;0;0;0;0;0;0;0;0;0;0;0;*;*;*;*;*;;;;;;;;;;;;;;;;;;;
;Actividades deportivas y recreativas;0;0;*;*;*;*;0;0;*;*;*;*;*;*;*;*;*;*;*;;;;;;;;;;;;;;;;;;;
;Comercio al por menor de bienes característicos del turismo;*;*;*;*;*;*;*;*;*;*;*;*;*;*;*;*;*;*;*;;;;;;;;;;;;;;;;;;;
;Actividades relacionadas con segundos hogares y multipropiedades;*;*;*;0;*;*;*;*;*;*;11.201;34.070;15.662;23.849;24.803;28.774;25.642;33.480;46.252;;;;;;;;;;;;204,20%;-54,00%;52,30%;4,00%;16,00%;-10,90%;30,60%;38,10%
5304;San Esteban;26.480;16.722;43.116;10.209;44.849;44.438;49.256;59.143;19.384;44.459;159.874;188.803;44.119;40.006;49.356;54.936;92.845;80.269;128.347;;-36,90%;157,80%;-76,30%;339,30%;-0,90%;10,80%;20,10%;-67,20%;129,40%;259,60%;18,10%;-76,60%;-9,30%;23,40%;11,30%;69,00%;-13,50%;59,90%
;Alojamiento turístico;*;*;*;0;0;0;0;0;0;0;0;*;*;0;0;0;*;0;0;;;;;;;;;;;;;;;;;;;
;Actividades de provisión de alimentos y bebidas;6.862;9.627;4.408;4.638;9.783;14.032;14.373;4.967;8.943;7.240;9.787;16.103;19.768;16.510;17.556;13.175;29.306;35.528;34.930;;40,30%;-54,20%;5,20%;110,90%;43,40%;2,40%;-65,40%;80,10%;-19,00%;35,20%;64,50%;22,80%;-16,50%;6,30%;-25,00%;122,40%;21,20%;-1,70%
;Transporte de pasajeros por ferrocarril;0;0;0;0;0;0;0;0;0;0;0;0;0;0;0;0;0;0;0;;;;;;;;;;;;;;;;;;;
;Transporte de pasajeros por carretera;6.280;7.095;5.463;5.571;4.884;6.158;7.354;9.643;10.440;10.138;20.894;31.460;17.058;11.582;15.160;13.846;9.590;7.631;8.737;;13,00%;-23,00%;2,00%;-12,30%;26,10%;19,40%;31,10%;8,30%;-2,90%;106,10%;50,60%;-45,80%;-32,10%;30,90%;-8,70%;-30,70%;-20,40%;14,50%
;Transporte de pasajeros por agua;0;0;0;0;0;0;0;0;0;0;0;0;0;0;0;0;0;0;0;;;;;;;;;;;;;;;;;;;
;Transporte aéreo de pasajeros;0;0;0;0;0;0;0;0;0;0;0;0;0;0;0;0;0;0;0;;;;;;;;;;;;;;;;;;;
;Alquiler de equipos de transporte;*;*;*;*;*;*;*;*;*;*;17.014;*;*;3.286;*;*;*;*;*;;;;;;;;;;;;;;;;;;;
;Actividades de agencias de viajes y de otros servicios de reservas;0;0;*;*;0;*;*;*;*;*;*;*;*;*;*;*;*;*;*;;;;;;;;;;;;;;;;;;;
;Actividades culturales;*;*;*;*;*;*;0;0;0;0;0;*;*;*;*;*;*;*;*;;;;;;;;;;;;;;;;;;;
;Actividades deportivas y recreativas;*;*;*;*;*;*;*;*;*;*;*;0;*;*;*;*;*;*;*;;;;;;;;;;;;;;;;;;;
;Comercio al por menor de bienes característicos del turismo;*;*;*;*;*;0;*;0;0;*;*;*;*;*;*;*;*;*;0;;;;;;;;;;;;;;;;;;;
;Actividades relacionadas con segundos hogares y multipropiedades;13.338;0;33.245;0;30.182;24.248;27.529;44.533;0;27.081;112.180;141.240;7.293;8.628;16.639;27.914;53.948;37.111;84.680;;-100,00%;;-100,00%;;-19,70%;13,50%;61,80%;-100,00%;;314,20%;25,90%;-94,80%;18,30%;92,80%;67,80%;93,30%;-31,20%;128,20%
5401;La Ligua;110.051;79.694;78.135;62.013;64.103;69.769;84.132;96.087;106.526;103.519;290.102;371.798;400.000;378.937;565.777;334.806;453.541;655.853;479.737;;-27,60%;-2,00%;-20,60%;3,40%;8,80%;20,60%;14,20%;10,90%;-2,80%;180,20%;28,20%;7,60%;-5,30%;49,30%;-40,80%;35,50%;44,60%;-26,90%
;Alojamiento turístico;*;*;*;*;0;0;0;0;0;0;0;0;0;0;0;0;0;0;0;;;;;;;;;;;;;;;;;;;
;Actividades de provisión de alimentos y bebidas;48.397;49.927;51.993;36.315;41.009;43.788;51.088;66.381;80.468;83.421;127.391;172.212;173.132;186.605;211.504;136.202;194.728;239.743;239.552;;3,20%;4,10%;-30,20%;12,90%;6,80%;16,70%;29,90%;21,20%;3,70%;52,70%;35,20%;0,50%;7,80%;13,30%;-35,60%;43,00%;23,10%;-0,10%
;Transporte de pasajeros por ferrocarril;0;0;0;0;0;0;0;0;0;0;0;0;0;0;0;0;0;0;0;;;;;;;;;;;;;;;;;;;
;Transporte de pasajeros por carretera;11.042;7.833;4.528;4.190;2.375;7.748;9.240;7.922;16.965;10.373;10.819;25.074;48.959;41.312;49.318;34.504;52.448;56.132;54.985;;-29,10%;-42,20%;-7,50%;-43,30%;226,20%;19,30%;-14,30%;114,10%;-38,90%;4,30%;131,80%;95,30%;-15,60%;19,40%;-30,00%;52,00%;7,00%;-2,00%
;Transporte de pasajeros por agua;0;0;0;0;0;0;0;0;0;0;0;0;0;0;0;0;0;0;0;;;;;;;;;;;;;;;;;;;
;Transporte aéreo de pasajeros;*;0;0;0;0;0;0;0;0;0;0;0;0;0;0;0;0;0;0;;;;;;;;;;;;;;;;;;;
;Alquiler de equipos de transporte;*;*;*;*;*;*;*;*;*;*;41.578;46.561;80.834;17.238;8.086;3.963;1.704;7.157;18.949;;;;;;;;;;;;12,00%;73,60%;-78,70%;-53,10%;-51,00%;-57,00%;319,90%;164,80%
;Actividades de agencias de viajes y de otros servicios de reservas;*;*;*;*;*;*;*;*;*;*;*;*;*;*;*;*;*;*;*;;;;;;;;;;;;;;;;;;;
;Actividades culturales;0;0;0;*;*;*;*;*;*;*;*;*;*;*;*;*;*;0;0;;;;;;;;;;;;;;;;;;;
;Actividades deportivas y recreativas;*;0;*;0;0;*;*;*;*;*;25.200;16.797;17.331;0;9.153;7.071;0;0;5.026;;;;;;;;;;;;-33,30%;3,20%;-100,00%;;-22,80%;-100,00%;;
;Comercio al por menor de bienes característicos del turismo;1.966;2.089;362;*;*;*;1.513;2.583;1.401;835;2.827;11.995;6.875;12.171;13.334;7.488;13.046;2.313;2.767;;6,20%;-82,70%;;;;;70,70%;-45,70%;-40,40%;238,70%;324,20%;-42,70%;77,00%;9,60%;-43,80%;74,20%;-82,30%;19,70%
;Actividades relacionadas con segundos hogares y multipropiedades;48.646;19.846;21.253;21.508;20.718;18.234;22.291;19.201;7.691;8.891;82.286;99.160;72.869;121.611;274.382;145.578;191.615;350.509;158.458;;-59,20%;7,10%;1,20%;-3,70%;-12,00%;22,30%;-13,90%;-59,90%;15,60%;825,50%;20,50%;-26,50%;66,90%;125,60%;-46,90%;31,60%;82,90%;-54,80%
5402;Cabildo;11.799;16.615;14.832;19.191;16.464;24.810;19.793;25.413;38.905;24.775;65.107;98.815;85.260;186.700;153.247;79.991;202.713;163.136;119.892;;40,80%;-10,70%;29,40%;-14,20%;50,70%;-20,20%;28,40%;53,10%;-36,30%;162,80%;51,80%;-13,70%;119,00%;-17,90%;-47,80%;153,40%;-19,50%;-26,50%
;Alojamiento turístico;*;*;*;*;*;*;*;*;*;*;*;*;*;*;*;*;*;*;*;;;;;;;;;;;;;;;;;;;
;Actividades de provisión de alimentos y bebidas;10.704;14.853;13.345;13.877;9.509;12.611;14.516;15.482;31.235;15.712;41.611;49.656;43.065;47.542;61.384;42.708;50.258;63.753;63.593;;38,80%;-10,20%;4,00%;-31,50%;32,60%;15,10%;6,70%;101,80%;-49,70%;164,80%;19,30%;-13,30%;10,40%;29,10%;-30,40%;17,70%;26,90%;-0,30%
;Transporte de pasajeros por ferrocarril;0;0;0;0;0;0;0;0;0;0;0;0;0;0;0;0;0;0;0;;;;;;;;;;;;;;;;;;;
;Transporte de pasajeros por carretera;1.095;1.762;1.487;5.314;6.955;12.199;5.277;9.931;7.670;9.062;23.496;49.158;42.195;36.952;35.826;37.283;51.046;59.305;48.370;;60,80%;-15,60%;257,40%;30,90%;75,40%;-56,70%;88,20%;-22,80%;18,20%;159,30%;109,20%;-14,20%;-12,40%;-3,00%;4,10%;36,90%;16,20%;-18,40%
;Transporte de pasajeros por agua;0;0;0;0;0;0;0;0;0;0;0;0;0;0;0;0;0;0;0;;;;;;;;;;;;;;;;;;;
;Transporte aéreo de pasajeros;0;0;*;0;0;0;0;0;0;0;0;0;0;0;0;0;0;0;0;;;;;;;;;;;;;;;;;;;
;Alquiler de equipos de transporte;*;*;*;*;*;0;*;*;0;0;*;*;*;*;*;*;39.824;33.688;*;;;;;;;;;;;;;;;;;;-15,40%;
;Actividades de agencias de viajes y de otros servicios de reservas;*;*;*;*;*;0;0;*;*;*;*;*;*;*;*;*;*;0;0;;;;;;;;;;;;;;;;;;;
;Actividades culturales;0;0;0;*;0;*;*;*;*;*;*;*;*;*;*;*;*;*;*;;;;;;;;;;;;;;;;;;;
;Actividades deportivas y recreativas;*;*;*;*;*;*;0;*;*;*;*;0;0;*;*;*;*;*;*;;;;;;;;;;;;;;;;;;;
;Comercio al por menor de bienes característicos del turismo;*;*;0;0;*;*;*;*;*;*;*;*;*;*;*;*;*;*;*;;;;;;;;;;;;;;;;;;;
;Actividades relacionadas con segundos hogares y multipropiedades;*;*;*;*;*;*;*;*;*;*;0;0;0;102.206;56.036;0;61.585;6.391;7.930;;;;;;;;;;;;;;;-45,20%;-100,00%;;-89,60%;24,10%
5403;Papudo;19.178;19.266;14.210;12.332;13.943;29.910;71.155;34.388;59.243;92.692;110.541;166.943;96.040;152.348;177.152;191.524;365.619;1.169.032;395.378;;0,50%;-26,20%;-13,20%;13,10%;114,50%;137,90%;-51,70%;72,30%;56,50%;19,30%;51,00%;-42,50%;58,60%;16,30%;8,10%;90,90%;219,70%;-66,20%
;Alojamiento turístico;*;*;*;0;0;*;0;*;*;0;0;0;0;0;0;0;0;0;0;;;;;;;;;;;;;;;;;;;
;Actividades de provisión de alimentos y bebidas;19.178;16.900;14.210;12.332;13.943;29.910;71.155;34.388;34.347;42.288;63.754;73.460;43.749;66.593;109.156;87.644;183.018;186.471;198.071;;-11,90%;-15,90%;-13,20%;13,10%;114,50%;137,90%;-51,70%;-0,10%;23,10%;50,80%;15,20%;-40,40%;52,20%;63,90%;-19,70%;108,80%;1,90%;6,20%
;Transporte de pasajeros por ferrocarril;0;0;0;0;0;0;0;0;0;0;0;0;0;0;0;0;0;0;0;;;;;;;;;;;;;;;;;;;
;Transporte de pasajeros por carretera;*;*;*;*;*;*;*;*;*;*;*;*;*;*;*;*;*;*;*;;;;;;;;;;;;;;;;;;;
;Transporte de pasajeros por agua;0;0;0;0;0;0;0;*;*;0;0;0;0;0;*;0;0;0;0;;;;;;;;;;;;;;;;;;;
;Transporte aéreo de pasajeros;0;0;0;0;0;0;0;0;0;0;0;0;0;0;0;0;0;0;0;;;;;;;;;;;;;;;;;;;
;Alquiler de equipos de transporte;0;0;0;0;0;0;0;0;0;0;*;0;0;0;0;0;0;0;0;;;;;;;;;;;;;;;;;;;
;Actividades de agencias de viajes y de otros servicios de reservas;*;*;*;*;*;*;*;*;*;*;*;0;0;*;*;*;*;*;*;;;;;;;;;;;;;;;;;;;
;Actividades culturales;0;0;0;0;0;0;0;0;0;0;0;0;0;*;*;0;0;0;*;;;;;;;;;;;;;;;;;;;
;Actividades deportivas y recreativas;0;0;*;*;*;*;*;*;*;*;0;0;*;*;*;*;*;*;*;;;;;;;;;;;;;;;;;;;
;Comercio al por menor de bienes característicos del turismo;*;2.366;*;*;*;*;*;*;*;*;*;*;*;615;*;348;*;*;1.292;;;;;;;;;;;;;;;;;;;
;Actividades relacionadas con segundos hogares y multipropiedades;*;*;*;*;*;*;0;0;24.896;50.404;46.787;93.483;52.291;85.140;67.996;103.532;182.601;982.561;196.015;;;;;;;;;;102,50%;-7,20%;99,80%;-44,10%;62,80%;-20,10%;52,30%;76,40%;438,10%;-80,10%
5404;Petorca;7.823;7.356;6.039;6.862;7.200;10.563;11.046;9.149;11.721;7.946;12.587;20.809;29.464;26.786;22.314;12.528;23.660;24.213;21.243;;-6,00%;-17,90%;13,60%;4,90%;46,70%;4,60%;-17,20%;28,10%;-32,20%;58,40%;65,30%;41,60%;-9,10%;-16,70%;-43,90%;88,80%;2,30%;-12,30%
;Alojamiento turístico;0;0;*;*;*;*;*;*;*;*;*;*;*;*;*;*;*;*;*;;;;;;;;;;;;;;;;;;;
;Actividades de provisión de alimentos y bebidas;7.650;7.231;5.969;6.197;5.676;7.632;7.727;8.217;7.823;6.814;7.053;7.816;10.490;11.873;11.977;4.477;11.689;12.088;14.805;;-5,50%;-17,50%;3,80%;-8,40%;34,50%;1,20%;6,30%;-4,80%;-12,90%;3,50%;10,80%;34,20%;13,20%;0,90%;-62,60%;161,10%;3,40%;22,50%
;Transporte de pasajeros por ferrocarril;0;0;0;0;0;0;0;0;0;0;0;0;0;0;0;0;0;0;0;;;;;;;;;;;;;;;;;;;
;Transporte de pasajeros por carretera;173;125;70;665;1.525;2.930;3.319;932;3.898;1.131;5.535;12.993;18.974;14.913;10.337;8.052;11.971;12.125;6.438;;-28,00%;-43,40%;843,60%;129,30%;92,20%;13,30%;-71,90%;318,10%;-71,00%;389,30%;134,80%;46,00%;-21,40%;-30,70%;-22,10%;48,70%;1,30%;-46,90%
;Transporte de pasajeros por agua;0;0;0;0;0;0;0;0;0;0;0;0;0;0;0;0;0;0;0;;;;;;;;;;;;;;;;;;;
;Transporte aéreo de pasajeros;0;0;0;0;0;0;0;0;0;0;0;0;0;0;0;0;0;0;0;;;;;;;;;;;;;;;;;;;
;Alquiler de equipos de transporte;0;0;0;0;0;0;0;*;*;*;*;*;*;*;*;*;*;*;*;;;;;;;;;;;;;;;;;;;
;Actividades de agencias de viajes y de otros servicios de reservas;0;0;0;0;0;0;0;0;0;0;0;0;0;0;*;*;0;*;*;;;;;;;;;;;;;;;;;;;
;Actividades culturales;0;0;0;0;0;0;0;*;*;*;*;*;*;*;*;0;*;*;*;;;;;;;;;;;;;;;;;;;
;Actividades deportivas y recreativas;0;*;*;*;0;0;0;0;0;0;0;0;0;*;*;*;*;*;*;;;;;;;;;;;;;;;;;;;
;Comercio al por menor de bienes característicos del turismo;0;0;0;0;0;0;0;0;0;0;0;0;0;0;0;0;0;0;0;;;;;;;;;;;;;;;;;;;
;Actividades relacionadas con segundos hogares y multipropiedades;*;*;*;*;*;*;*;*;*;*;*;*;*;*;*;*;*;*;*;;;;;;;;;;;;;;;;;;;
5405;Zapallar;1.132.039;1.495.074;800.506;884.290;959.815;536.559;777.750;915.338;653.759;1.502.595;835.995;2.277.708;1.990.247;1.393.563;1.498.699;2.554.608;3.305.529;4.334.394;2.785.398;;32,10%;-46,50%;10,50%;8,50%;-44,10%;45,00%;17,70%;-28,60%;129,80%;-44,40%;172,50%;-12,60%;-30,00%;7,50%;70,50%;29,40%;31,10%;-35,70%
;Alojamiento turístico;*;*;*;*;*;*;*;*;*;*;*;*;*;*;*;*;*;*;*;;;;;;;;;;;;;;;;;;;
;Actividades de provisión de alimentos y bebidas;53.943;85.081;56.061;87.010;59.793;58.737;69.625;73.026;121.478;123.687;155.852;179.299;190.656;196.790;205.614;170.086;243.009;267.601;269.902;;57,70%;-34,10%;55,20%;-31,30%;-1,80%;18,50%;4,90%;66,30%;1,80%;26,00%;15,00%;6,30%;3,20%;4,50%;-17,30%;42,90%;10,10%;0,90%
;Transporte de pasajeros por ferrocarril;0;0;0;0;0;0;0;0;0;0;0;0;0;0;0;0;0;0;0;;;;;;;;;;;;;;;;;;;
;Transporte de pasajeros por carretera;*;*;*;*;*;*;*;*;*;*;0;*;*;*;*;*;*;*;*;;;;;;;;;;;;;;;;;;;
;Transporte de pasajeros por agua;0;0;0;0;0;0;0;0;0;0;0;0;0;0;0;0;0;0;0;;;;;;;;;;;;;;;;;;;
;Transporte aéreo de pasajeros;0;0;0;0;0;0;0;0;0;0;0;0;0;0;0;0;0;0;0;;;;;;;;;;;;;;;;;;;
;Alquiler de equipos de transporte;0;*;*;*;*;*;*;*;*;*;*;*;*;*;*;*;0;*;*;;;;;;;;;;;;;;;;;;;
;Actividades de agencias de viajes y de otros servicios de reservas;*;*;*;*;*;*;*;*;*;*;*;*;*;*;*;*;*;*;*;;;;;;;;;;;;;;;;;;;
;Actividades culturales;0;0;0;0;0;0;0;0;0;0;0;*;*;0;*;*;*;*;*;;;;;;;;;;;;;;;;;;;
;Actividades deportivas y recreativas;*;*;*;*;*;*;*;*;0;*;*;*;*;*;*;*;*;*;*;;;;;;;;;;;;;;;;;;;
;Comercio al por menor de bienes característicos del turismo;*;*;*;0;*;*;0;*;*;0;*;*;*;*;*;*;*;1.328;3.378;;;;;;;;;;;;;;;;;;;154,40%
;Actividades relacionadas con segundos hogares y multipropiedades;1.078.097;1.409.993;744.445;797.279;900.022;477.822;708.125;842.312;532.280;1.378.908;680.143;2.098.409;1.799.591;1.196.773;1.293.085;2.384.523;3.062.519;4.065.465;2.512.118;;30,80%;-47,20%;7,10%;12,90%;-46,90%;48,20%;18,90%;-36,80%;159,10%;-50,70%;208,50%;-14,20%;-33,50%;8,00%;84,40%;28,40%;32,70%;-38,20%
5501;Quillota;446.900;846.189;439.664;554.240;617.806;847.177;1.088.949;1.643.968;929.384;1.289.448;2.329.332;1.555.893;2.377.565;2.714.966;2.232.204;3.490.424;4.698.545;5.035.278;4.650.183;;89,30%;-48,00%;26,10%;11,50%;37,10%;28,50%;51,00%;-43,50%;38,70%;80,60%;-33,20%;52,80%;14,20%;-17,80%;56,40%;34,60%;7,20%;-7,60%
;Alojamiento turístico;0;0;0;0;34.382;0;0;51.581;0;0;46.188;0;6.001;0;0;0;0;0;0;;;;;;-100,00%;;;-100,00%;;;-100,00%;;-100,00%;;;;;
;Actividades de provisión de alimentos y bebidas;123.060;100.884;101.835;110.432;130.417;138.493;202.322;158.291;169.658;164.369;260.405;335.878;321.849;434.201;458.552;259.771;493.079;577.479;596.281;;-18,00%;0,90%;8,40%;18,10%;6,20%;46,10%;-21,80%;7,20%;-3,10%;58,40%;29,00%;-4,20%;34,90%;5,60%;-43,30%;89,80%;17,10%;3,30%
;Transporte de pasajeros por ferrocarril;0;*;0;0;0;0;0;0;0;0;0;0;0;0;0;0;0;0;0;;;;;;;;;;;;;;;;;;;
;Transporte de pasajeros por carretera;57.369;67.555;63.868;50.226;67.041;61.931;381.047;1.088.068;288.036;538.877;734.169;83.563;671.368;913.492;93.904;1.329.647;1.857.888;1.936.144;1.833.511;;17,80%;-5,50%;-21,40%;33,50%;-7,60%;515,30%;185,50%;-73,50%;87,10%;36,20%;-88,60%;703,40%;36,10%;-89,70%;1316,00%;39,70%;4,20%;-5,30%
;Transporte de pasajeros por agua;0;0;0;0;0;0;0;0;0;0;0;0;0;0;0;0;0;0;0;;;;;;;;;;;;;;;;;;;
;Transporte aéreo de pasajeros;0;0;0;0;0;0;0;0;0;0;0;0;0;0;*;*;*;*;*;;;;;;;;;;;;;;;;;;;
;Alquiler de equipos de transporte;8.684;8.383;7.515;13.200;*;*;15.156;13.884;12.835;8.172;247.618;102.325;85.229;44.895;567.380;582.753;715.720;866.284;607.792;;-3,50%;-10,30%;75,60%;;;;-8,40%;-7,60%;-36,30%;2929,90%;-58,70%;-16,70%;-47,30%;1163,80%;2,70%;22,80%;21,00%;-29,80%
;Actividades de agencias de viajes y de otros servicios de reservas;*;*;*;*;*;*;*;*;*;*;*;*;*;*;0;*;*;*;*;;;;;;;;;;;;;;;;;;;
;Actividades culturales;*;*;*;*;*;*;*;*;*;*;*;0;0;4.429;0;0;0;0;8.131;;;;;;;;;;;;;;;-100,00%;;;;
;Actividades deportivas y recreativas;*;*;*;0;0;0;0;0;0;0;46.145;45.189;53.226;236.694;52.327;12.805;23.245;26.691;64.148;;;;;;;;;;;;-2,10%;17,80%;344,70%;-77,90%;-75,50%;81,50%;14,80%;140,30%
;Comercio al por menor de bienes característicos del turismo;4.209;3.977;2.479;1.799;1.436;1.566;2.918;4.387;5.839;6.997;8.270;8.397;7.677;3.328;2.669;3.155;2.707;2.738;2.878;;-5,50%;-37,70%;-27,40%;-20,10%;9,10%;86,30%;50,30%;33,10%;19,80%;18,20%;1,50%;-8,60%;-56,60%;-19,80%;18,20%;-14,20%;1,10%;5,10%
;Actividades relacionadas con segundos hogares y multipropiedades;253.578;665.390;263.967;378.583;384.529;645.186;487.506;327.757;453.016;571.032;986.537;980.542;1.232.216;1.077.926;1.057.370;1.302.293;1.605.907;1.625.942;1.537.441;;162,40%;-60,30%;43,40%;1,60%;67,80%;-24,40%;-32,80%;38,20%;26,10%;72,80%;-0,60%;25,70%;-12,50%;-1,90%;23,20%;23,30%;1,20%;-5,40%
5502;La Calera;136.424;186.097;131.742;114.330;165.104;109.434;110.094;121.877;172.566;216.639;451.390;544.088;663.229;3.777.674;580.623;671.884;934.057;711.409;646.137;;36,40%;-29,20%;-13,20%;44,40%;-33,70%;0,60%;10,70%;41,60%;25,50%;108,40%;20,50%;21,90%;469,60%;-84,60%;15,70%;39,00%;-23,80%;-9,20%
;Alojamiento turístico;*;*;*;*;*;*;*;*;*;*;*;*;*;*;*;*;*;*;0;;;;;;;;;;;;;;;;;;;
;Actividades de provisión de alimentos y bebidas;77.113;114.994;47.079;45.784;84.586;53.891;56.573;52.554;56.038;58.554;139.193;176.516;161.173;187.772;222.982;201.276;238.565;247.756;231.247;;49,10%;-59,10%;-2,80%;84,70%;-36,30%;5,00%;-7,10%;6,60%;4,50%;137,70%;26,80%;-8,70%;16,50%;18,80%;-9,70%;18,50%;3,90%;-6,70%
;Transporte de pasajeros por ferrocarril;0;0;0;0;0;0;0;0;0;0;0;0;0;0;0;0;0;0;0;;;;;;;;;;;;;;;;;;;
;Transporte de pasajeros por carretera;22.374;31.719;39.288;19.095;12.474;14.072;14.825;24.025;38.563;73.156;89.739;108.611;128.742;36.837;34.538;68.498;149.557;108.214;125.263;;41,80%;23,90%;-51,40%;-34,70%;12,80%;5,30%;62,10%;60,50%;89,70%;22,70%;21,00%;18,50%;-71,40%;-6,20%;98,30%;118,30%;-27,60%;15,80%
;Transporte de pasajeros por agua;0;0;0;0;0;0;0;0;0;0;0;0;0;0;0;0;0;0;0;;;;;;;;;;;;;;;;;;;
;Transporte aéreo de pasajeros;0;0;0;0;0;0;0;0;0;0;0;0;0;0;0;0;0;0;0;;;;;;;;;;;;;;;;;;;
;Alquiler de equipos de transporte;*;*;*;*;*;*;*;*;9.777;8.322;38.106;67.124;183.021;159.152;148.613;218.744;303.928;143.754;68.862;;;;;;;;;;-14,90%;357,90%;76,20%;172,70%;-13,00%;-6,60%;47,20%;38,90%;-52,70%;-52,10%
;Actividades de agencias de viajes y de otros servicios de reservas;0;0;0;0;*;*;*;*;*;*;0;*;*;*;*;*;*;*;*;;;;;;;;;;;;;;;;;;;
;Actividades culturales;*;*;*;*;0;*;*;*;0;0;*;*;*;*;*;*;*;*;*;;;;;;;;;;;;;;;;;;;
;Actividades deportivas y recreativas;*;0;0;0;0;1.338;*;*;0;0;33.327;47.185;49.848;36.465;33.318;9.585;16.001;3.252;3.073;;;;;;;;;;;;41,60%;5,60%;-26,80%;-8,60%;-71,20%;66,90%;-79,70%;-5,50%
;Comercio al por menor de bienes característicos del turismo;1.971;1.426;1.162;731;782;656;*;*;*;2.049;*;4.180;4.451;1.183;1.821;852;1.561;1.057;1.037;;-27,60%;-18,50%;-37,10%;6,90%;-16,10%;;;;;;;6,50%;-73,40%;54,00%;-53,20%;83,20%;-32,30%;-1,90%
;Actividades relacionadas con segundos hogares y multipropiedades;34.967;37.958;44.213;48.720;67.262;39.476;38.696;45.298;68.187;74.559;151.025;140.472;135.994;3.356.266;139.350;172.929;224.445;207.377;216.655;;8,60%;16,50%;10,20%;38,10%;-41,30%;-2,00%;17,10%;50,50%;9,30%;102,60%;-7,00%;-3,20%;2367,90%;-95,80%;24,10%;29,80%;-7,60%;4,50%
5503;Hijuelas;10.358;9.159;19.669;17.954;19.910;13.271;67.585;19.745;34.445;48.618;87.895;100.446;113.641;123.272;107.761;127.357;228.809;248.912;177.970;;-11,60%;114,80%;-8,70%;10,90%;-33,30%;409,30%;-70,80%;74,50%;41,10%;80,80%;14,30%;13,10%;8,50%;-12,60%;18,20%;79,70%;8,80%;-28,50%
;Alojamiento turístico;*;*;0;0;*;*;*;*;*;*;*;*;*;*;*;*;*;*;*;;;;;;;;;;;;;;;;;;;
;Actividades de provisión de alimentos y bebidas;8.240;9.159;10.044;9.055;10.101;8.205;8.675;19.745;25.677;25.255;34.303;31.465;27.715;76.073;46.629;35.296;35.862;73.407;47.667;;11,10%;9,70%;-9,80%;11,60%;-18,80%;5,70%;127,60%;30,00%;-1,60%;35,80%;-8,30%;-11,90%;174,50%;-38,70%;-24,30%;1,60%;104,70%;-35,10%
;Transporte de pasajeros por ferrocarril;0;0;0;0;0;0;0;0;0;*;0;0;0;0;0;0;0;0;0;;;;;;;;;;;;;;;;;;;
;Transporte de pasajeros por carretera;2.118;0;9.625;8.899;9.809;5.067;0;0;8.769;23.363;39.600;11.736;14.791;12.435;5.044;10.294;10.767;810;2.243;;-100,00%;;-7,50%;10,20%;-48,30%;-100,00%;;;166,40%;69,50%;-70,40%;26,00%;-15,90%;-59,40%;104,10%;4,60%;-92,50%;177,00%
;Transporte de pasajeros por agua;0;0;0;0;0;0;0;0;0;0;0;0;0;0;0;0;0;0;0;;;;;;;;;;;;;;;;;;;
;Transporte aéreo de pasajeros;0;0;0;0;0;0;0;0;0;0;0;0;0;0;0;0;0;0;0;;;;;;;;;;;;;;;;;;;
;Alquiler de equipos de transporte;0;0;0;0;*;*;0;0;0;0;*;*;*;*;*;*;*;*;*;;;;;;;;;;;;;;;;;;;
;Actividades de agencias de viajes y de otros servicios de reservas;*;0;*;0;0;0;0;0;0;0;0;*;*;*;0;0;0;*;0;;;;;;;;;;;;;;;;;;;
;Actividades culturales;0;0;0;0;0;*;0;0;0;0;*;*;*;*;*;*;*;*;*;;;;;;;;;;;;;;;;;;;
;Actividades deportivas y recreativas;*;*;*;0;*;*;*;*;*;*;13.992;15.850;19.081;0;*;*;*;*;*;;;;;;;;;;;;13,30%;20,40%;-100,00%;;;;;
;Comercio al por menor de bienes característicos del turismo;*;*;*;*;*;*;*;*;*;*;*;*;*;*;*;*;*;*;*;;;;;;;;;;;;;;;;;;;
;Actividades relacionadas con segundos hogares y multipropiedades;0;0;0;*;*;*;58.911;*;*;*;0;41.395;52.054;34.765;56.089;81.768;182.179;174.696;128.060;;;;;;;;;;;;;25,80%;-33,20%;61,30%;45,80%;122,80%;-4,10%;-26,70%
5504;La Cruz;65.035;50.942;68.623;124.203;67.705;137.413;67.438;78.510;130.512;125.799;147.930;333.159;436.902;352.907;372.947;340.598;540.247;333.128;467.407;;-21,70%;34,70%;81,00%;-45,50%;103,00%;-50,90%;16,40%;66,20%;-3,60%;17,60%;125,20%;31,10%;-19,20%;5,70%;-8,70%;58,60%;-38,30%;40,30%
;Alojamiento turístico;*;*;*;*;*;*;*;*;0;0;0;0;0;0;0;0;*;*;*;;;;;;;;;;;;;;;;;;;
;Actividades de provisión de alimentos y bebidas;*;9.925;10.265;9.286;7.781;8.300;*;*;5.094;9.219;21.450;14.782;17.378;21.630;24.546;20.291;46.554;65.025;76.990;;;3,40%;-9,50%;-16,20%;6,70%;;;;81,00%;132,70%;-31,10%;17,60%;24,50%;13,50%;-17,30%;129,40%;39,70%;18,40%
;Transporte de pasajeros por ferrocarril;0;0;0;0;0;0;0;0;0;0;0;0;0;0;0;0;0;0;0;;;;;;;;;;;;;;;;;;;
;Transporte de pasajeros por carretera;6.346;674;958;0;0;519;753;1.055;1.835;8.051;10.281;26.654;14.151;18.589;15.040;17.188;18.185;13.261;20.871;;-89,40%;42,30%;-100,00%;;;45,20%;40,10%;73,90%;338,80%;27,70%;159,30%;-46,90%;31,40%;-19,10%;14,30%;5,80%;-27,10%;57,40%
;Transporte de pasajeros por agua;0;0;0;0;0;0;0;0;0;0;0;0;*;*;0;0;*;*;0;;;;;;;;;;;;;;;;;;;
;Transporte aéreo de pasajeros;0;0;0;0;0;0;0;0;0;0;0;0;0;0;0;0;0;0;0;;;;;;;;;;;;;;;;;;;
;Alquiler de equipos de transporte;*;0;*;*;0;*;*;*;*;*;*;14.335;67.487;*;*;*;*;8.554;21.112;;;;;;;;;;;;;370,80%;;;;;;146,80%
;Actividades de agencias de viajes y de otros servicios de reservas;0;0;0;0;0;0;0;0;0;0;*;*;*;*;0;0;*;*;0;;;;;;;;;;;;;;;;;;;
;Actividades culturales;*;*;0;0;0;0;0;0;0;*;*;0;0;*;*;*;*;*;*;;;;;;;;;;;;;;;;;;;
;Actividades deportivas y recreativas;*;*;*;*;*;*;*;*;*;*;0;0;0;0;0;0;0;0;5.853;;;;;;;;;;;;;;;;;;;
;Comercio al por menor de bienes característicos del turismo;0;0;0;0;0;*;*;*;*;0;*;*;*;*;*;*;*;*;*;;;;;;;;;;;;;;;;;;;
;Actividades relacionadas con segundos hogares y multipropiedades;58.689;40.342;57.400;114.917;59.924;128.595;66.685;77.455;123.584;108.529;116.199;277.388;337.886;312.689;333.361;303.120;475.508;246.288;342.580;;-31,30%;42,30%;100,20%;-47,90%;114,60%;-48,10%;16,20%;59,60%;-12,20%;7,10%;138,70%;21,80%;-7,50%;6,60%;-9,10%;56,90%;-48,20%;39,10%
5506;Nogales;6.433;6.484;8.292;17.649;20.458;14.930;13.557;6.063;10.411;64.440;111.518;78.318;123.215;49.822;86.046;75.590;86.214;146.577;143.859;;0,80%;27,90%;112,90%;15,90%;-27,00%;-9,20%;-55,30%;71,70%;518,90%;73,10%;-29,80%;57,30%;-59,60%;72,70%;-12,20%;14,10%;70,00%;-1,90%
;Alojamiento turístico;*;*;*;*;*;*;*;0;*;0;0;0;*;0;12.924;9.122;0;0;0;;;;;;;;;;;;;;;;-29,40%;-100,00%;;
;Actividades de provisión de alimentos y bebidas;6.009;5.266;7.842;14.936;18.239;9.280;8.660;4.647;5.723;3.435;3.943;5.643;12.948;21.115;20.947;19.373;33.703;37.225;30.604;;-12,40%;48,90%;90,50%;22,10%;-49,10%;-6,70%;-46,30%;23,20%;-40,00%;14,80%;43,10%;129,50%;63,10%;-0,80%;-7,50%;74,00%;10,50%;-17,80%
;Transporte de pasajeros por ferrocarril;0;0;0;0;0;0;0;0;0;0;0;0;0;0;0;0;0;0;0;;;;;;;;;;;;;;;;;;;
;Transporte de pasajeros por carretera;424;1.218;450;2.713;2.218;5.651;4.896;1.416;4.688;1.916;5.554;4.250;15.697;28.707;30.290;36.303;11.960;75.350;62.666;;187,20%;-63,10%;503,20%;-18,20%;154,70%;-13,40%;-71,10%;231,00%;-59,10%;189,90%;-23,50%;269,40%;82,90%;5,50%;19,90%;-67,10%;530,00%;-16,80%
;Transporte de pasajeros por agua;0;0;0;0;0;0;0;0;0;0;0;0;0;0;0;0;0;0;0;;;;;;;;;;;;;;;;;;;
;Transporte aéreo de pasajeros;0;0;0;0;0;0;0;0;0;0;0;0;0;0;0;0;0;0;0;;;;;;;;;;;;;;;;;;;
;Alquiler de equipos de transporte;*;*;*;0;0;*;*;*;*;*;*;*;*;*;*;*;*;*;*;;;;;;;;;;;;;;;;;;;
;Actividades de agencias de viajes y de otros servicios de reservas;0;0;0;0;0;0;0;0;0;0;*;*;0;0;0;0;0;0;0;;;;;;;;;;;;;;;;;;;
;Actividades culturales;0;0;0;0;0;0;0;0;0;0;*;*;*;*;*;*;*;*;*;;;;;;;;;;;;;;;;;;;
;Actividades deportivas y recreativas;*;*;*;*;*;*;*;*;*;*;0;12.376;8.953;0;0;*;*;*;*;;;;;;;;;;;;;-27,70%;-100,00%;;;;;
;Comercio al por menor de bienes característicos del turismo;*;*;*;*;*;*;*;*;*;*;*;*;*;*;*;*;*;*;*;;;;;;;;;;;;;;;;;;;
;Actividades relacionadas con segundos hogares y multipropiedades;*;*;*;*;*;*;*;*;*;59.090;102.022;56.049;85.618;0;21.885;10.793;40.551;34.002;50.589;;;;;;;;;;;72,70%;-45,10%;52,80%;-100,00%;;-50,70%;275,70%;-16,20%;48,80%
5601;San Antonio;417.571;482.054;509.467;440.877;585.555;721.894;1.080.615;922.688;943.246;1.005.886;1.811.036;1.957.513;2.506.461;1.784.038;2.083.153;1.268.969;2.671.861;2.025.269;1.294.451;;15,40%;5,70%;-13,50%;32,80%;23,30%;49,70%;-14,60%;2,20%;6,60%;80,00%;8,10%;28,00%;-28,80%;16,80%;-39,10%;110,60%;-24,20%;-36,10%
;Alojamiento turístico;1.739;16.366;46.928;32.563;38.955;42.044;50.632;49.403;48.778;60.075;99.749;48.847;43.617;113.929;71.366;61.924;58.051;85.695;89.378;;840,90%;186,70%;-30,60%;19,60%;7,90%;20,40%;-2,40%;-1,30%;23,20%;66,00%;-51,00%;-10,70%;161,20%;-37,40%;-13,20%;-6,30%;47,60%;4,30%
;Actividades de provisión de alimentos y bebidas;210.014;246.470;189.450;204.070;336.186;257.675;523.156;539.857;585.077;449.763;435.218;479.109;694.365;764.207;624.118;365.103;568.898;699.001;684.393;;17,40%;-23,10%;7,70%;64,70%;-23,40%;103,00%;3,20%;8,40%;-23,10%;-3,20%;10,10%;44,90%;10,10%;-18,30%;-41,50%;55,80%;22,90%;-2,10%
;Transporte de pasajeros por ferrocarril;*;0;0;0;0;0;*;0;0;0;*;0;0;0;0;0;0;0;0;;;;;;;;;;;;;;;;;;;
;Transporte de pasajeros por carretera;71.857;67.027;122.080;59.296;43.073;53.350;75.521;172.331;161.653;217.856;295.262;276.592;177.949;208.112;303.922;165.985;174.483;144.675;150.099;;-6,70%;82,10%;-51,40%;-27,40%;23,90%;41,60%;128,20%;-6,20%;34,80%;35,50%;-6,30%;-35,70%;16,90%;46,00%;-45,40%;5,10%;-17,10%;3,70%
;Transporte de pasajeros por agua;*;*;0;*;*;0;0;0;0;0;*;*;*;*;*;0;0;*;*;;;;;;;;;;;;;;;;;;;
;Transporte aéreo de pasajeros;0;0;0;0;0;0;0;0;0;0;0;0;0;0;0;0;0;0;0;;;;;;;;;;;;;;;;;;;
;Alquiler de equipos de transporte;3.714;9.136;*;*;*;*;*;*;*;*;70.077;73.001;112.326;89.501;*;*;*;19.160;17.212;;146,00%;;;;;;;;;;4,20%;53,90%;-20,30%;;;;;-10,20%
;Actividades de agencias de viajes y de otros servicios de reservas;*;*;*;*;*;*;*;*;*;*;*;*;*;*;*;*;*;*;*;;;;;;;;;;;;;;;;;;;
;Actividades culturales;*;*;0;*;*;*;*;*;*;*;*;0;*;17.369;3.349;2.189;1.304;3.886;6.792;;;;;;;;;;;;;;;-80,70%;-34,60%;-40,40%;197,90%;74,80%
;Actividades deportivas y recreativas;0;2.967;3.969;4.976;1.145;2.364;3.528;1.252;0;0;81.432;86.284;86.755;43.681;20.044;10.331;29.647;23.916;22.679;;;33,70%;25,40%;-77,00%;106,40%;49,20%;-64,50%;-100,00%;;;6,00%;0,50%;-49,70%;-54,10%;-48,50%;187,00%;-19,30%;-5,20%
;Comercio al por menor de bienes característicos del turismo;8.894;10.268;4.641;4.273;3.896;4.466;4.444;2.297;2.883;4.045;7.249;7.303;5.873;6.353;8.585;4.359;7.301;8.648;5.561;;15,40%;-54,80%;-7,90%;-8,80%;14,60%;-0,50%;-48,30%;25,50%;40,30%;79,20%;0,80%;-19,60%;8,20%;35,10%;-49,20%;67,50%;18,50%;-35,70%
;Actividades relacionadas con segundos hogares y multipropiedades;121.352;129.821;142.400;135.699;162.299;361.994;423.332;157.548;144.855;274.147;822.049;986.377;1.385.576;540.887;1.051.769;659.079;1.832.177;1.040.287;318.336;;7,00%;9,70%;-4,70%;19,60%;123,00%;16,90%;-62,80%;-8,10%;89,30%;199,90%;20,00%;40,50%;-61,00%;94,50%;-37,30%;178,00%;-43,20%;-69,40%
5602;Algarrobo;104.985;120.658;95.518;105.220;102.519;148.256;123.447;122.957;141.111;275.852;431.986;817.586;626.514;1.894.782;3.331.998;1.500.345;1.835.421;3.186.494;3.105.690;;14,90%;-20,80%;10,20%;-2,60%;44,60%;-16,70%;-0,40%;14,80%;95,50%;56,60%;89,30%;-23,40%;202,40%;75,90%;-55,00%;22,30%;73,60%;-2,50%
;Alojamiento turístico;0;0;0;12.270;31.914;10.574;0;14.275;0;16.530;19.646;19.008;19.870;34.190;30.606;22.651;26.616;41.438;39.046;;;;;160,10%;-66,90%;-100,00%;;-100,00%;;18,80%;-3,20%;4,50%;72,10%;-10,50%;-26,00%;17,50%;55,70%;-5,80%
;Actividades de provisión de alimentos y bebidas;92.325;94.804;84.570;83.205;50.126;83.709;93.756;94.385;123.349;148.875;191.502;293.117;368.859;511.057;375.974;260.742;485.511;593.655;569.312;;2,70%;-10,80%;-1,60%;-39,80%;67,00%;12,00%;0,70%;30,70%;20,70%;28,60%;53,10%;25,80%;38,60%;-26,40%;-30,60%;86,20%;22,30%;-4,10%
;Transporte de pasajeros por ferrocarril;0;0;0;0;0;0;0;0;0;0;0;0;0;0;0;0;0;0;0;;;;;;;;;;;;;;;;;;;
;Transporte de pasajeros por carretera;0;0;0;0;*;0;0;0;0;0;0;1.566;0;0;0;0;0;0;0;;;;;;;;;;;;;-100,00%;;;;;;
;Transporte de pasajeros por agua;0;0;0;0;0;0;0;0;0;0;0;0;0;0;0;0;0;0;0;;;;;;;;;;;;;;;;;;;
;Transporte aéreo de pasajeros;0;0;0;0;0;0;0;0;0;0;0;0;0;0;0;0;0;0;0;;;;;;;;;;;;;;;;;;;
;Alquiler de equipos de transporte;*;*;*;*;*;*;*;*;*;*;*;*;*;*;*;*;*;*;*;;;;;;;;;;;;;;;;;;;
;Actividades de agencias de viajes y de otros servicios de reservas;0;0;0;0;0;0;0;*;*;*;*;0;*;*;*;*;*;*;*;;;;;;;;;;;;;;;;;;;
;Actividades culturales;0;0;0;0;0;*;0;*;0;0;*;0;*;*;*;*;*;*;*;;;;;;;;;;;;;;;;;;;
;Actividades deportivas y recreativas;*;*;*;*;*;*;*;*;*;*;0;5.600;6.178;2.222;3.636;0;0;4.918;8.804;;;;;;;;;;;;;10,30%;-64,00%;63,60%;-100,00%;;;79,00%
;Comercio al por menor de bienes característicos del turismo;4.746;5.075;1.994;2.259;2.598;2.778;4.751;3.126;4.137;4.625;3.678;3.940;3.375;8.448;6.375;4.607;5.573;7.384;5.861;;6,90%;-60,70%;13,30%;15,00%;6,90%;71,00%;-34,20%;32,30%;11,80%;-20,50%;7,10%;-14,40%;150,30%;-24,50%;-27,70%;21,00%;32,50%;-20,60%
;Actividades relacionadas con segundos hogares y multipropiedades;7.914;20.779;8.954;7.486;17.881;51.195;24.940;11.170;13.625;105.821;217.159;494.355;228.233;1.338.865;2.915.407;1.212.345;1.317.720;2.539.099;2.482.666;;162,60%;-56,90%;-16,40%;138,90%;186,30%;-51,30%;-55,20%;22,00%;676,70%;105,20%;127,60%;-53,80%;486,60%;117,80%;-58,40%;8,70%;92,70%;-2,20%
5603;Cartagena;42.951;62.580;75.880;47.807;64.913;56.575;105.026;78.820;99.698;99.949;181.438;185.086;187.741;164.038;163.041;116.919;196.376;237.626;289.958;;45,70%;21,30%;-37,00%;35,80%;-12,80%;85,60%;-25,00%;26,50%;0,30%;81,50%;2,00%;1,40%;-12,60%;-0,60%;-28,30%;68,00%;21,00%;22,00%
;Alojamiento turístico;11.799;13.299;15.538;10.315;14.418;14.206;25.779;9.755;10.358;19.456;18.377;16.949;17.300;12.273;10.079;8.222;8.496;6.726;10.540;;12,70%;16,80%;-33,60%;39,80%;-1,50%;81,50%;-62,20%;6,20%;87,80%;-5,50%;-7,80%;2,10%;-29,10%;-17,90%;-18,40%;3,30%;-20,80%;56,70%
;Actividades de provisión de alimentos y bebidas;29.233;38.082;40.736;33.401;43.204;34.080;69.400;59.010;77.497;71.471;139.907;144.328;153.435;137.385;142.795;102.001;176.693;223.042;225.514;;30,30%;7,00%;-18,00%;29,30%;-21,10%;103,60%;-15,00%;31,30%;-7,80%;95,80%;3,20%;6,30%;-10,50%;3,90%;-28,60%;73,20%;26,20%;1,10%
;Transporte de pasajeros por ferrocarril;0;0;0;0;0;0;0;0;0;0;0;0;0;0;0;0;0;0;0;;;;;;;;;;;;;;;;;;;
;Transporte de pasajeros por carretera;728;6.976;16.461;915;4.133;5.045;6.690;8.521;9.775;7.343;9.777;4.323;5.571;6.362;5.491;5.611;9.657;7.440;6.812;;858,00%;136,00%;-94,40%;351,90%;22,00%;32,60%;27,40%;14,70%;-24,90%;33,10%;-55,80%;28,90%;14,20%;-13,70%;2,20%;72,10%;-23,00%;-8,40%
;Transporte de pasajeros por agua;0;0;0;0;0;0;0;0;0;0;0;0;0;0;0;0;0;0;0;;;;;;;;;;;;;;;;;;;
;Transporte aéreo de pasajeros;0;0;0;0;0;0;0;0;0;0;0;0;0;0;0;0;0;0;0;;;;;;;;;;;;;;;;;;;
;Alquiler de equipos de transporte;*;0;0;0;0;*;0;*;*;*;*;*;*;0;0;0;0;*;*;;;;;;;;;;;;;;;;;;;
;Actividades de agencias de viajes y de otros servicios de reservas;0;0;0;*;*;*;*;*;*;*;*;*;*;*;*;0;0;0;0;;;;;;;;;;;;;;;;;;;
;Actividades culturales;0;*;*;*;*;*;*;*;*;*;*;*;*;*;*;*;*;*;*;;;;;;;;;;;;;;;;;;;
;Actividades deportivas y recreativas;*;*;*;*;*;*;*;*;*;*;*;0;0;0;*;*;*;0;*;;;;;;;;;;;;;;;;;;;
;Comercio al por menor de bienes característicos del turismo;1.190;4.223;3.145;3.177;3.158;3.244;3.156;1.535;2.068;1.679;3.133;3.542;1.451;1.440;1.967;1.085;1.529;418;525;;254,90%;-25,50%;1,00%;-0,60%;2,70%;-2,70%;-51,40%;34,70%;-18,80%;86,60%;13,00%;-59,00%;-0,80%;36,60%;-44,80%;40,90%;-72,70%;25,70%
;Actividades relacionadas con segundos hogares y multipropiedades;*;*;*;0;*;*;*;*;*;*;10.243;15.943;9.984;6.579;2.709;0;0;0;46.568;;;;;;;;;;;;55,70%;-37,40%;-34,10%;-58,80%;-100,00%;;;
5604;El Quisco;96.189;95.656;106.350;106.294;98.527;108.727;116.855;125.114;142.133;140.077;187.151;308.111;386.139;277.568;307.372;227.227;384.440;450.936;429.586;;-0,60%;11,20%;-0,10%;-7,30%;10,40%;7,50%;7,10%;13,60%;-1,40%;33,60%;64,60%;25,30%;-28,10%;10,70%;-26,10%;69,20%;17,30%;-4,70%
;Alojamiento turístico;14.263;13.623;28.760;27.581;27.197;31.672;38.028;45.179;44.657;37.287;37.818;27.580;146.926;34.718;23.862;22.639;27.677;26.783;34.901;;-4,50%;111,10%;-4,10%;-1,40%;16,50%;20,10%;18,80%;-1,20%;-16,50%;1,40%;-27,10%;432,70%;-76,40%;-31,30%;-5,10%;22,30%;-3,20%;30,30%
;Actividades de provisión de alimentos y bebidas;62.496;65.564;66.229;62.304;56.613;58.893;60.163;59.603;78.911;79.834;107.463;200.526;163.762;190.375;243.850;175.251;311.134;376.055;351.713;;4,90%;1,00%;-5,90%;-9,10%;4,00%;2,20%;-0,90%;32,40%;1,20%;34,60%;86,60%;-18,30%;16,30%;28,10%;-28,10%;77,50%;20,90%;-6,50%
;Transporte de pasajeros por ferrocarril;0;0;0;0;0;0;0;0;0;0;0;0;0;0;0;0;0;0;0;;;;;;;;;;;;;;;;;;;
;Transporte de pasajeros por carretera;1.201;1.327;1.592;830;718;339;228;0;267;214;1.741;1.879;762;0;0;0;0;0;*;;10,60%;19,90%;-47,80%;-13,60%;-52,80%;-32,60%;-100,00%;;-19,80%;713,10%;7,90%;-59,40%;-100,00%;;;;;
;Transporte de pasajeros por agua;0;0;0;0;0;0;0;0;0;0;0;0;0;0;0;0;0;0;0;;;;;;;;;;;;;;;;;;;
;Transporte aéreo de pasajeros;0;0;0;0;0;0;0;0;0;0;0;0;0;0;0;0;0;0;0;;;;;;;;;;;;;;;;;;;
;Alquiler de equipos de transporte;*;0;0;0;0;0;0;0;0;0;*;*;*;*;*;0;0;0;*;;;;;;;;;;;;;;;;;;;
;Actividades de agencias de viajes y de otros servicios de reservas;0;*;*;0;0;0;*;*;*;*;*;*;*;*;*;*;*;*;*;;;;;;;;;;;;;;;;;;;
;Actividades culturales;0;*;0;0;*;*;*;0;*;*;*;*;*;*;*;*;*;*;*;;;;;;;;;;;;;;;;;;;
;Actividades deportivas y recreativas;*;*;*;*;*;*;*;*;*;*;0;0;0;0;*;*;*;0;0;;;;;;;;;;;;;;;;;;;
;Comercio al por menor de bienes característicos del turismo;5.720;6.190;3.554;4.051;4.193;3.124;4.375;5.613;6.816;6.515;14.410;11.238;7.442;26.193;20.454;7.600;5.186;9.752;11.235;;8,20%;-42,60%;14,00%;3,50%;-25,50%;40,00%;28,30%;21,40%;-4,40%;121,20%;-22,00%;-33,80%;251,90%;-21,90%;-62,80%;-31,80%;88,10%;15,20%
;Actividades relacionadas con segundos hogares y multipropiedades;12.509;8.952;6.216;11.526;9.806;14.699;14.061;14.719;11.481;16.226;25.719;66.888;67.247;26.282;19.206;21.737;40.443;38.345;31.736;;-28,40%;-30,60%;85,40%;-14,90%;49,90%;-4,30%;4,70%;-22,00%;41,30%;58,50%;160,10%;0,50%;-60,90%;-26,90%;13,20%;86,10%;-5,20%;-17,20%
5605;El Tabo;96.229;65.861;175.603;71.392;43.070;80.639;173.710;108.429;278.711;400.694;544.233;457.580;350.528;540.662;878.808;290.081;338.009;381.502;1.439.185;;-31,60%;166,60%;-59,30%;-39,70%;87,20%;115,40%;-37,60%;157,00%;43,80%;35,80%;-15,90%;-23,40%;54,20%;62,50%;-67,00%;16,50%;12,90%;277,20%
;Alojamiento turístico;8.892;8.946;15.122;15.015;17.592;20.828;25.414;21.830;26.010;50.653;54.731;38.552;31.735;20.712;20.747;9.422;12.953;25.867;15.028;;0,60%;69,00%;-0,70%;17,20%;18,40%;22,00%;-14,10%;19,10%;94,70%;8,00%;-29,60%;-17,70%;-34,70%;0,20%;-54,60%;37,50%;99,70%;-41,90%
;Actividades de provisión de alimentos y bebidas;15.977;18.739;11.877;12.250;11.482;13.886;19.376;31.276;61.158;52.952;52.524;61.568;84.912;150.563;204.409;100.099;217.352;258.057;203.716;;17,30%;-36,60%;3,10%;-6,30%;20,90%;39,50%;61,40%;95,50%;-13,40%;-0,80%;17,20%;37,90%;77,30%;35,80%;-51,00%;117,10%;18,70%;-21,10%
;Transporte de pasajeros por ferrocarril;0;0;0;0;0;0;0;0;0;0;0;0;0;0;0;0;0;0;0;;;;;;;;;;;;;;;;;;;
;Transporte de pasajeros por carretera;0;0;0;0;0;0;0;0;0;0;0;0;0;0;0;0;0;0;0;;;;;;;;;;;;;;;;;;;
;Transporte de pasajeros por agua;0;0;0;0;0;0;0;0;0;0;0;0;0;0;0;0;0;0;0;;;;;;;;;;;;;;;;;;;
;Transporte aéreo de pasajeros;0;0;0;0;0;0;0;0;0;0;0;0;0;0;0;0;0;0;0;;;;;;;;;;;;;;;;;;;
;Alquiler de equipos de transporte;*;*;*;*;*;0;0;0;0;*;*;*;*;0;*;0;0;0;*;;;;;;;;;;;;;;;;;;;
;Actividades de agencias de viajes y de otros servicios de reservas;*;*;*;*;0;*;*;0;0;*;*;0;*;*;*;*;0;*;*;;;;;;;;;;;;;;;;;;;
;Actividades culturales;*;0;0;0;0;*;*;*;*;0;0;0;0;*;*;*;*;*;*;;;;;;;;;;;;;;;;;;;
;Actividades deportivas y recreativas;*;*;*;*;*;*;*;*;*;*;0;*;0;*;*;*;*;*;*;;;;;;;;;;;;;;;;;;;
;Comercio al por menor de bienes característicos del turismo;1.006;1.128;325;562;704;496;1.784;1.600;1.837;1.893;11.246;10.417;12.949;2.599;2.955;1.163;1.621;3.794;2.932;;12,10%;-71,20%;73,10%;25,20%;-29,60%;260,00%;-10,30%;14,80%;3,00%;494,00%;-7,40%;24,30%;-79,90%;13,70%;-60,70%;39,50%;134,00%;-22,70%
;Actividades relacionadas con segundos hogares y multipropiedades;70.354;37.048;148.280;43.565;13.292;45.430;127.135;53.722;189.705;295.195;425.733;347.043;220.932;366.788;650.697;179.397;106.082;93.784;1.217.509;;-47,30%;300,20%;-70,60%;-69,50%;241,80%;179,80%;-57,70%;253,10%;55,60%;44,20%;-18,50%;-36,30%;66,00%;77,40%;-72,40%;-40,90%;-11,60%;1198,20%
5606;Santo Domingo;3.395.689;3.326.976;4.185.430;3.849.376;3.313.717;4.619.515;4.935.880;3.254.858;4.480.027;5.592.537;6.539.518;9.559.374;7.391.003;6.496.266;6.945.428;7.673.282;12.406.317;12.851.057;9.757.381;;-2,00%;25,80%;-8,00%;-13,90%;39,40%;6,80%;-34,10%;37,60%;24,80%;16,90%;46,20%;-22,70%;-12,10%;6,90%;10,50%;61,70%;3,60%;-24,10%
;Alojamiento turístico;*;*;*;*;*;*;*;*;*;*;*;*;*;*;*;*;*;*;0;;;;;;;;;;;;;;;;;;;
;Actividades de provisión de alimentos y bebidas;*;27.799;32.561;31.244;0;37.292;0;48.213;52.849;52.116;104.986;116.159;87.744;53.895;78.860;53.592;104.043;136.798;159.245;;;17,10%;-4,00%;-100,00%;;-100,00%;;9,60%;-1,40%;101,40%;10,60%;-24,50%;-38,60%;46,30%;-32,00%;94,10%;31,50%;16,40%
;Transporte de pasajeros por ferrocarril;0;0;0;0;0;0;0;0;0;0;0;0;0;0;0;0;0;0;0;;;;;;;;;;;;;;;;;;;
;Transporte de pasajeros por carretera;0;*;0;0;0;0;0;0;0;0;3.392;2.646;2.939;8.969;11.347;11.316;15.216;19.124;23.425;;;;;;;;;;;;-22,00%;11,10%;205,20%;26,50%;-0,30%;34,50%;25,70%;22,50%
;Transporte de pasajeros por agua;*;0;*;0;0;0;0;0;*;0;*;*;*;0;*;*;*;*;*;;;;;;;;;;;;;;;;;;;
;Transporte aéreo de pasajeros;*;*;*;*;*;*;*;*;*;*;*;*;*;*;*;*;*;0;0;;;;;;;;;;;;;;;;;;;
;Alquiler de equipos de transporte;0;0;0;0;0;0;0;0;0;*;*;*;*;*;*;*;*;*;*;;;;;;;;;;;;;;;;;;;
;Actividades de agencias de viajes y de otros servicios de reservas;0;*;0;0;0;0;*;*;*;*;*;*;*;*;*;*;0;0;*;;;;;;;;;;;;;;;;;;;
;Actividades culturales;*;*;*;*;*;*;*;*;*;*;*;*;*;*;*;*;*;*;*;;;;;;;;;;;;;;;;;;;
;Actividades deportivas y recreativas;0;*;*;*;*;*;*;0;0;*;*;*;*;*;*;*;0;*;*;;;;;;;;;;;;;;;;;;;
;Comercio al por menor de bienes característicos del turismo;*;*;*;*;*;*;*;*;*;*;*;*;*;*;*;*;*;*;*;;;;;;;;;;;;;;;;;;;
;Actividades relacionadas con segundos hogares y multipropiedades;3.395.689;3.299.177;4.152.869;3.818.133;3.313.717;4.582.223;4.935.880;3.206.646;4.427.178;5.540.421;6.431.140;9.440.568;7.300.321;6.433.401;6.855.220;7.608.375;12.287.059;12.695.135;9.574.711;;-2,80%;25,90%;-8,10%;-13,20%;38,30%;7,70%;-35,00%;38,10%;25,10%;16,10%;46,80%;-22,70%;-11,90%;6,60%;11,00%;61,50%;3,30%;-24,60%
5701;San Felipe;334.380;477.122;584.579;458.460;528.990;658.026;562.382;519.151;731.213;927.726;1.084.508;1.149.116;1.446.206;1.301.995;1.151.368;872.560;1.218.067;1.346.182;1.296.532;;42,70%;22,50%;-21,60%;15,40%;24,40%;-14,50%;-7,70%;40,80%;26,90%;16,90%;6,00%;25,90%;-10,00%;-11,60%;-24,20%;39,60%;10,50%;-3,70%
;Alojamiento turístico;*;*;0;0;0;0;0;50.060;46.399;48.232;39.902;57.985;56.033;97.594;79.472;29.417;60.780;0;23.969;;;;;;;;;-7,30%;4,00%;-17,30%;45,30%;-3,40%;74,20%;-18,60%;-63,00%;106,60%;-100,00%;
;Actividades de provisión de alimentos y bebidas;160.487;298.532;209.215;188.650;213.280;194.683;204.336;206.175;217.479;229.030;310.313;344.097;354.713;343.484;395.494;276.928;408.975;523.831;553.941;;86,00%;-29,90%;-9,80%;13,10%;-8,70%;5,00%;0,90%;5,50%;5,30%;35,50%;10,90%;3,10%;-3,20%;15,10%;-30,00%;47,70%;28,10%;5,70%
;Transporte de pasajeros por ferrocarril;*;*;0;0;0;0;0;0;0;0;0;0;0;0;0;0;0;0;0;;;;;;;;;;;;;;;;;;;
;Transporte de pasajeros por carretera;14.377;15.474;105.739;47.899;162.554;161.966;29.669;24.209;198.322;34.728;56.146;141.709;162.328;176.913;163.261;111.980;123.448;117.772;73.087;;7,60%;583,30%;-54,70%;239,40%;-0,40%;-81,70%;-18,40%;719,20%;-82,50%;61,70%;152,40%;14,60%;9,00%;-7,70%;-31,40%;10,20%;-4,60%;-37,90%
;Transporte de pasajeros por agua;0;0;0;0;0;0;0;0;0;0;0;0;*;0;0;0;0;0;0;;;;;;;;;;;;;;;;;;;
;Transporte aéreo de pasajeros;0;0;0;0;0;0;0;0;0;0;0;0;0;0;0;0;0;0;0;;;;;;;;;;;;;;;;;;;
;Alquiler de equipos de transporte;*;*;*;*;*;*;*;*;*;8.057;101.941;197.470;107.951;184.441;21.119;8.586;10.401;15.728;11.476;;;;;;;;;;;1165,30%;93,70%;-45,30%;70,90%;-88,50%;-59,30%;21,10%;51,20%;-27,00%
;Actividades de agencias de viajes y de otros servicios de reservas;*;*;*;*;*;*;*;*;*;*;*;*;*;*;*;*;*;*;*;;;;;;;;;;;;;;;;;;;
;Actividades culturales;*;*;*;*;*;*;*;*;*;*;*;9.976;10.584;10.444;12.276;0;*;3.689;6.288;;;;;;;;;;;;;6,10%;-1,30%;17,50%;-100,00%;;;70,50%
;Actividades deportivas y recreativas;0;1.462;0;0;0;0;0;0;*;0;10.382;39.188;38.051;34.572;32.300;19.951;36.402;60.931;38.169;;;-100,00%;;;;;;;;;277,40%;-2,90%;-9,10%;-6,60%;-38,20%;82,50%;67,40%;-37,40%
;Comercio al por menor de bienes característicos del turismo;3.703;7.036;5.330;5.822;6.661;4.861;5.106;4.491;4.441;5.409;5.009;7.298;5.663;5.214;3.135;2.753;4.951;2.891;3.164;;90,00%;-24,30%;9,20%;14,40%;-27,00%;5,00%;-12,10%;-1,10%;21,80%;-7,40%;45,70%;-22,40%;-7,90%;-39,90%;-12,20%;79,90%;-41,60%;9,40%
;Actividades relacionadas con segundos hogares y multipropiedades;155.812;154.618;264.296;216.089;146.495;296.516;323.271;234.217;264.572;602.271;560.814;351.393;710.883;449.333;444.312;422.946;573.109;621.340;586.439;;-0,80%;70,90%;-18,20%;-32,20%;102,40%;9,00%;-27,50%;13,00%;127,60%;-6,90%;-37,30%;102,30%;-36,80%;-1,10%;-4,80%;35,50%;8,40%;-5,60%
5702;Catemu;7.148;11.682;6.904;6.775;10.208;11.539;13.080;12.963;14.409;11.488;15.958;23.014;21.772;22.311;30.279;23.137;47.578;104.677;77.013;;63,40%;-40,90%;-1,90%;50,70%;13,00%;13,40%;-0,90%;11,20%;-20,30%;38,90%;44,20%;-5,40%;2,50%;35,70%;-23,60%;105,60%;120,00%;-26,40%
;Alojamiento turístico;*;*;*;*;*;*;*;*;*;*;*;*;*;*;*;*;*;*;*;;;;;;;;;;;;;;;;;;;
;Actividades de provisión de alimentos y bebidas;7.148;11.682;6.904;6.775;9.957;11.345;12.858;12.719;14.409;11.488;12.122;15.996;15.453;18.544;22.976;17.017;22.243;24.984;22.683;;63,40%;-40,90%;-1,90%;47,00%;13,90%;13,30%;-1,10%;13,30%;-20,30%;5,50%;32,00%;-3,40%;20,00%;23,90%;-25,90%;30,70%;12,30%;-9,20%
;Transporte de pasajeros por ferrocarril;0;0;0;0;0;0;0;0;0;0;0;0;0;0;0;0;0;0;0;;;;;;;;;;;;;;;;;;;
;Transporte de pasajeros por carretera;*;*;0;0;250;194;222;244;0;0;3.836;7.018;6.319;3.766;7.303;6.121;25.336;27.556;30.274;;;;;;-22,50%;14,50%;10,00%;-100,00%;;;83,00%;-10,00%;-40,40%;93,90%;-16,20%;313,90%;8,80%;9,90%
;Transporte de pasajeros por agua;0;0;0;0;0;0;0;0;0;0;0;0;0;0;0;0;0;0;0;;;;;;;;;;;;;;;;;;;
;Transporte aéreo de pasajeros;0;0;0;0;0;0;0;0;0;0;0;0;0;0;0;0;0;0;0;;;;;;;;;;;;;;;;;;;
;Alquiler de equipos de transporte;0;0;0;0;0;0;0;0;*;0;*;*;*;*;*;*;0;*;*;;;;;;;;;;;;;;;;;;;
;Actividades de agencias de viajes y de otros servicios de reservas;0;0;0;0;0;0;0;0;0;0;0;0;0;0;0;0;0;0;0;;;;;;;;;;;;;;;;;;;
;Actividades culturales;0;0;0;0;0;0;0;0;0;0;*;*;*;*;*;*;*;*;*;;;;;;;;;;;;;;;;;;;
;Actividades deportivas y recreativas;*;*;*;*;*;*;*;*;*;0;*;*;*;*;*;*;*;*;*;;;;;;;;;;;;;;;;;;;
;Comercio al por menor de bienes característicos del turismo;0;*;*;*;0;0;0;*;*;*;*;*;*;*;*;*;*;*;*;;;;;;;;;;;;;;;;;;;
;Actividades relacionadas con segundos hogares y multipropiedades;*;*;*;*;*;*;*;*;*;*;*;*;*;*;0;0;0;52.137;24.057;;;;;;;;;;;;;;;;;;;-53,90%
5703;Llaillay;24.862;28.030;28.557;29.120;34.419;35.421;46.718;36.258;56.011;55.460;92.363;90.100;112.123;119.896;118.823;85.256;111.871;165.010;147.244;;12,70%;1,90%;2,00%;18,20%;2,90%;31,90%;-22,40%;54,50%;-1,00%;66,50%;-2,50%;24,40%;6,90%;-0,90%;-28,30%;31,20%;47,50%;-10,80%
;Alojamiento turístico;*;*;*;*;*;*;*;*;*;*;*;*;0;*;*;*;*;*;0;;;;;;;;;;;;;;;;;;;
;Actividades de provisión de alimentos y bebidas;24.071;27.236;26.915;28.307;33.450;34.530;45.612;30.285;44.329;43.849;55.342;48.581;64.937;72.223;75.195;50.523;72.332;119.024;117.559;;13,10%;-1,20%;5,20%;18,20%;3,20%;32,10%;-33,60%;46,40%;-1,10%;26,20%;-12,20%;33,70%;11,20%;4,10%;-32,80%;43,20%;64,60%;-1,20%
;Transporte de pasajeros por ferrocarril;0;0;0;0;0;0;0;0;0;0;0;0;0;0;0;0;0;0;0;;;;;;;;;;;;;;;;;;;
;Transporte de pasajeros por carretera;791;795;1.642;813;968;891;1.105;5.973;11.681;11.611;29.376;33.525;38.486;42.900;43.629;34.733;39.539;45.986;29.686;;0,50%;106,60%;-50,50%;19,20%;-8,00%;24,00%;440,40%;95,60%;-0,60%;153,00%;14,10%;14,80%;11,50%;1,70%;-20,40%;13,80%;16,30%;-35,40%
;Transporte de pasajeros por agua;0;0;0;0;0;0;0;0;0;0;0;0;0;0;0;0;0;0;0;;;;;;;;;;;;;;;;;;;
;Transporte aéreo de pasajeros;0;0;0;0;0;0;0;0;0;0;0;0;0;0;0;0;0;0;0;;;;;;;;;;;;;;;;;;;
;Alquiler de equipos de transporte;*;*;0;0;0;0;0;*;*;*;*;*;*;*;*;*;*;*;*;;;;;;;;;;;;;;;;;;;
;Actividades de agencias de viajes y de otros servicios de reservas;0;0;0;0;0;0;0;0;0;0;0;0;0;0;0;0;*;*;0;;;;;;;;;;;;;;;;;;;
;Actividades culturales;*;*;0;0;0;0;0;0;0;0;*;*;*;0;0;0;*;0;*;;;;;;;;;;;;;;;;;;;
;Actividades deportivas y recreativas;*;*;*;*;*;*;*;*;*;*;7.646;7.994;8.700;4.773;0;*;0;0;0;;;;;;;;;;;;4,60%;8,80%;-45,10%;-100,00%;;;;
;Comercio al por menor de bienes característicos del turismo;*;*;*;*;*;*;*;*;*;*;*;*;*;*;*;*;*;*;*;;;;;;;;;;;;;;;;;;;
;Actividades relacionadas con segundos hogares y multipropiedades;*;*;*;*;*;*;*;*;*;*;*;*;0;0;0;0;0;*;0;;;;;;;;;;;;;;;;;;;
5704;Panquehue;0;0;0;0;0;0;0;0;0;0;9.957;138.329;175.772;199.017;50.868;102.860;52.999;42.016;15.599;;;;;;;;;;;;1289,30%;27,10%;13,20%;-74,40%;102,20%;-48,50%;-20,70%;-62,90%
;Alojamiento turístico;*;*;*;*;*;*;*;*;*;*;*;*;*;*;*;*;*;*;*;;;;;;;;;;;;;;;;;;;
;Actividades de provisión de alimentos y bebidas;*;*;*;*;*;0;*;*;*;*;9.957;11.655;14.185;147.535;10.128;10.262;13.707;13.475;15.599;;;;;;;;;;;;17,10%;21,70%;940,00%;-93,10%;1,30%;33,60%;-1,70%;15,80%
;Transporte de pasajeros por ferrocarril;0;0;0;0;0;0;0;0;0;0;0;0;0;0;0;0;0;0;0;;;;;;;;;;;;;;;;;;;
;Transporte de pasajeros por carretera;*;*;*;*;*;*;*;*;*;*;0;0;0;0;0;0;*;0;0;;;;;;;;;;;;;;;;;;;
;Transporte de pasajeros por agua;0;0;0;0;0;0;0;0;0;0;0;0;0;0;0;0;0;0;0;;;;;;;;;;;;;;;;;;;
;Transporte aéreo de pasajeros;0;0;0;0;0;0;0;0;0;0;0;0;0;0;0;0;0;0;0;;;;;;;;;;;;;;;;;;;
;Alquiler de equipos de transporte;0;0;0;0;0;0;0;0;0;0;*;*;*;*;*;*;*;*;*;;;;;;;;;;;;;;;;;;;
;Actividades de agencias de viajes y de otros servicios de reservas;0;0;0;0;0;0;0;0;0;0;*;*;*;0;0;0;0;*;*;;;;;;;;;;;;;;;;;;;
;Actividades culturales;*;0;0;0;0;0;0;0;0;0;0;0;0;0;0;0;*;0;*;;;;;;;;;;;;;;;;;;;
;Actividades deportivas y recreativas;*;*;*;*;*;*;*;*;*;*;*;*;*;*;*;*;*;*;*;;;;;;;;;;;;;;;;;;;
;Comercio al por menor de bienes característicos del turismo;*;*;*;*;*;*;*;*;*;*;*;*;*;0;*;*;0;*;*;;;;;;;;;;;;;;;;;;;
;Actividades relacionadas con segundos hogares y multipropiedades;*;*;*;*;*;*;*;*;*;*;*;126.674;161.587;51.482;40.740;92.598;39.292;28.540;0;;;;;;;;;;;;;27,60%;-68,10%;-20,90%;127,30%;-57,60%;-27,40%;-100,00%
5705;Putaendo;12.706;12.218;9.927;11.373;12.031;12.809;12.276;12.129;22.316;23.340;32.404;72.978;85.888;97.590;77.631;126.601;162.300;100.997;24.817;;-3,80%;-18,70%;14,60%;5,80%;6,50%;-4,20%;-1,20%;84,00%;4,60%;38,80%;125,20%;17,70%;13,60%;-20,50%;63,10%;28,20%;-37,80%;-75,40%
;Alojamiento turístico;*;*;*;*;*;*;*;*;0;*;0;0;0;0;0;0;0;0;0;;;;;;;;;;;;;;;;;;;
;Actividades de provisión de alimentos y bebidas;12.279;11.486;9.115;10.049;11.119;12.079;11.669;10.906;20.681;19.295;27.679;24.194;18.637;19.524;20.348;16.364;25.477;27.482;24.817;;-6,50%;-20,60%;10,20%;10,60%;8,60%;-3,40%;-6,50%;89,60%;-6,70%;43,50%;-12,60%;-23,00%;4,80%;4,20%;-19,60%;55,70%;7,90%;-9,70%
;Transporte de pasajeros por ferrocarril;0;0;0;0;0;0;0;0;0;0;0;0;0;0;0;0;0;0;0;;;;;;;;;;;;;;;;;;;
;Transporte de pasajeros por carretera;427;732;812;1.324;912;730;607;1.223;1.634;4.045;4.725;8.801;12.163;10.027;8.329;4.142;4.967;0;0;;71,70%;10,80%;63,10%;-31,10%;-20,00%;-16,80%;101,40%;33,70%;147,50%;16,80%;86,30%;38,20%;-17,60%;-16,90%;-50,30%;19,90%;-100,00%;
;Transporte de pasajeros por agua;0;0;0;0;0;0;0;0;0;0;0;0;0;0;0;0;0;0;0;;;;;;;;;;;;;;;;;;;
;Transporte aéreo de pasajeros;0;0;0;0;0;0;0;0;0;0;0;0;0;0;0;0;0;0;0;;;;;;;;;;;;;;;;;;;
;Alquiler de equipos de transporte;0;0;0;0;0;0;0;0;*;*;*;*;*;*;*;*;*;*;*;;;;;;;;;;;;;;;;;;;
;Actividades de agencias de viajes y de otros servicios de reservas;*;0;0;0;*;*;0;0;0;*;*;*;*;*;*;*;*;*;*;;;;;;;;;;;;;;;;;;;
;Actividades culturales;0;0;0;0;0;*;0;0;0;0;*;*;*;*;*;*;*;*;*;;;;;;;;;;;;;;;;;;;
;Actividades deportivas y recreativas;*;*;*;*;*;*;*;*;*;*;*;*;*;*;*;*;*;*;*;;;;;;;;;;;;;;;;;;;
;Comercio al por menor de bienes característicos del turismo;*;*;*;*;*;*;*;*;*;*;*;*;*;*;*;*;*;*;*;;;;;;;;;;;;;;;;;;;
;Actividades relacionadas con segundos hogares y multipropiedades;*;*;*;*;*;*;*;*;*;*;0;39.982;55.088;68.038;48.954;106.094;131.856;73.515;0;;;;;;;;;;;;;37,80%;23,50%;-28,00%;116,70%;24,30%;-44,20%;-100,00%
5706;Santa María;41.822;33.201;25.558;22.987;27.304;6.934;7.859;9.834;11.740;21.699;30.418;30.636;37.100;23.359;194.125;146.471;211.046;330.406;316.408;;-20,60%;-23,00%;-10,10%;18,80%;-74,60%;13,30%;25,10%;19,40%;84,80%;40,20%;0,70%;21,10%;-37,00%;731,10%;-24,50%;44,10%;56,60%;-4,20%
;Alojamiento turístico;*;*;*;*;*;*;*;*;*;*;*;*;*;*;*;*;*;*;*;;;;;;;;;;;;;;;;;;;
;Actividades de provisión de alimentos y bebidas;5.353;4.178;0;0;2.937;*;0;*;1.583;0;7.183;8.176;12.592;9.610;147.265;88.823;149.599;252.171;233.574;;-22,00%;-100,00%;;;;;;;-100,00%;;13,80%;54,00%;-23,70%;1432,50%;-39,70%;68,40%;68,60%;-7,40%
;Transporte de pasajeros por ferrocarril;0;0;0;0;0;0;0;0;0;0;0;0;0;0;0;0;0;0;0;;;;;;;;;;;;;;;;;;;
;Transporte de pasajeros por carretera;36.469;29.023;25.558;22.987;24.367;6.934;7.859;9.834;10.156;21.699;23.235;22.460;24.508;13.749;46.860;31.369;42.922;42.806;37.022;;-20,40%;-11,90%;-10,10%;6,00%;-71,50%;13,30%;25,10%;3,30%;113,60%;7,10%;-3,30%;9,10%;-43,90%;240,80%;-33,10%;36,80%;-0,30%;-13,50%
;Transporte de pasajeros por agua;0;0;0;0;0;0;0;0;0;0;0;0;0;0;0;0;0;0;0;;;;;;;;;;;;;;;;;;;
;Transporte aéreo de pasajeros;0;0;0;0;0;0;0;0;0;0;0;0;0;0;0;0;0;0;0;;;;;;;;;;;;;;;;;;;
;Alquiler de equipos de transporte;*;*;0;0;0;0;0;0;*;0;*;*;*;*;*;0;0;0;0;;;;;;;;;;;;;;;;;;;
;Actividades de agencias de viajes y de otros servicios de reservas;0;0;0;0;0;0;0;0;0;0;0;0;0;0;*;0;*;*;*;;;;;;;;;;;;;;;;;;;
;Actividades culturales;0;0;0;0;0;0;*;0;0;0;*;*;*;*;0;0;*;*;*;;;;;;;;;;;;;;;;;;;
;Actividades deportivas y recreativas;*;*;*;*;0;0;0;0;0;0;*;*;*;*;*;*;*;*;*;;;;;;;;;;;;;;;;;;;
;Comercio al por menor de bienes característicos del turismo;*;*;*;*;*;*;*;*;*;*;*;*;*;*;*;*;*;*;*;;;;;;;;;;;;;;;;;;;
;Actividades relacionadas con segundos hogares y multipropiedades;*;*;*;*;*;*;*;*;*;*;*;0;0;0;0;26.280;18.525;35.430;45.813;;;;;;;;;;;;;;;;;-29,50%;91,30%;29,30%
5801;Quilpué;729.798;870.191;877.982;755.107;822.959;885.621;960.615;706.937;683.348;982.564;2.039.957;2.036.348;2.004.291;1.871.638;1.947.267;1.430.684;1.953.565;3.121.671;2.351.398;;19,20%;0,90%;-14,00%;9,00%;7,60%;8,50%;-26,40%;-3,30%;43,80%;107,60%;-0,20%;-1,60%;-6,60%;4,00%;-26,50%;36,50%;59,80%;-24,70%
;Alojamiento turístico;20.569;27.123;30.804;30.029;20.842;17.982;19.728;36.156;3.432;47.176;34.101;9.702;8.413;17.012;20.285;5.468;7.380;6.448;6.356;;31,90%;13,60%;-2,50%;-30,60%;-13,70%;9,70%;83,30%;-90,50%;1274,50%;-27,70%;-71,50%;-13,30%;102,20%;19,20%;-73,00%;35,00%;-12,60%;-1,40%
;Actividades de provisión de alimentos y bebidas;148.529;162.701;182.253;135.908;169.099;180.900;231.443;256.224;300.040;299.028;391.929;485.200;514.181;529.501;630.926;424.589;709.322;780.458;771.894;;9,50%;12,00%;-25,40%;24,40%;7,00%;27,90%;10,70%;17,10%;-0,30%;31,10%;23,80%;6,00%;3,00%;19,20%;-32,70%;67,10%;10,00%;-1,10%
;Transporte de pasajeros por ferrocarril;0;0;0;0;0;0;0;0;0;0;0;0;0;0;0;0;0;0;0;;;;;;;;;;;;;;;;;;;
;Transporte de pasajeros por carretera;19.320;26.991;32.283;33.903;41.628;50.108;55.259;65.625;63.142;56.522;111.954;82.277;161.114;128.439;112.513;95.548;113.564;185.016;222.732;;39,70%;19,60%;5,00%;22,80%;20,40%;10,30%;18,80%;-3,80%;-10,50%;98,10%;-26,50%;95,80%;-20,30%;-12,40%;-15,10%;18,90%;62,90%;20,40%
;Transporte de pasajeros por agua;*;*;*;*;0;*;*;0;0;0;0;0;0;0;0;*;*;0;0;;;;;;;;;;;;;;;;;;;
;Transporte aéreo de pasajeros;0;*;*;*;*;*;*;*;*;*;*;0;*;0;0;0;0;0;0;;;;;;;;;;;;;;;;;;;
;Alquiler de equipos de transporte;3.030;2.006;*;*;*;*;*;2.963;6.995;9.978;90.909;153.117;128.166;63.001;23.243;16.242;28.831;26.590;19.682;;-33,80%;;;;;;;136,10%;42,70%;811,10%;68,40%;-16,30%;-50,80%;-63,10%;-30,10%;77,50%;-7,80%;-26,00%
;Actividades de agencias de viajes y de otros servicios de reservas;*;*;*;*;*;*;*;*;*;*;*;*;*;13.628;*;2.471;*;*;*;;;;;;;;;;;;;;;;;;;
;Actividades culturales;*;*;*;*;*;*;*;*;*;1.272;0;4.403;6.273;10.126;10.094;1.095;4.286;0;34.271;;;;;;;;;;;-100,00%;;42,50%;61,40%;-0,30%;-89,20%;291,40%;-100,00%;
;Actividades deportivas y recreativas;0;2.613;0;5.050;1.719;1.615;0;0;0;0;30.733;39.958;90.675;79.878;63.160;13.307;21.465;54.553;49.155;;;-100,00%;;-66,00%;-6,10%;-100,00%;;;;;30,00%;126,90%;-11,90%;-20,90%;-78,90%;61,30%;154,10%;-9,90%
;Comercio al por menor de bienes característicos del turismo;10.020;11.146;3.013;3.880;3.632;4.234;4.396;4.565;7.809;8.641;10.074;10.026;9.324;10.283;9.318;5.907;4.938;4.320;5.129;;11,20%;-73,00%;28,80%;-6,40%;16,60%;3,80%;3,90%;71,10%;10,60%;16,60%;-0,50%;-7,00%;10,30%;-9,40%;-36,60%;-16,40%;-12,50%;18,70%
;Actividades relacionadas con segundos hogares y multipropiedades;528.331;637.610;629.629;546.337;586.041;630.782;649.790;341.404;301.930;559.947;1.370.257;1.251.665;1.086.144;1.019.770;1.077.728;866.056;1.063.780;2.064.286;1.242.179;;20,70%;-1,30%;-13,20%;7,30%;7,60%;3,00%;-47,50%;-11,60%;85,50%;144,70%;-8,70%;-13,20%;-6,10%;5,70%;-19,60%;22,80%;94,10%;-39,80%
5802;Limache;185.581;153.082;625.078;111.866;121.236;169.312;165.702;243.073;377.449;510.451;666.145;804.074;773.174;662.910;959.313;579.538;847.249;838.858;1.031.435;;-17,50%;308,30%;-82,10%;8,40%;39,70%;-2,10%;46,70%;55,30%;35,20%;30,50%;20,70%;-3,80%;-14,30%;44,70%;-39,60%;46,20%;-1,00%;23,00%
;Alojamiento turístico;*;*;0;0;0;0;0;0;0;0;0;9.234;10.661;7.746;13.680;7.357;13.308;13.465;11.593;;;;;;;;;;;;;15,50%;-27,30%;76,60%;-46,20%;80,90%;1,20%;-13,90%
;Actividades de provisión de alimentos y bebidas;58.983;65.340;49.990;39.542;40.820;53.682;71.580;78.826;93.221;80.942;113.492;153.553;198.771;245.927;226.351;144.083;229.938;267.092;247.501;;10,80%;-23,50%;-20,90%;3,20%;31,50%;33,30%;10,10%;18,30%;-13,20%;40,20%;35,30%;29,40%;23,70%;-8,00%;-36,30%;59,60%;16,20%;-7,30%
;Transporte de pasajeros por ferrocarril;0;0;0;0;0;0;0;0;0;0;0;0;0;0;0;0;0;0;0;;;;;;;;;;;;;;;;;;;
;Transporte de pasajeros por carretera;6.999;7.062;9.147;5.788;5.880;3.271;1.006;64.806;84.382;88.421;88.505;90.050;90.230;105.550;108.486;27.588;55.296;99.776;104.954;;0,90%;29,50%;-36,70%;1,60%;-44,40%;-69,30%;6342,30%;30,20%;4,80%;0,10%;1,70%;0,20%;17,00%;2,80%;-74,60%;100,40%;80,40%;5,20%
;Transporte de pasajeros por agua;0;0;0;0;0;0;0;0;0;0;*;*;*;0;0;0;0;0;0;;;;;;;;;;;;;;;;;;;
;Transporte aéreo de pasajeros;0;0;0;0;0;0;0;0;0;0;0;0;0;0;0;0;0;0;0;;;;;;;;;;;;;;;;;;;
;Alquiler de equipos de transporte;*;*;*;*;*;*;*;*;19.103;58.794;43.393;34.345;81.488;11.134;43.591;14.948;15.902;17.400;29.105;;;;;;;;;;207,80%;-26,20%;-20,90%;137,30%;-86,30%;291,50%;-65,70%;6,40%;9,40%;67,30%
;Actividades de agencias de viajes y de otros servicios de reservas;0;0;*;*;*;*;*;*;*;*;*;*;*;*;*;*;*;*;*;;;;;;;;;;;;;;;;;;;
;Actividades culturales;*;*;*;*;*;*;*;*;*;*;*;*;*;*;*;*;*;*;*;;;;;;;;;;;;;;;;;;;
;Actividades deportivas y recreativas;*;*;*;*;*;*;*;*;*;*;36.134;33.665;35.873;18.862;6.519;3.149;2.105;4.374;13.948;;;;;;;;;;;;-6,80%;6,60%;-47,40%;-65,40%;-51,70%;-33,20%;107,80%;218,90%
;Comercio al por menor de bienes característicos del turismo;1.241;1.592;2.339;2.304;2.796;1.486;3.716;5.028;7.428;23.968;33.274;19.569;17.273;2.966;5.024;2.040;600;2.071;1.304;;28,30%;46,90%;-1,50%;21,30%;-46,90%;150,10%;35,30%;47,70%;222,60%;38,80%;-41,20%;-11,70%;-82,80%;69,40%;-59,40%;-70,60%;245,20%;-37,00%
;Actividades relacionadas con segundos hogares y multipropiedades;118.359;79.088;563.602;64.232;71.740;110.872;89.399;94.412;173.316;258.327;351.347;463.659;338.879;270.724;555.662;380.373;530.101;434.681;623.030;;-33,20%;612,60%;-88,60%;11,70%;54,50%;-19,40%;5,60%;83,60%;49,00%;36,00%;32,00%;-26,90%;-20,10%;105,30%;-31,50%;39,40%;-18,00%;43,30%
5803;Olmué;191.010;218.786;259.478;279.347;337.836;363.722;599.894;573.194;671.194;759.280;302.164;210.646;977.153;1.262.503;1.243.121;986.714;1.159.548;1.339.186;1.261.899;;14,50%;18,60%;7,70%;20,90%;7,70%;64,90%;-4,50%;17,10%;13,10%;-60,20%;-30,30%;363,90%;29,20%;-1,50%;-20,60%;17,50%;15,50%;-5,80%
;Alojamiento turístico;138.456;154.886;224.392;244.196;272.766;286.424;523.356;485.549;586.233;613.793;122.358;16.867;22.253;850.835;840.739;725.885;688.285;955.387;885.839;;11,90%;44,90%;8,80%;11,70%;5,00%;82,70%;-7,20%;20,70%;4,70%;-80,10%;-86,20%;31,90%;3723,50%;-1,20%;-13,70%;-5,20%;38,80%;-7,30%
;Actividades de provisión de alimentos y bebidas;30.601;42.343;28.794;28.736;35.181;40.341;50.955;31.154;33.159;43.093;56.860;69.640;58.893;111.317;160.706;66.634;154.947;149.315;146.972;;38,40%;-32,00%;-0,20%;22,40%;14,70%;26,30%;-38,90%;6,40%;30,00%;31,90%;22,50%;-15,40%;89,00%;44,40%;-58,50%;132,50%;-3,60%;-1,60%
;Transporte de pasajeros por ferrocarril;0;0;0;0;0;0;0;0;0;0;0;0;0;0;0;0;0;0;0;;;;;;;;;;;;;;;;;;;
;Transporte de pasajeros por carretera;86;454;6.292;5.836;7.890;6.657;3.424;6.639;1.699;8.673;11.915;8.508;6.737;6.217;5.184;776;9.303;13.790;8.380;;427,50%;1285,70%;-7,20%;35,20%;-15,60%;-48,60%;93,90%;-74,40%;410,60%;37,40%;-28,60%;-20,80%;-7,70%;-16,60%;-85,00%;1098,60%;48,20%;-39,20%
;Transporte de pasajeros por agua;0;0;0;0;0;0;0;0;0;0;0;0;0;0;0;0;0;0;0;;;;;;;;;;;;;;;;;;;
;Transporte aéreo de pasajeros;0;0;0;0;0;0;0;0;0;0;0;0;0;0;0;0;0;0;0;;;;;;;;;;;;;;;;;;;
;Alquiler de equipos de transporte;*;*;*;*;*;*;*;*;0;0;*;*;*;*;*;*;*;*;*;;;;;;;;;;;;;;;;;;;
;Actividades de agencias de viajes y de otros servicios de reservas;0;0;*;*;*;*;*;*;0;0;0;0;0;*;*;*;*;*;*;;;;;;;;;;;;;;;;;;;
;Actividades culturales;*;0;0;0;0;0;0;0;0;0;*;*;*;*;*;*;*;*;*;;;;;;;;;;;;;;;;;;;
;Actividades deportivas y recreativas;*;*;*;*;*;*;*;*;*;*;0;0;731.590;4.665;2.076;272;2.334;4.834;44.070;;;;;;;;;;;;;;-99,40%;-55,50%;-86,90%;759,60%;107,10%;811,60%
;Comercio al por menor de bienes característicos del turismo;*;*;*;578;594;866;2.759;2.854;3.063;3.374;4.565;4.452;4.768;4.148;3.342;538;1.632;1.188;2.262;;;;;2,70%;45,80%;218,70%;3,40%;7,30%;10,20%;35,30%;-2,50%;7,10%;-13,00%;-19,40%;-83,90%;203,60%;-27,20%;90,50%
;Actividades relacionadas con segundos hogares y multipropiedades;21.867;21.103;0;0;21.405;29.434;19.401;46.997;47.039;90.347;106.465;111.178;152.913;285.321;231.074;192.610;303.047;214.672;174.377;;-3,50%;-100,00%;;;37,50%;-34,10%;142,20%;0,10%;92,10%;17,80%;4,40%;37,50%;86,60%;-19,00%;-16,60%;57,30%;-29,20%;-18,80%
5804;Villa Alemana;160.569;207.494;232.520;199.416;180.854;276.116;271.176;363.997;473.490;508.651;1.161.698;982.649;938.476;784.334;763.746;825.968;921.428;930.939;976.313;;29,20%;12,10%;-14,20%;-9,30%;52,70%;-1,80%;34,20%;30,10%;7,40%;128,40%;-15,40%;-4,50%;-16,40%;-2,60%;8,10%;11,60%;1,00%;4,90%
;Alojamiento turístico;0;8.428;8.627;0;8.079;0;0;44.066;40.015;10.615;0;4.115;7.104;0;0;0;0;0;0;;;2,40%;-100,00%;;-100,00%;;;-9,20%;-73,50%;-100,00%;;72,60%;-100,00%;;;;;
;Actividades de provisión de alimentos y bebidas;75.003;76.962;71.415;75.830;56.533;86.441;113.668;104.005;122.182;127.666;219.583;299.276;317.968;292.372;314.724;204.574;349.745;366.793;371.409;;2,60%;-7,20%;6,20%;-25,40%;52,90%;31,50%;-8,50%;17,50%;4,50%;72,00%;36,30%;6,20%;-8,10%;7,60%;-35,00%;71,00%;4,90%;1,30%
;Transporte de pasajeros por ferrocarril;0;0;0;0;0;0;0;0;0;0;0;0;0;0;0;0;0;0;0;;;;;;;;;;;;;;;;;;;
;Transporte de pasajeros por carretera;15.292;27.124;22.239;29.392;31.103;39.602;36.895;80.997;90.883;161.538;496.900;93.880;117.231;117.164;123.845;87.184;102.438;135.897;137.651;;77,40%;-18,00%;32,20%;5,80%;27,30%;-6,80%;119,50%;12,20%;77,70%;207,60%;-81,10%;24,90%;-0,10%;5,70%;-29,60%;17,50%;32,70%;1,30%
;Transporte de pasajeros por agua;*;0;0;0;0;0;0;0;0;0;0;0;*;*;*;*;*;*;*;;;;;;;;;;;;;;;;;;;
;Transporte aéreo de pasajeros;0;0;0;0;0;0;0;0;*;0;0;0;0;0;0;0;0;0;0;;;;;;;;;;;;;;;;;;;
;Alquiler de equipos de transporte;2.977;3.781;*;*;*;*;10.861;30.730;48.619;45.947;122.339;194.151;179.043;35.097;5.312;4.727;28.683;14.091;9.869;;27,00%;;;;;;182,90%;58,20%;-5,50%;166,30%;58,70%;-7,80%;-80,40%;-84,90%;-11,00%;506,80%;-50,90%;-30,00%
;Actividades de agencias de viajes y de otros servicios de reservas;*;*;*;*;*;*;*;*;*;*;*;*;*;*;*;*;*;*;*;;;;;;;;;;;;;;;;;;;
;Actividades culturales;*;*;*;*;*;*;*;*;*;*;*;*;*;*;0;4.460;0;0;2.599;;;;;;;;;;;;;;;;;-100,00%;;
;Actividades deportivas y recreativas;0;0;0;0;0;0;0;0;0;0;9.167;18.035;30.195;34.423;24.782;11.648;10.715;20.443;35.667;;;;;;;;;;;;96,70%;67,40%;14,00%;-28,00%;-53,00%;-8,00%;90,80%;74,50%
;Comercio al por menor de bienes característicos del turismo;3.139;7.374;*;*;1.622;1.643;1.433;1.526;1.808;1.777;6.365;6.639;4.227;3.112;3.143;5.984;7.569;2.289;5.083;;134,90%;;;;1,30%;-12,80%;6,50%;18,50%;-1,70%;258,20%;4,30%;-36,30%;-26,40%;1,00%;90,40%;26,50%;-69,80%;122,10%
;Actividades relacionadas con segundos hogares y multipropiedades;64.158;83.825;130.238;94.193;83.517;148.430;108.319;102.673;169.984;161.108;307.343;366.554;282.708;302.166;291.939;507.392;422.279;391.427;414.034;;30,70%;55,40%;-27,70%;-11,30%;77,70%;-27,00%;-5,20%;65,60%;-5,20%;90,80%;19,30%;-22,90%;6,90%;-3,40%;73,80%;-16,80%;-7,30%;5,80%
Región del Libertador Gral. Bernardo O’Higgins;;5.332.718;9.961.162;6.625.333;7.792.844;6.039.500;8.784.605;10.565.839;7.811.163;12.018.836;12.661.912;19.901.590;36.295.065;23.850.246;18.148.251;23.376.188;23.860.011;49.522.135;23.326.154;20.949.289;;86,80%;-33,50%;17,60%;-22,50%;45,50%;20,30%;-26,10%;53,90%;5,40%;57,20%;82,40%;-34,30%;-23,90%;28,80%;2,10%;107,60%;-52,90%;-10,20%
6101;Rancagua;2.335.749;2.495.299;1.969.199;3.454.789;3.252.013;2.722.675;3.301.705;3.412.390;3.526.578;3.660.455;6.489.471;8.116.900;7.759.441;6.129.185;5.276.896;4.259.056;5.203.559;6.169.808;5.614.701;;6,80%;-21,10%;75,40%;-5,90%;-16,30%;21,30%;3,40%;3,30%;3,80%;77,30%;25,10%;-4,40%;-21,00%;-13,90%;-19,30%;22,20%;18,60%;-9,00%
;Alojamiento turístico;129.514;149.376;198.409;185.921;155.576;202.793;242.178;306.287;339.288;310.592;283.014;451.713;301.245;481.030;305.368;195.637;254.052;231.240;233.097;;15,30%;32,80%;-6,30%;-16,30%;30,30%;19,40%;26,50%;10,80%;-8,50%;-8,90%;59,60%;-33,30%;59,70%;-36,50%;-35,90%;29,90%;-9,00%;0,80%
;Actividades de provisión de alimentos y bebidas;589.010;704.044;665.571;667.167;658.064;918.779;1.007.435;986.742;1.126.564;1.135.518;1.326.159;1.456.244;1.602.400;2.013.049;1.790.106;1.002.406;1.648.908;1.944.073;1.879.800;;19,50%;-5,50%;0,20%;-1,40%;39,60%;9,60%;-2,10%;14,20%;0,80%;16,80%;9,80%;10,00%;25,60%;-11,10%;-44,00%;64,50%;17,90%;-3,30%
;Transporte de pasajeros por ferrocarril;0;*;0;0;0;0;0;0;0;0;0;0;0;0;0;0;0;0;0;;;;;;;;;;;;;;;;;;;
;Transporte de pasajeros por carretera;138.459;178.994;144.933;611.726;201.736;193.023;160.353;176.592;202.261;250.638;1.037.872;767.371;1.558.949;474.630;334.893;278.284;294.263;334.576;321.262;;29,30%;-19,00%;322,10%;-67,00%;-4,30%;-16,90%;10,10%;14,50%;23,90%;314,10%;-26,10%;103,20%;-69,60%;-29,40%;-16,90%;5,70%;13,70%;-4,00%
;Transporte de pasajeros por agua;*;0;*;0;0;0;0;0;0;0;0;0;0;0;0;0;0;0;0;;;;;;;;;;;;;;;;;;;
;Transporte aéreo de pasajeros;*;*;*;*;*;*;*;*;*;*;*;*;*;*;*;*;*;*;*;;;;;;;;;;;;;;;;;;;
;Alquiler de equipos de transporte;474.940;641.117;40.355;55.479;45.843;48.340;58.320;119.144;185.630;148.607;559.503;1.957.655;1.567.988;790.310;783.273;721.309;383.701;457.407;503.407;;35,00%;-93,70%;37,50%;-17,40%;5,40%;20,60%;104,30%;55,80%;-19,90%;276,50%;249,90%;-19,90%;-49,60%;-0,90%;-7,90%;-46,80%;19,20%;10,10%
;Actividades de agencias de viajes y de otros servicios de reservas;24.062;21.232;22.890;28.888;28.365;36.937;20.667;37.159;25.317;31.408;26.991;25.085;33.913;26.222;27.041;7.413;30.380;11.327;11.628;;-11,80%;7,80%;26,20%;-1,80%;30,20%;-44,00%;79,80%;-31,90%;24,10%;-14,10%;-7,10%;35,20%;-22,70%;3,10%;-72,60%;309,80%;-62,70%;2,70%
;Actividades culturales;*;*;*;0;0;0;*;0;0;0;10.605;22.896;36.696;74.380;45.366;6.029;6.288;31.761;100.954;;;;;;;;;;;;115,90%;60,30%;102,70%;-39,00%;-86,70%;4,30%;405,10%;217,90%
;Actividades deportivas y recreativas;36.580;1.536;13.273;2.216;3.517;4.154;10.155;30.202;28.407;24.385;315.945;425.961;342.728;217.085;159.815;48.675;48.964;73.732;73.208;;-95,80%;763,90%;-83,30%;58,70%;18,10%;144,50%;197,40%;-5,90%;-14,20%;1195,60%;34,80%;-19,50%;-36,70%;-26,40%;-69,50%;0,60%;50,60%;-0,70%
;Comercio al por menor de bienes característicos del turismo;17.353;26.821;8.473;7.429;10.208;12.591;15.530;22.422;15.126;14.566;13.236;13.165;14.642;22.752;15.049;8.104;13.431;26.209;14.512;;54,60%;-68,40%;-12,30%;37,40%;23,30%;23,30%;44,40%;-32,50%;-3,70%;-9,10%;-0,50%;11,20%;55,40%;-33,90%;-46,10%;65,70%;95,10%;-44,60%
;Actividades relacionadas con segundos hogares y multipropiedades;925.832;772.179;875.296;1.895.963;2.148.703;1.306.058;1.787.068;1.733.843;1.603.984;1.744.741;2.916.147;2.996.809;2.300.881;2.029.727;1.815.985;1.991.198;2.523.573;3.059.483;2.476.833;;-16,60%;13,40%;116,60%;13,30%;-39,20%;36,80%;-3,00%;-7,50%;8,80%;67,10%;2,80%;-23,20%;-11,80%;-10,50%;9,60%;26,70%;21,20%;-19,00%
6102;Codegua;3.626;4.344;5.111;1.946;2.554;3.763;15.233;20.339;21.169;15.594;21.817;5.154;14.039;14.604;18.315;11.085;9.629;15.181;11.593;;19,80%;17,70%;-61,90%;31,30%;47,30%;304,80%;33,50%;4,10%;-26,30%;39,90%;-76,40%;172,40%;4,00%;25,40%;-39,50%;-13,10%;57,70%;-23,60%
;Alojamiento turístico;0;0;0;0;0;0;0;0;0;0;0;*;0;0;0;*;*;*;*;;;;;;;;;;;;;;;;;;;
;Actividades de provisión de alimentos y bebidas;3.626;1.952;2.554;0;2.554;3.763;0;4.434;4.165;0;17.744;0;5.151;5.417;11.199;4.168;3.585;4.400;5.804;;-46,20%;30,80%;-100,00%;;47,30%;-100,00%;;-6,10%;-100,00%;;-100,00%;;5,20%;106,70%;-62,80%;-14,00%;22,70%;31,90%
;Transporte de pasajeros por ferrocarril;0;0;0;0;0;0;0;0;0;0;0;0;0;0;0;0;0;0;0;;;;;;;;;;;;;;;;;;;
;Transporte de pasajeros por carretera;*;2.392;2.557;1.946;0;0;15.233;15.905;17.004;15.594;4.073;5.154;8.888;9.187;7.116;6.918;6.044;10.780;5.790;;;6,90%;-23,90%;-100,00%;;;4,40%;6,90%;-8,30%;-73,90%;26,50%;72,50%;3,40%;-22,50%;-2,80%;-12,60%;78,40%;-46,30%
;Transporte de pasajeros por agua;0;0;0;0;0;0;0;0;0;0;0;0;0;0;0;0;0;0;0;;;;;;;;;;;;;;;;;;;
;Transporte aéreo de pasajeros;0;0;0;0;0;0;0;0;0;0;0;0;0;0;0;0;0;0;0;;;;;;;;;;;;;;;;;;;
;Alquiler de equipos de transporte;0;0;0;*;*;*;*;*;*;*;*;*;*;*;*;*;*;*;*;;;;;;;;;;;;;;;;;;;
;Actividades de agencias de viajes y de otros servicios de reservas;0;0;0;0;0;0;0;0;0;0;0;0;0;0;0;0;*;*;0;;;;;;;;;;;;;;;;;;;
;Actividades culturales;0;0;0;0;0;0;0;0;0;*;*;*;*;0;0;0;*;*;*;;;;;;;;;;;;;;;;;;;
;Actividades deportivas y recreativas;0;0;*;*;*;*;*;*;*;*;*;*;*;*;*;*;*;*;*;;;;;;;;;;;;;;;;;;;
;Comercio al por menor de bienes característicos del turismo;0;0;0;0;0;0;*;0;*;*;*;*;*;*;*;*;*;*;*;;;;;;;;;;;;;;;;;;;
;Actividades relacionadas con segundos hogares y multipropiedades;*;*;*;*;*;*;*;*;*;*;0;*;*;*;*;0;0;0;0;;;;;;;;;;;;;;;;;;;
6103;Coinco;1.547;2.462;4.368;2.159;0;0;0;0;0;0;0;0;0;0;1.810;0;0;0;2.835;;59,10%;77,40%;-50,60%;-100,00%;;;;;;;;;;;-100,00%;;;
;Alojamiento turístico;0;0;0;0;*;*;*;*;0;0;*;*;*;*;*;*;*;*;*;;;;;;;;;;;;;;;;;;;
;Actividades de provisión de alimentos y bebidas;1.547;2.462;4.368;2.159;0;*;*;*;*;*;*;*;*;0;1.810;*;*;*;2.835;;59,10%;77,40%;-50,60%;-100,00%;;;;;;;;;;;;;;
;Transporte de pasajeros por ferrocarril;0;0;0;0;0;0;0;0;0;0;0;0;0;0;0;0;0;0;0;;;;;;;;;;;;;;;;;;;
;Transporte de pasajeros por carretera;*;*;0;0;0;0;0;0;0;0;0;0;0;0;0;0;0;0;0;;;;;;;;;;;;;;;;;;;
;Transporte de pasajeros por agua;0;0;0;0;0;0;0;0;0;0;0;0;0;0;0;0;0;0;0;;;;;;;;;;;;;;;;;;;
;Transporte aéreo de pasajeros;0;0;0;0;0;0;0;0;0;0;0;0;0;0;0;0;0;0;0;;;;;;;;;;;;;;;;;;;
;Alquiler de equipos de transporte;0;0;*;*;*;*;*;*;*;*;*;*;*;*;*;*;*;*;*;;;;;;;;;;;;;;;;;;;
;Actividades de agencias de viajes y de otros servicios de reservas;0;0;0;0;0;0;0;0;0;0;0;0;0;0;0;0;0;0;0;;;;;;;;;;;;;;;;;;;
;Actividades culturales;0;0;0;0;0;*;*;*;*;*;*;0;0;0;0;0;0;0;0;;;;;;;;;;;;;;;;;;;
;Actividades deportivas y recreativas;0;*;*;*;0;0;0;0;0;0;*;*;*;*;*;*;*;*;*;;;;;;;;;;;;;;;;;;;
;Comercio al por menor de bienes característicos del turismo;0;0;0;0;*;*;*;*;*;*;*;*;*;*;*;*;*;*;*;;;;;;;;;;;;;;;;;;;
;Actividades relacionadas con segundos hogares y multipropiedades;0;*;*;*;*;*;*;*;*;*;*;*;*;*;*;*;*;*;*;;;;;;;;;;;;;;;;;;;
6104;Coltauco;8.975;24.021;19.192;18.852;20.633;24.607;33.282;31.016;33.801;36.978;49.900;72.554;99.416;88.271;106.233;112.500;142.028;149.620;120.889;;167,60%;-20,10%;-1,80%;9,40%;19,30%;35,30%;-6,80%;9,00%;9,40%;34,90%;45,40%;37,00%;-11,20%;20,30%;5,90%;26,20%;5,30%;-19,20%
;Alojamiento turístico;0;0;0;*;*;*;*;*;*;*;*;*;*;*;*;*;*;*;*;;;;;;;;;;;;;;;;;;;
;Actividades de provisión de alimentos y bebidas;3.339;3.849;3.227;3.912;3.919;5.916;6.792;5.143;3.434;4.052;10.486;20.609;30.832;23.219;23.128;17.320;27.153;38.283;24.679;;15,30%;-16,20%;21,20%;0,20%;50,90%;14,80%;-24,30%;-33,20%;18,00%;158,80%;96,50%;49,60%;-24,70%;-0,40%;-25,10%;56,80%;41,00%;-35,50%
;Transporte de pasajeros por ferrocarril;0;0;0;0;0;0;0;0;0;0;0;0;0;0;0;0;0;0;0;;;;;;;;;;;;;;;;;;;
;Transporte de pasajeros por carretera;5.636;20.172;15.965;14.940;16.713;18.691;26.490;25.873;30.366;32.926;39.414;51.945;68.584;65.051;83.105;95.180;114.875;111.336;96.210;;257,90%;-20,90%;-6,40%;11,90%;11,80%;41,70%;-2,30%;17,40%;8,40%;19,70%;31,80%;32,00%;-5,20%;27,80%;14,50%;20,70%;-3,10%;-13,60%
;Transporte de pasajeros por agua;0;0;0;0;0;0;0;0;0;0;0;0;0;0;0;0;0;0;0;;;;;;;;;;;;;;;;;;;
;Transporte aéreo de pasajeros;0;0;0;0;0;0;0;0;0;0;0;0;0;0;0;0;0;0;0;;;;;;;;;;;;;;;;;;;
;Alquiler de equipos de transporte;0;0;0;0;0;*;*;*;*;*;*;*;*;*;*;*;*;*;*;;;;;;;;;;;;;;;;;;;
;Actividades de agencias de viajes y de otros servicios de reservas;0;0;0;0;0;0;0;0;0;0;*;*;*;*;*;0;0;0;0;;;;;;;;;;;;;;;;;;;
;Actividades culturales;0;0;*;0;*;0;0;0;0;0;*;*;*;*;*;*;*;*;*;;;;;;;;;;;;;;;;;;;
;Actividades deportivas y recreativas;*;*;*;*;*;*;*;*;*;*;*;*;*;*;*;*;*;*;*;;;;;;;;;;;;;;;;;;;
;Comercio al por menor de bienes característicos del turismo;*;*;*;*;*;*;*;*;*;*;*;*;*;*;*;*;*;*;*;;;;;;;;;;;;;;;;;;;
;Actividades relacionadas con segundos hogares y multipropiedades;*;*;*;*;*;*;*;*;*;*;*;*;*;0;0;0;0;0;0;;;;;;;;;;;;;;;;;;;
6105;Doñihue;16.652;14.784;26.026;24.018;26.447;26.931;28.572;40.703;42.238;62.744;174.960;148.935;185.207;177.875;117.622;79.569;101.583;132.612;87.600;;-11,20%;76,00%;-7,70%;10,10%;1,80%;6,10%;42,50%;3,80%;48,50%;178,80%;-14,90%;24,40%;-4,00%;-33,90%;-32,40%;27,70%;30,50%;-33,90%
;Alojamiento turístico;*;*;*;*;*;*;*;*;*;*;*;*;*;*;*;*;*;*;*;;;;;;;;;;;;;;;;;;;
;Actividades de provisión de alimentos y bebidas;15.027;11.534;11.581;8.342;8.139;7.916;8.612;10.372;11.168;25.487;46.946;28.892;31.312;47.152;51.406;31.215;50.165;60.190;61.253;;-23,20%;0,40%;-28,00%;-2,40%;-2,70%;8,80%;20,40%;7,70%;128,20%;84,20%;-38,50%;8,40%;50,60%;9,00%;-39,30%;60,70%;20,00%;1,80%
;Transporte de pasajeros por ferrocarril;0;0;0;0;0;0;0;0;0;0;0;0;0;0;0;0;0;0;0;;;;;;;;;;;;;;;;;;;
;Transporte de pasajeros por carretera;1.625;3.251;14.444;15.676;18.308;19.014;19.960;30.331;31.070;37.257;36.188;34.262;35.393;41.685;37.468;37.315;47.078;30.282;26.347;;100,00%;344,30%;8,50%;16,80%;3,90%;5,00%;52,00%;2,40%;19,90%;-2,90%;-5,30%;3,30%;17,80%;-10,10%;-0,40%;26,20%;-35,70%;-13,00%
;Transporte de pasajeros por agua;0;0;0;0;0;0;0;0;0;0;0;0;0;0;0;0;0;0;0;;;;;;;;;;;;;;;;;;;
;Transporte aéreo de pasajeros;0;0;0;0;0;0;0;0;0;0;0;0;0;0;0;0;0;0;0;;;;;;;;;;;;;;;;;;;
;Alquiler de equipos de transporte;*;*;*;*;*;*;*;*;*;*;91.826;85.781;95.605;89.037;*;*;*;*;*;;;;;;;;;;;;-6,60%;11,50%;-6,90%;;;;;
;Actividades de agencias de viajes y de otros servicios de reservas;0;0;0;0;0;0;0;0;0;0;0;*;*;*;*;*;*;*;*;;;;;;;;;;;;;;;;;;;
;Actividades culturales;*;*;*;*;*;*;*;*;*;*;0;*;*;*;*;*;*;*;*;;;;;;;;;;;;;;;;;;;
;Actividades deportivas y recreativas;*;*;0;0;0;0;*;*;*;*;0;0;0;0;9.855;6.993;4.340;6.850;0;;;;;;;;;;;;;;;;-29,00%;-37,90%;57,80%;-100,00%
;Comercio al por menor de bienes característicos del turismo;*;*;*;*;*;*;*;*;*;*;*;*;*;*;*;*;*;*;*;;;;;;;;;;;;;;;;;;;
;Actividades relacionadas con segundos hogares y multipropiedades;*;0;*;*;*;*;*;*;*;*;0;0;22.897;0;18.893;4.045;0;35.290;0;;;;;;;;;;;;;;-100,00%;;-78,60%;-100,00%;;-100,00%
6106;Graneros;48.268;31.254;33.238;32.491;28.786;29.889;33.778;47.317;54.594;63.965;242.109;406.760;542.065;551.583;428.360;191.855;247.201;624.403;260.547;;-35,20%;6,30%;-2,20%;-11,40%;3,80%;13,00%;40,10%;15,40%;17,20%;278,50%;68,00%;33,30%;1,80%;-22,30%;-55,20%;28,80%;152,60%;-58,30%
;Alojamiento turístico;*;*;*;*;*;*;*;*;*;*;*;*;*;*;*;*;*;*;0;;;;;;;;;;;;;;;;;;;
;Actividades de provisión de alimentos y bebidas;41.888;18.955;20.158;19.006;20.340;19.760;20.728;21.327;20.687;12.333;12.181;36.845;141.364;44.882;43.313;29.041;45.051;41.880;49.190;;-54,70%;6,30%;-5,70%;7,00%;-2,90%;4,90%;2,90%;-3,00%;-40,40%;-1,20%;202,50%;283,70%;-68,30%;-3,50%;-33,00%;55,10%;-7,00%;17,50%
;Transporte de pasajeros por ferrocarril;0;0;0;*;*;*;0;0;0;0;0;0;0;0;0;0;0;0;0;;;;;;;;;;;;;;;;;;;
;Transporte de pasajeros por carretera;6.379;12.299;13.079;13.485;8.446;10.129;13.050;25.990;20.543;23.743;35.602;95.405;121.473;177.886;187.510;123.855;152.721;178.439;156.677;;92,80%;6,30%;3,10%;-37,40%;19,90%;28,80%;99,20%;-21,00%;15,60%;49,90%;168,00%;27,30%;46,40%;5,40%;-33,90%;23,30%;16,80%;-12,20%
;Transporte de pasajeros por agua;0;0;0;0;0;0;0;0;0;0;0;0;*;*;*;0;0;0;0;;;;;;;;;;;;;;;;;;;
;Transporte aéreo de pasajeros;0;*;0;0;0;0;0;0;0;0;0;0;0;0;0;0;0;0;0;;;;;;;;;;;;;;;;;;;
;Alquiler de equipos de transporte;*;*;0;*;*;*;*;*;*;*;*;*;*;*;*;*;*;*;*;;;;;;;;;;;;;;;;;;;
;Actividades de agencias de viajes y de otros servicios de reservas;0;0;0;0;0;0;0;0;0;0;*;*;*;0;*;0;0;0;*;;;;;;;;;;;;;;;;;;;
;Actividades culturales;*;*;*;*;*;*;*;*;*;*;*;*;*;*;*;*;*;*;*;;;;;;;;;;;;;;;;;;;
;Actividades deportivas y recreativas;*;*;*;*;*;*;*;*;*;*;23.269;22.785;21.540;0;0;*;0;0;0;;;;;;;;;;;;-2,10%;-5,50%;-100,00%;;;;;
;Comercio al por menor de bienes característicos del turismo;*;*;*;*;*;*;*;*;*;*;*;*;*;*;*;*;*;*;*;;;;;;;;;;;;;;;;;;;
;Actividades relacionadas con segundos hogares y multipropiedades;*;*;*;*;*;*;*;0;13.363;27.888;171.056;251.725;257.688;328.815;197.537;38.959;49.428;404.084;54.681;;;;;;;;;;108,70%;513,40%;47,20%;2,40%;27,60%;-39,90%;-80,30%;26,90%;717,50%;-86,50%
6107;Las Cabras;1.864.657;6.137.279;3.153.821;2.647.563;1.520.323;2.703.531;2.034.184;2.161.212;2.655.907;2.191.379;1.750.695;3.001.533;1.083.450;720.276;7.356.132;10.411.824;32.225.869;4.315.743;3.416.194;;229,10%;-48,60%;-16,10%;-42,60%;77,80%;-24,80%;6,20%;22,90%;-17,50%;-20,10%;71,40%;-63,90%;-33,50%;921,30%;41,50%;209,50%;-86,60%;-20,80%
;Alojamiento turístico;0;0;0;0;0;0;0;0;0;0;0;0;13.487;23.882;13.062;9.672;9.519;21.717;12.146;;;;;;;;;;;;;;77,10%;-45,30%;-25,90%;-1,60%;128,10%;-44,10%
;Actividades de provisión de alimentos y bebidas;14.624;14.685;9.869;16.647;15.121;15.903;22.518;97.367;107.753;10.093;41.039;45.809;46.936;50.880;61.554;49.269;90.463;98.410;104.384;;0,40%;-32,80%;68,70%;-9,20%;5,20%;41,60%;332,40%;10,70%;-90,60%;306,60%;11,60%;2,50%;8,40%;21,00%;-20,00%;83,60%;8,80%;6,10%
;Transporte de pasajeros por ferrocarril;*;*;0;0;0;0;0;0;0;0;0;0;0;0;0;0;0;0;0;;;;;;;;;;;;;;;;;;;
;Transporte de pasajeros por carretera;5.150;5.857;5.015;11.408;35.317;64.254;61.295;77.248;84.043;86.057;90.433;45.976;43.408;50.209;52.683;43.862;50.786;76.495;53.956;;13,70%;-14,40%;127,50%;209,60%;81,90%;-4,60%;26,00%;8,80%;2,40%;5,10%;-49,20%;-5,60%;15,70%;4,90%;-16,70%;15,80%;50,60%;-29,50%
;Transporte de pasajeros por agua;0;0;0;0;0;0;0;0;0;0;0;0;0;0;0;0;0;0;0;;;;;;;;;;;;;;;;;;;
;Transporte aéreo de pasajeros;0;0;0;0;0;0;0;0;0;0;0;0;0;0;0;*;*;*;*;;;;;;;;;;;;;;;;;;;
;Alquiler de equipos de transporte;*;*;*;*;*;*;*;*;*;*;*;*;*;*;*;*;*;*;*;;;;;;;;;;;;;;;;;;;
;Actividades de agencias de viajes y de otros servicios de reservas;0;0;0;0;0;0;0;0;0;0;0;0;*;*;*;0;0;*;0;;;;;;;;;;;;;;;;;;;
;Actividades culturales;0;0;0;0;0;0;0;0;0;*;0;0;0;*;*;*;*;*;*;;;;;;;;;;;;;;;;;;;
;Actividades deportivas y recreativas;*;*;*;*;*;*;*;*;*;*;19.104;27.008;21.438;8.591;4.819;0;0;0;0;;;;;;;;;;;;41,40%;-20,60%;-59,90%;-43,90%;-100,00%;;;
;Comercio al por menor de bienes característicos del turismo;*;*;*;*;*;0;0;*;*;*;*;2.597;*;*;*;*;*;*;1.528;;;;;;;;;;;;;;;;;;;
;Actividades relacionadas con segundos hogares y multipropiedades;1.844.883;6.116.738;3.138.937;2.619.508;1.469.884;2.623.374;1.950.371;1.986.597;2.464.111;2.095.229;1.600.120;2.880.143;958.181;586.715;7.224.015;10.309.021;32.075.101;4.119.121;3.244.180;;231,60%;-48,70%;-16,50%;-43,90%;78,50%;-25,70%;1,90%;24,00%;-15,00%;-23,60%;80,00%;-66,70%;-38,80%;1131,30%;42,70%;211,10%;-87,20%;-21,20%
6108;Machalí;127.641;185.581;285.395;164.161;158.955;180.016;169.876;183.526;209.512;340.811;999.344;1.349.013;1.378.400;826.081;865.435;687.521;1.096.294;1.399.973;2.099.231;;45,40%;53,80%;-42,50%;-3,20%;13,20%;-5,60%;8,00%;14,20%;62,70%;193,20%;35,00%;2,20%;-40,10%;4,80%;-20,60%;59,50%;27,70%;49,90%
;Alojamiento turístico;*;*;*;*;*;*;*;0;0;21.787;52.438;63.080;18.376;27.690;30.788;18.015;17.350;17.400;0;;;;;;;;;;;140,70%;20,30%;-70,90%;50,70%;11,20%;-41,50%;-3,70%;0,30%;-100,00%
;Actividades de provisión de alimentos y bebidas;56.556;63.826;60.453;54.875;53.218;52.209;80.190;102.059;129.513;90.618;158.564;208.672;217.150;249.407;299.022;192.242;412.771;479.375;485.194;;12,90%;-5,30%;-9,20%;-3,00%;-1,90%;53,60%;27,30%;26,90%;-30,00%;75,00%;31,60%;4,10%;14,90%;19,90%;-35,70%;114,70%;16,10%;1,20%
;Transporte de pasajeros por ferrocarril;0;0;0;0;0;0;0;0;0;0;0;0;0;0;0;0;0;0;0;;;;;;;;;;;;;;;;;;;
;Transporte de pasajeros por carretera;11.119;9.196;16.717;20.653;38.035;44.411;39.653;8.170;7.309;8.492;7.880;8.805;26.361;50.439;62.859;114.201;80.366;135.769;47.912;;-17,30%;81,80%;23,50%;84,20%;16,80%;-10,70%;-79,40%;-10,50%;16,20%;-7,20%;11,70%;199,40%;91,30%;24,60%;81,70%;-29,60%;68,90%;-64,70%
;Transporte de pasajeros por agua;0;0;0;0;0;0;0;0;0;0;0;0;0;0;0;0;0;0;0;;;;;;;;;;;;;;;;;;;
;Transporte aéreo de pasajeros;0;0;0;0;0;0;0;0;0;0;0;0;0;0;0;*;*;*;0;;;;;;;;;;;;;;;;;;;
;Alquiler de equipos de transporte;*;*;*;2.235;3.662;7.742;7.656;13.999;21.664;48.607;546.185;610.484;427.904;196.873;175.682;129.936;170.541;82.946;221.727;;;;;63,80%;111,40%;-1,10%;82,90%;54,80%;124,40%;1023,70%;11,80%;-29,90%;-54,00%;-10,80%;-26,00%;31,30%;-51,40%;167,30%
;Actividades de agencias de viajes y de otros servicios de reservas;*;0;*;*;*;*;*;*;*;*;*;*;*;*;*;*;*;*;*;;;;;;;;;;;;;;;;;;;
;Actividades culturales;0;0;0;0;0;*;*;*;*;0;*;*;*;*;0;*;*;0;0;;;;;;;;;;;;;;;;;;;
;Actividades deportivas y recreativas;*;*;*;*;*;*;*;*;*;*;0;20.062;22.936;6.865;10.495;3.659;9.109;33.119;7.173;;;;;;;;;;;;;14,30%;-70,10%;52,90%;-65,10%;148,90%;263,60%;-78,30%
;Comercio al por menor de bienes característicos del turismo;*;*;*;*;*;*;*;*;*;*;*;*;472;1.137;1.490;1.414;2.094;2.099;4.004;;;;;;;;;;;;;;140,90%;31,10%;-5,10%;48,10%;0,30%;90,70%
;Actividades relacionadas con segundos hogares y multipropiedades;59.966;112.559;208.225;86.398;64.040;75.653;42.378;59.299;51.025;171.307;234.277;437.910;665.201;293.670;285.098;228.054;404.062;649.265;1.333.222;;87,70%;85,00%;-58,50%;-25,90%;18,10%;-44,00%;39,90%;-14,00%;235,70%;36,80%;86,90%;51,90%;-55,90%;-2,90%;-20,00%;77,20%;60,70%;105,30%
6109;Malloa;9.000;20.127;20.040;15.586;14.995;18.524;21.033;4.817;5.388;5.134;17.143;43.980;47.166;76.475;65.954;45.476;58.102;53.578;41.423;;123,60%;-0,40%;-22,20%;-3,80%;23,50%;13,50%;-77,10%;11,90%;-4,70%;233,90%;156,50%;7,20%;62,10%;-13,80%;-31,00%;27,80%;-7,80%;-22,70%
;Alojamiento turístico;0;0;*;*;*;*;*;*;*;*;*;*;*;*;*;*;*;*;*;;;;;;;;;;;;;;;;;;;
;Actividades de provisión de alimentos y bebidas;5.854;15.895;15.156;15.586;14.995;18.524;21.033;4.817;4.791;5.134;9.719;32.361;35.084;50.477;45.715;26.493;40.096;28.874;24.533;;171,50%;-4,60%;2,80%;-3,80%;23,50%;13,50%;-77,10%;-0,50%;7,10%;89,30%;233,00%;8,40%;43,90%;-9,40%;-42,00%;51,30%;-28,00%;-15,00%
;Transporte de pasajeros por ferrocarril;0;0;0;0;0;0;0;0;0;0;0;0;0;0;0;0;0;0;0;;;;;;;;;;;;;;;;;;;
;Transporte de pasajeros por carretera;0;*;0;0;0;0;0;0;0;0;0;0;0;0;0;0;0;0;0;;;;;;;;;;;;;;;;;;;
;Transporte de pasajeros por agua;0;0;0;0;0;0;0;0;0;0;0;0;0;0;0;0;0;0;0;;;;;;;;;;;;;;;;;;;
;Transporte aéreo de pasajeros;0;0;0;0;0;0;0;0;0;0;0;0;0;0;0;0;0;0;0;;;;;;;;;;;;;;;;;;;
;Alquiler de equipos de transporte;0;0;0;0;0;0;0;0;*;*;*;*;*;*;*;*;0;*;*;;;;;;;;;;;;;;;;;;;
;Actividades de agencias de viajes y de otros servicios de reservas;0;0;0;0;0;0;0;0;0;0;0;0;0;*;0;*;*;0;*;;;;;;;;;;;;;;;;;;;
;Actividades culturales;0;0;0;0;*;*;0;0;0;0;0;0;0;0;*;*;*;0;*;;;;;;;;;;;;;;;;;;;
;Actividades deportivas y recreativas;*;0;*;0;0;0;0;0;0;0;*;*;*;*;*;*;*;*;*;;;;;;;;;;;;;;;;;;;
;Comercio al por menor de bienes característicos del turismo;3.146;4.232;4.884;*;*;*;*;*;*;*;5.240;8.825;12.083;7.117;7.316;3.244;*;*;*;;34,50%;15,40%;;;;;;;;;68,40%;36,90%;-41,10%;2,80%;-55,70%;;;
;Actividades relacionadas con segundos hogares y multipropiedades;*;*;*;*;*;*;*;0;596;0;2.185;2.794;0;18.881;12.923;15.738;18.007;24.704;16.890;;;;;;;;;;-100,00%;;27,90%;-100,00%;;-31,60%;21,80%;14,40%;37,20%;-31,60%
6110;Mostazal;23.792;17.850;20.108;339.485;20.573;1.976.419;3.437.485;37.197;3.691.241;3.504.454;3.943.786;4.884.501;4.326.014;2.139.908;2.322.657;751.837;268.530;359.073;409.797;;-25,00%;12,70%;1588,30%;-93,90%;9507,00%;73,90%;-98,90%;9823,50%;-5,10%;12,50%;23,90%;-11,40%;-50,50%;8,50%;-67,60%;-64,30%;33,70%;14,10%
;Alojamiento turístico;*;*;*;*;*;*;0;*;*;*;0;0;0;0;0;0;0;0;0;;;;;;;;;;;;;;;;;;;
;Actividades de provisión de alimentos y bebidas;23.071;16.238;18.640;336.534;16.010;1.971.866;3.431.919;23.575;3.683.521;3.494.795;3.933.536;4.843.251;4.265.470;362.222;345.303;101.481;135.770;263.009;310.066;;-29,60%;14,80%;1705,50%;-95,20%;12216,30%;74,00%;-99,30%;15524,70%;-5,10%;12,60%;23,10%;-11,90%;-91,50%;-4,70%;-70,60%;33,80%;93,70%;17,90%
;Transporte de pasajeros por ferrocarril;0;0;0;*;*;*;0;0;0;0;0;0;0;0;0;0;0;0;0;;;;;;;;;;;;;;;;;;;
;Transporte de pasajeros por carretera;721;1.612;1.469;2.951;4.562;4.553;5.567;13.622;7.720;9.659;10.250;17.851;38.895;44.663;27.806;22.740;34.886;42.309;52.474;;123,50%;-8,90%;100,90%;54,60%;-0,20%;22,30%;144,70%;-43,30%;25,10%;6,10%;74,20%;117,90%;14,80%;-37,70%;-18,20%;53,40%;21,30%;24,00%
;Transporte de pasajeros por agua;0;0;0;0;0;0;0;0;0;0;0;0;0;0;0;0;0;0;0;;;;;;;;;;;;;;;;;;;
;Transporte aéreo de pasajeros;0;0;0;0;0;0;0;0;0;0;0;0;0;0;0;0;0;0;0;;;;;;;;;;;;;;;;;;;
;Alquiler de equipos de transporte;*;*;*;*;*;*;*;*;*;*;*;*;*;*;*;*;*;*;*;;;;;;;;;;;;;;;;;;;
;Actividades de agencias de viajes y de otros servicios de reservas;0;0;0;0;0;0;0;0;0;0;0;0;0;0;*;0;*;0;0;;;;;;;;;;;;;;;;;;;
;Actividades culturales;0;0;0;*;*;0;*;*;*;*;*;*;*;*;*;*;*;*;*;;;;;;;;;;;;;;;;;;;
;Actividades deportivas y recreativas;*;0;0;*;*;*;*;*;*;*;0;0;0;0;0;*;0;0;0;;;;;;;;;;;;;;;;;;;
;Comercio al por menor de bienes característicos del turismo;*;*;*;*;*;*;*;*;*;*;*;*;*;*;*;*;*;*;*;;;;;;;;;;;;;;;;;;;
;Actividades relacionadas con segundos hogares y multipropiedades;0;0;0;*;*;*;*;*;*;*;0;23.399;21.649;1.733.022;1.949.548;627.616;97.874;53.755;47.258;;;;;;;;;;;;;-7,50%;7905,10%;12,50%;-67,80%;-84,40%;-45,10%;-12,10%
6111;Olivar;25.033;29.504;35.541;70.848;42.512;40.860;151.834;75.736;246.605;518.284;439.226;866.932;501.061;650.047;727.146;559.752;488.938;692.485;575.244;;17,90%;20,50%;99,30%;-40,00%;-3,90%;271,60%;-50,10%;225,60%;110,20%;-15,30%;97,40%;-42,20%;29,70%;11,90%;-23,00%;-12,70%;41,60%;-16,90%
;Alojamiento turístico;*;*;0;0;0;0;0;*;*;*;*;*;*;*;*;*;*;*;*;;;;;;;;;;;;;;;;;;;
;Actividades de provisión de alimentos y bebidas;17.871;23.924;29.783;28.138;31.188;36.549;46.632;55.535;61.336;62.917;65.275;64.601;81.991;87.226;82.269;47.889;82.239;109.812;117.259;;33,90%;24,50%;-5,50%;10,80%;17,20%;27,60%;19,10%;10,40%;2,60%;3,70%;-1,00%;26,90%;6,40%;-5,70%;-41,80%;71,70%;33,50%;6,80%
;Transporte de pasajeros por ferrocarril;0;0;0;0;0;0;0;0;0;0;0;0;0;0;0;0;0;0;0;;;;;;;;;;;;;;;;;;;
;Transporte de pasajeros por carretera;7.162;5.581;5.758;7.457;3.430;4.311;6.677;5.976;4.173;4.141;7.647;14.085;10.411;8.506;4.583;4.254;11.519;9.907;9.773;;-22,10%;3,20%;29,50%;-54,00%;25,70%;54,90%;-10,50%;-30,20%;-0,80%;84,70%;84,20%;-26,10%;-18,30%;-46,10%;-7,20%;170,80%;-14,00%;-1,30%
;Transporte de pasajeros por agua;0;0;0;0;0;0;0;0;0;0;0;0;0;0;0;0;0;0;0;;;;;;;;;;;;;;;;;;;
;Transporte aéreo de pasajeros;0;0;0;0;0;0;0;0;0;0;0;0;0;0;0;0;0;0;0;;;;;;;;;;;;;;;;;;;
;Alquiler de equipos de transporte;*;*;*;*;*;*;*;*;*;*;*;454.993;151.747;258.386;222.216;155.463;228.507;254.757;143.013;;;;;;;;;;;;;-66,60%;70,30%;-14,00%;-30,00%;47,00%;11,50%;-43,90%
;Actividades de agencias de viajes y de otros servicios de reservas;0;0;0;*;*;0;0;0;0;0;0;0;*;*;0;0;0;*;*;;;;;;;;;;;;;;;;;;;
;Actividades culturales;0;*;0;*;*;0;0;0;*;0;0;0;0;*;*;*;*;*;*;;;;;;;;;;;;;;;;;;;
;Actividades deportivas y recreativas;*;*;*;*;*;0;*;*;*;*;*;*;*;*;*;*;*;*;*;;;;;;;;;;;;;;;;;;;
;Comercio al por menor de bienes característicos del turismo;0;0;0;0;0;0;0;0;*;*;*;*;*;*;*;*;*;*;*;;;;;;;;;;;;;;;;;;;
;Actividades relacionadas con segundos hogares y multipropiedades;*;*;0;35.254;7.893;0;98.525;14.225;181.096;451.225;366.304;333.253;256.911;295.929;418.077;352.146;166.673;318.009;305.198;;;;;-77,60%;-100,00%;;-85,60%;1173,10%;149,20%;-18,80%;-9,00%;-22,90%;15,20%;41,30%;-15,80%;-52,70%;90,80%;-4,00%
6112;Peumo;12.860;16.318;11.902;11.445;10.881;14.375;8.164;41.535;15.714;35.790;59.166;569.067;388.824;396.031;823.235;782.353;1.163.253;226.701;262.904;;26,90%;-27,10%;-3,80%;-4,90%;32,10%;-43,20%;408,70%;-62,20%;127,80%;65,30%;861,80%;-31,70%;1,90%;107,90%;-5,00%;48,70%;-80,50%;16,00%
;Alojamiento turístico;*;*;*;*;*;*;*;*;*;*;*;*;*;*;*;*;*;*;*;;;;;;;;;;;;;;;;;;;
;Actividades de provisión de alimentos y bebidas;10.563;10.999;8.464;6.317;5.193;6.786;8.164;6.738;6.545;5.750;10.186;8.919;11.356;9.910;7.461;7.225;10.538;14.074;11.983;;4,10%;-23,00%;-25,40%;-17,80%;30,70%;20,30%;-17,50%;-2,90%;-12,20%;77,20%;-12,40%;27,30%;-12,70%;-24,70%;-3,20%;45,90%;33,50%;-14,90%
;Transporte de pasajeros por ferrocarril;0;0;0;0;0;0;0;0;0;0;0;0;0;0;0;0;0;0;0;;;;;;;;;;;;;;;;;;;
;Transporte de pasajeros por carretera;2.296;5.318;3.437;5.129;5.688;7.589;0;17.168;9.168;30.040;48.980;43.085;38.113;34.953;34.919;14.731;14.659;13.677;12.352;;131,60%;-35,40%;49,20%;10,90%;33,40%;-100,00%;;-46,60%;227,60%;63,00%;-12,00%;-11,50%;-8,30%;-0,10%;-57,80%;-0,50%;-6,70%;-9,70%
;Transporte de pasajeros por agua;0;0;0;0;0;0;0;0;0;0;0;0;0;0;0;0;0;0;0;;;;;;;;;;;;;;;;;;;
;Transporte aéreo de pasajeros;0;0;0;0;0;0;0;0;0;0;0;0;0;0;0;0;0;0;0;;;;;;;;;;;;;;;;;;;
;Alquiler de equipos de transporte;*;*;*;*;*;*;*;*;*;*;*;*;*;*;*;*;*;*;*;;;;;;;;;;;;;;;;;;;
;Actividades de agencias de viajes y de otros servicios de reservas;0;0;0;0;0;0;0;0;0;0;0;0;0;0;*;*;*;*;0;;;;;;;;;;;;;;;;;;;
;Actividades culturales;*;0;0;0;0;0;*;*;*;*;*;*;*;*;*;*;*;*;*;;;;;;;;;;;;;;;;;;;
;Actividades deportivas y recreativas;*;0;*;*;0;0;0;0;*;*;*;*;0;0;*;*;*;*;*;;;;;;;;;;;;;;;;;;;
;Comercio al por menor de bienes característicos del turismo;0;*;*;*;*;*;*;*;*;*;*;*;*;*;*;*;*;*;*;;;;;;;;;;;;;;;;;;;
;Actividades relacionadas con segundos hogares y multipropiedades;*;*;*;*;*;*;*;17.630;*;0;0;517.063;339.355;351.167;780.855;760.397;1.138.056;198.950;238.568;;;;;;;;;;;;;-34,40%;3,50%;122,40%;-2,60%;49,70%;-82,50%;19,90%
6113;Pichidegua;10.703;12.481;176.161;9.227;11.717;12.199;10.474;24.691;29.242;113.786;72.146;65.405;301.530;137.438;49.174;109.714;133.127;288.932;107.022;;16,60%;1311,50%;-94,80%;27,00%;4,10%;-14,10%;135,70%;18,40%;289,10%;-36,60%;-9,30%;361,00%;-54,40%;-64,20%;123,10%;21,30%;117,00%;-63,00%
;Alojamiento turístico;*;*;*;*;*;*;*;*;*;*;*;*;*;*;*;*;*;*;*;;;;;;;;;;;;;;;;;;;
;Actividades de provisión de alimentos y bebidas;9.354;11.141;7.997;9.227;9.391;9.650;10.474;8.957;8.520;9.243;14.451;18.198;17.485;16.179;17.727;15.670;19.624;25.783;27.711;;19,10%;-28,20%;15,40%;1,80%;2,80%;8,50%;-14,50%;-4,90%;8,50%;56,40%;25,90%;-3,90%;-7,50%;9,60%;-11,60%;25,20%;31,40%;7,50%
;Transporte de pasajeros por ferrocarril;0;0;0;0;0;0;0;0;0;0;0;0;0;0;0;0;0;*;0;;;;;;;;;;;;;;;;;;;
;Transporte de pasajeros por carretera;1.349;1.340;3.746;0;2.326;2.549;0;5.751;6.275;5.676;25.491;20.661;24.161;40.611;16.817;11.352;12.622;30.128;26.009;;-0,70%;179,60%;-100,00%;;9,60%;-100,00%;;9,10%;-9,50%;349,10%;-18,90%;16,90%;68,10%;-58,60%;-32,50%;11,20%;138,70%;-13,70%
;Transporte de pasajeros por agua;0;0;0;0;0;0;0;0;0;0;0;0;0;0;0;0;0;0;0;;;;;;;;;;;;;;;;;;;
;Transporte aéreo de pasajeros;0;0;0;0;0;0;0;0;0;0;0;0;0;0;0;0;0;0;0;;;;;;;;;;;;;;;;;;;
;Alquiler de equipos de transporte;*;0;*;0;0;0;0;0;0;0;*;*;*;*;*;*;*;*;0;;;;;;;;;;;;;;;;;;;
;Actividades de agencias de viajes y de otros servicios de reservas;0;0;0;0;0;0;0;0;0;0;0;0;*;*;0;0;0;0;0;;;;;;;;;;;;;;;;;;;
;Actividades culturales;0;0;0;0;0;0;0;0;0;0;0;*;*;*;*;*;*;*;*;;;;;;;;;;;;;;;;;;;
;Actividades deportivas y recreativas;*;*;*;*;*;*;*;*;*;*;*;*;*;*;*;*;*;*;*;;;;;;;;;;;;;;;;;;;
;Comercio al por menor de bienes característicos del turismo;*;*;*;*;*;*;*;*;*;*;*;*;*;*;*;*;*;*;*;;;;;;;;;;;;;;;;;;;
;Actividades relacionadas con segundos hogares y multipropiedades;*;*;164.417;*;*;*;*;9.983;14.447;98.868;32.204;26.546;259.884;80.649;14.629;82.692;100.881;233.021;53.302;;;;;;;;;44,70%;584,40%;-67,40%;-17,60%;879,00%;-69,00%;-81,90%;465,30%;22,00%;131,00%;-77,10%
6114;Quinta de Tilcoco;5.606;8.374;8.636;7.275;9.816;8.986;12.654;6.574;8.295;8.300;40.680;68.923;44.262;37.133;46.171;28.938;31.378;32.092;32.276;;49,40%;3,10%;-15,80%;34,90%;-8,50%;40,80%;-48,00%;26,20%;0,10%;390,10%;69,40%;-35,80%;-16,10%;24,30%;-37,30%;8,40%;2,30%;0,60%
;Alojamiento turístico;0;0;0;0;0;0;0;0;0;0;0;0;0;0;0;0;0;*;*;;;;;;;;;;;;;;;;;;;
;Actividades de provisión de alimentos y bebidas;5.418;7.730;7.245;7.275;9.816;8.986;9.536;6.574;8.295;7.878;22.364;25.574;26.860;16.043;15.064;10.668;14.262;18.262;20.590;;42,70%;-6,30%;0,40%;34,90%;-8,50%;6,10%;-31,10%;26,20%;-5,00%;183,90%;14,40%;5,00%;-40,30%;-6,10%;-29,20%;33,70%;28,00%;12,70%
;Transporte de pasajeros por ferrocarril;0;0;0;0;0;0;0;0;0;0;0;0;0;0;0;0;0;0;0;;;;;;;;;;;;;;;;;;;
;Transporte de pasajeros por carretera;188;644;1.392;0;0;0;3.118;0;0;422;2.257;13.978;9.639;13.024;22.686;9.100;10.524;13.830;11.686;;241,90%;116,10%;-100,00%;;;;-100,00%;;;435,00%;519,30%;-31,00%;35,10%;74,20%;-59,90%;15,60%;31,40%;-15,50%
;Transporte de pasajeros por agua;0;0;0;0;0;0;0;0;0;0;0;0;0;0;0;0;0;0;0;;;;;;;;;;;;;;;;;;;
;Transporte aéreo de pasajeros;0;0;0;0;0;0;0;0;0;0;0;0;0;0;0;0;0;0;0;;;;;;;;;;;;;;;;;;;
;Alquiler de equipos de transporte;0;0;0;0;0;0;*;*;*;*;*;*;*;*;*;*;*;*;*;;;;;;;;;;;;;;;;;;;
;Actividades de agencias de viajes y de otros servicios de reservas;0;0;0;0;0;0;0;0;0;0;0;0;*;0;0;0;0;0;0;;;;;;;;;;;;;;;;;;;
;Actividades culturales;*;0;0;0;0;0;0;0;0;0;*;*;0;*;*;*;*;*;*;;;;;;;;;;;;;;;;;;;
;Actividades deportivas y recreativas;*;*;*;*;*;0;*;0;0;0;*;*;*;*;*;*;*;*;*;;;;;;;;;;;;;;;;;;;
;Comercio al por menor de bienes característicos del turismo;0;*;0;0;0;0;0;0;0;0;*;*;*;*;*;0;0;0;*;;;;;;;;;;;;;;;;;;;
;Actividades relacionadas con segundos hogares y multipropiedades;*;*;*;*;*;0;*;*;*;*;16.059;29.371;7.764;8.067;8.421;9.170;6.592;*;*;;;;;;;;;;;;82,90%;-73,60%;3,90%;4,40%;8,90%;-28,10%;;
6115;Rengo;85.513;87.126;118.009;227.940;109.179;160.937;228.257;244.643;317.552;539.860;811.511;886.462;1.125.950;625.293;873.128;770.423;1.483.742;1.275.259;1.155.356;;1,90%;35,40%;93,20%;-52,10%;47,40%;41,80%;7,20%;29,80%;70,00%;50,30%;9,20%;27,00%;-44,50%;39,60%;-11,80%;92,60%;-14,10%;-9,40%
;Alojamiento turístico;*;*;0;*;0;*;*;*;0;0;0;0;0;0;0;10.590;8.969;0;0;;;;;;;;;;;;;;;;;-15,30%;-100,00%;
;Actividades de provisión de alimentos y bebidas;48.991;53.185;82.272;124.332;56.450;88.794;163.112;188.439;206.314;219.619;242.905;316.910;309.876;291.098;277.164;150.648;277.813;350.832;359.614;;8,60%;54,70%;51,10%;-54,60%;57,30%;83,70%;15,50%;9,50%;6,40%;10,60%;30,50%;-2,20%;-6,10%;-4,80%;-45,60%;84,40%;26,30%;2,50%
;Transporte de pasajeros por ferrocarril;0;0;0;0;0;0;0;0;0;0;0;0;0;0;0;0;0;0;0;;;;;;;;;;;;;;;;;;;
;Transporte de pasajeros por carretera;2.807;5.660;3.809;19.303;18.170;26.589;27.502;29.317;41.889;102.523;92.784;75.564;86.507;61.206;66.869;76.170;131.238;115.342;90.903;;101,70%;-32,70%;406,80%;-5,90%;46,30%;3,40%;6,60%;42,90%;144,80%;-9,50%;-18,60%;14,50%;-29,20%;9,30%;13,90%;72,30%;-12,10%;-21,20%
;Transporte de pasajeros por agua;*;*;0;0;0;0;0;0;0;0;0;0;0;0;0;0;0;0;0;;;;;;;;;;;;;;;;;;;
;Transporte aéreo de pasajeros;0;0;0;0;0;0;0;0;0;0;*;*;0;0;*;*;*;*;*;;;;;;;;;;;;;;;;;;;
;Alquiler de equipos de transporte;*;*;*;*;*;*;*;*;*;*;5.760;33.401;31.682;30.112;6.947;*;50.059;9.661;2.682;;;;;;;;;;;;479,90%;-5,10%;-5,00%;-76,90%;;;-80,70%;-72,20%
;Actividades de agencias de viajes y de otros servicios de reservas;*;0;0;0;0;0;0;0;0;*;*;*;*;*;*;*;*;*;*;;;;;;;;;;;;;;;;;;;
;Actividades culturales;*;*;0;0;0;0;0;*;*;*;*;*;*;*;*;*;*;3.165;0;;;;;;;;;;;;;;;;;;;-100,00%
;Actividades deportivas y recreativas;0;0;*;*;*;*;*;*;*;*;35.615;34.597;71.536;34.079;30.571;21.141;7.075;3.589;0;;;;;;;;;;;;-2,90%;106,80%;-52,40%;-10,30%;-30,80%;-66,50%;-49,30%;-100,00%
;Comercio al por menor de bienes característicos del turismo;*;*;*;*;*;*;1.020;*;*;*;*;*;*;1.822;3.588;1.227;4.599;3.784;6.731;;;;;;;;;;;;;;;96,90%;-65,80%;274,90%;-17,70%;77,90%
;Actividades relacionadas con segundos hogares y multipropiedades;33.716;28.281;31.927;84.304;34.559;45.555;36.623;26.887;69.349;217.718;434.447;425.990;626.349;206.976;487.988;510.648;1.003.991;788.886;695.426;;-16,10%;12,90%;164,00%;-59,00%;31,80%;-19,60%;-26,60%;157,90%;213,90%;99,50%;-1,90%;47,00%;-67,00%;135,80%;4,60%;96,60%;-21,40%;-11,80%
6116;Requínoa;18.042;25.102;25.626;20.632;15.129;44.961;20.849;87.734;64.407;90.155;323.982;292.345;343.626;692.128;217.548;280.147;463.867;469.274;503.859;;39,10%;2,10%;-19,50%;-26,70%;197,20%;-53,60%;320,80%;-26,60%;40,00%;259,40%;-9,80%;17,50%;101,40%;-68,60%;28,80%;65,60%;1,20%;7,40%
;Alojamiento turístico;*;*;*;*;*;*;*;*;*;*;*;*;*;*;*;*;*;*;*;;;;;;;;;;;;;;;;;;;
;Actividades de provisión de alimentos y bebidas;16.868;23.566;23.203;17.121;8.433;31.232;13.931;26.868;28.218;47.695;48.538;53.948;72.370;59.289;70.531;57.890;77.408;96.694;57.100;;39,70%;-1,50%;-26,20%;-50,70%;270,30%;-55,40%;92,90%;5,00%;69,00%;1,80%;11,10%;34,10%;-18,10%;19,00%;-17,90%;33,70%;24,90%;-40,90%
;Transporte de pasajeros por ferrocarril;0;0;0;0;0;0;0;0;0;0;0;0;0;0;0;0;0;0;0;;;;;;;;;;;;;;;;;;;
;Transporte de pasajeros por carretera;1.174;1.536;2.423;3.511;2.552;10.497;3.798;7.405;15.015;19.317;65.885;149.039;142.215;55.967;69.030;42.201;45.541;34.528;32.744;;30,90%;57,70%;44,90%;-27,30%;311,30%;-63,80%;95,00%;102,80%;28,70%;241,10%;126,20%;-4,60%;-60,60%;23,30%;-38,90%;7,90%;-24,20%;-5,20%
;Transporte de pasajeros por agua;0;0;0;0;0;0;0;0;0;0;0;0;0;0;0;0;0;0;0;;;;;;;;;;;;;;;;;;;
;Transporte aéreo de pasajeros;0;*;*;*;0;0;0;0;0;0;0;0;0;0;0;0;0;0;*;;;;;;;;;;;;;;;;;;;
;Alquiler de equipos de transporte;*;*;*;*;*;*;*;*;*;*;*;*;15.792;*;18.363;51.496;101.762;214.618;205.038;;;;;;;;;;;;;;;;180,40%;97,60%;110,90%;-4,50%
;Actividades de agencias de viajes y de otros servicios de reservas;0;0;0;0;0;*;0;0;0;0;*;*;*;*;*;*;*;*;*;;;;;;;;;;;;;;;;;;;
;Actividades culturales;0;0;0;0;0;0;*;*;*;*;*;*;*;*;*;*;*;*;*;;;;;;;;;;;;;;;;;;;
;Actividades deportivas y recreativas;*;*;0;0;0;*;0;*;*;*;*;*;0;0;*;*;*;*;*;;;;;;;;;;;;;;;;;;;
;Comercio al por menor de bienes característicos del turismo;*;0;0;0;0;*;*;*;*;*;*;*;*;*;*;*;*;*;*;;;;;;;;;;;;;;;;;;;
;Actividades relacionadas con segundos hogares y multipropiedades;*;*;*;0;4.144;3.232;3.120;53.461;21.174;23.143;209.559;89.359;113.250;576.872;59.624;128.560;239.157;123.435;208.978;;;;;;-22,00%;-3,50%;1613,50%;-60,40%;9,30%;805,50%;-57,40%;26,70%;409,40%;-89,70%;115,60%;86,00%;-48,40%;69,30%
6117;San Vicente;106.441;88.378;95.767;105.368;114.991;116.248;133.289;125.080;145.322;166.378;346.511;460.471;377.423;488.216;565.565;532.843;764.706;917.230;804.735;;-17,00%;8,40%;10,00%;9,10%;1,10%;14,70%;-6,20%;16,20%;14,50%;108,30%;32,90%;-18,00%;29,40%;15,80%;-5,80%;43,50%;19,90%;-12,30%
;Alojamiento turístico;*;*;*;*;*;0;0;0;0;0;0;0;0;0;0;0;0;0;0;;;;;;;;;;;;;;;;;;;
;Actividades de provisión de alimentos y bebidas;85.479;65.658;78.793;66.208;79.890;74.230;80.165;75.302;86.983;98.159;164.581;216.624;202.798;199.091;198.021;139.459;247.975;264.166;249.095;;-23,20%;20,00%;-16,00%;20,70%;-7,10%;8,00%;-6,10%;15,50%;12,80%;67,70%;31,60%;-6,40%;-1,80%;-0,50%;-29,60%;77,80%;6,50%;-5,70%
;Transporte de pasajeros por ferrocarril;0;0;0;0;0;0;0;0;0;0;0;0;0;0;0;0;0;0;0;;;;;;;;;;;;;;;;;;;
;Transporte de pasajeros por carretera;1.835;2.388;1.307;3.013;3.980;6.163;8.375;9.726;9.874;13.642;30.499;28.530;30.259;66.460;44.695;35.927;48.320;29.209;25.922;;30,10%;-45,30%;130,60%;32,10%;54,80%;35,90%;16,10%;1,50%;38,20%;123,60%;-6,50%;6,10%;119,60%;-32,70%;-19,60%;34,50%;-39,60%;-11,30%
;Transporte de pasajeros por agua;0;0;0;0;0;0;0;0;0;0;0;0;0;0;0;0;0;0;0;;;;;;;;;;;;;;;;;;;
;Transporte aéreo de pasajeros;0;0;0;0;0;0;0;0;0;0;0;0;0;0;0;0;0;0;0;;;;;;;;;;;;;;;;;;;
;Alquiler de equipos de transporte;*;*;*;*;*;*;*;*;*;*;18.504;9.535;*;*;*;*;*;*;*;;;;;;;;;;;;-48,50%;;;;;;;
;Actividades de agencias de viajes y de otros servicios de reservas;0;0;0;0;0;0;0;0;0;*;*;*;*;*;*;*;*;*;*;;;;;;;;;;;;;;;;;;;
;Actividades culturales;0;0;0;*;*;*;*;*;*;*;*;*;*;0;0;0;*;0;0;;;;;;;;;;;;;;;;;;;
;Actividades deportivas y recreativas;*;*;*;*;*;*;*;*;*;*;20.688;52.270;51.548;44.124;25.027;0;3.225;1.519;0;;;;;;;;;;;;152,70%;-1,40%;-14,40%;-43,30%;-100,00%;;-52,90%;-100,00%
;Comercio al por menor de bienes característicos del turismo;2.829;2.453;*;*;*;*;*;*;*;*;1.279;*;*;1.502;3.074;1.546;2.728;1.930;1.898;;-13,30%;;;;;;;;;;;;;104,60%;-49,70%;76,50%;-29,20%;-1,70%
;Actividades relacionadas con segundos hogares y multipropiedades;16.297;17.879;15.668;36.147;31.120;35.855;44.748;40.053;48.465;54.577;110.961;153.512;92.817;177.039;294.749;355.911;462.458;620.406;527.819;;9,70%;-12,40%;130,70%;-13,90%;15,20%;24,80%;-10,50%;21,00%;12,60%;103,30%;38,30%;-39,50%;90,70%;66,50%;20,80%;29,90%;34,20%;-14,90%
6201;Pichilemu;72.250;88.047;76.910;103.703;98.160;93.403;126.133;147.505;188.685;217.161;352.074;429.486;473.082;544.991;501.671;473.589;732.478;820.251;890.985;;21,90%;-12,60%;34,80%;-5,30%;-4,80%;35,00%;16,90%;27,90%;15,10%;62,10%;22,00%;10,20%;15,20%;-7,90%;-5,60%;54,70%;12,00%;8,60%
;Alojamiento turístico;26.916;27.478;31.120;47.139;62.205;56.820;66.361;73.992;88.292;100.839;113.808;119.112;109.692;147.578;141.618;135.201;181.866;208.309;193.088;;2,10%;13,30%;51,50%;32,00%;-8,70%;16,80%;11,50%;19,30%;14,20%;12,90%;4,70%;-7,90%;34,50%;-4,00%;-4,50%;34,50%;14,50%;-7,30%
;Actividades de provisión de alimentos y bebidas;39.464;53.372;38.428;38.710;24.733;25.327;31.067;49.351;63.197;73.459;130.439;173.596;194.514;232.081;261.104;249.240;431.530;526.659;510.983;;35,20%;-28,00%;0,70%;-36,10%;2,40%;22,70%;58,90%;28,10%;16,20%;77,60%;33,10%;12,00%;19,30%;12,50%;-4,50%;73,10%;22,00%;-3,00%
;Transporte de pasajeros por ferrocarril;0;0;0;0;0;0;0;0;0;0;0;0;0;0;0;0;0;0;0;;;;;;;;;;;;;;;;;;;
;Transporte de pasajeros por carretera;1.248;1.161;1.695;3.698;4.221;2.959;4.546;5.746;7.511;8.921;11.511;10.362;10.970;13.236;11.645;6.830;10.021;0;0;;-6,90%;46,00%;118,20%;14,10%;-29,90%;53,60%;26,40%;30,70%;18,80%;29,00%;-10,00%;5,90%;20,70%;-12,00%;-41,30%;46,70%;-100,00%;
;Transporte de pasajeros por agua;0;*;*;*;0;0;0;0;0;0;*;*;*;0;0;0;0;0;0;;;;;;;;;;;;;;;;;;;
;Transporte aéreo de pasajeros;0;0;0;0;0;0;0;0;0;0;0;0;0;0;0;0;0;0;0;;;;;;;;;;;;;;;;;;;
;Alquiler de equipos de transporte;*;*;0;0;0;0;*;0;0;0;0;*;*;*;*;*;*;*;*;;;;;;;;;;;;;;;;;;;
;Actividades de agencias de viajes y de otros servicios de reservas;*;*;*;*;*;*;0;*;*;*;*;*;*;*;*;*;*;*;*;;;;;;;;;;;;;;;;;;;
;Actividades culturales;*;*;*;*;0;0;*;*;*;*;*;*;*;43.258;0;*;0;0;0;;;;;;;;;;;;;;;-100,00%;;;;
;Actividades deportivas y recreativas;*;0;0;*;0;0;0;0;*;*;12.309;15.986;17.388;5.239;0;0;0;0;0;;;;;;;;;;;;29,90%;8,80%;-69,90%;-100,00%;;;;
;Comercio al por menor de bienes característicos del turismo;2.817;3.114;3.428;8.036;4.555;3.614;6.105;5.344;5.352;13.699;14.731;17.072;19.438;43.259;13.283;10.736;18.964;14.426;17.385;;10,50%;10,10%;134,40%;-43,30%;-20,60%;68,90%;-12,50%;0,10%;156,00%;7,50%;15,90%;13,90%;122,60%;-69,30%;-19,20%;76,60%;-23,90%;20,50%
;Actividades relacionadas con segundos hogares y multipropiedades;1.804;2.921;2.239;6.120;2.445;4.682;18.054;13.073;24.334;20.242;69.275;93.358;121.081;60.341;74.021;71.582;90.097;70.857;169.528;;61,90%;-23,30%;173,40%;-60,10%;91,50%;285,60%;-27,60%;86,10%;-16,80%;242,20%;34,80%;29,70%;-50,20%;22,70%;-3,30%;25,90%;-21,40%;139,30%
6202;La Estrella;0;0;0;0;0;0;0;320.342;0;191.089;275.639;301.268;51.971;252.061;202.056;256.685;818.387;467.171;455.096;;;;;;;;;-100,00%;;44,20%;9,30%;-82,70%;385,00%;-19,80%;27,00%;218,80%;-42,90%;-2,60%
;Alojamiento turístico;0;0;*;*;*;*;0;0;0;*;*;*;*;*;*;*;*;*;*;;;;;;;;;;;;;;;;;;;
;Actividades de provisión de alimentos y bebidas;*;*;*;*;*;*;*;*;*;*;*;*;*;*;6.011;14.300;18.277;11.941;10.001;;;;;;;;;;;;;;;;137,90%;27,80%;-34,70%;-16,30%
;Transporte de pasajeros por ferrocarril;0;0;0;0;0;0;0;0;0;0;0;0;0;0;0;0;0;0;0;;;;;;;;;;;;;;;;;;;
;Transporte de pasajeros por carretera;*;*;*;0;0;0;0;0;0;*;0;0;0;0;0;0;0;0;0;;;;;;;;;;;;;;;;;;;
;Transporte de pasajeros por agua;0;0;0;0;0;0;0;0;0;0;0;0;0;0;0;0;0;0;0;;;;;;;;;;;;;;;;;;;
;Transporte aéreo de pasajeros;0;0;0;0;0;0;0;0;0;0;0;0;0;0;0;0;0;0;0;;;;;;;;;;;;;;;;;;;
;Alquiler de equipos de transporte;0;0;0;0;0;0;0;0;0;0;*;*;*;*;*;*;*;*;*;;;;;;;;;;;;;;;;;;;
;Actividades de agencias de viajes y de otros servicios de reservas;0;0;0;0;0;0;0;0;0;0;0;0;0;0;0;0;0;0;0;;;;;;;;;;;;;;;;;;;
;Actividades culturales;0;0;0;0;0;0;0;0;0;0;0;*;0;0;0;*;*;0;0;;;;;;;;;;;;;;;;;;;
;Actividades deportivas y recreativas;0;0;0;0;0;0;0;0;0;*;0;*;0;0;0;0;0;0;0;;;;;;;;;;;;;;;;;;;
;Comercio al por menor de bienes característicos del turismo;0;*;*;*;*;*;*;*;0;0;*;*;*;*;0;*;*;*;*;;;;;;;;;;;;;;;;;;;
;Actividades relacionadas con segundos hogares y multipropiedades;*;0;0;0;0;*;*;320.342;0;191.089;275.639;301.268;51.971;252.061;196.046;242.385;800.110;455.230;445.095;;;;;;;;;-100,00%;;44,20%;9,30%;-82,70%;385,00%;-22,20%;23,60%;230,10%;-43,10%;-2,20%
6203;Litueche;3.774;4.757;3.579;3.078;2.642;0;2.772;0;0;0;3.952;6.336;12.260;23.923;29.829;20.704;179.791;61.075;94.960;;26,10%;-24,80%;-14,00%;-14,20%;-100,00%;;-100,00%;;;;60,30%;93,50%;95,10%;24,70%;-30,60%;768,40%;-66,00%;55,50%
;Alojamiento turístico;*;*;*;*;*;*;*;*;*;*;*;0;*;*;*;*;*;*;*;;;;;;;;;;;;;;;;;;;
;Actividades de provisión de alimentos y bebidas;3.774;4.757;3.579;3.078;2.642;*;2.772;0;*;*;3.952;6.336;12.260;23.923;29.829;20.704;47.402;61.075;67.025;;26,10%;-24,80%;-14,00%;-14,20%;;;-100,00%;;;;60,30%;93,50%;95,10%;24,70%;-30,60%;129,00%;28,80%;9,70%
;Transporte de pasajeros por ferrocarril;0;0;0;0;0;0;0;0;0;0;0;0;0;0;0;0;0;0;0;;;;;;;;;;;;;;;;;;;
;Transporte de pasajeros por carretera;*;*;*;*;0;0;0;0;0;0;0;0;0;0;0;*;*;0;0;;;;;;;;;;;;;;;;;;;
;Transporte de pasajeros por agua;0;0;0;0;0;0;0;0;0;0;0;0;0;0;0;0;0;0;0;;;;;;;;;;;;;;;;;;;
;Transporte aéreo de pasajeros;0;0;0;0;0;0;0;0;0;0;0;0;0;0;0;0;0;0;0;;;;;;;;;;;;;;;;;;;
;Alquiler de equipos de transporte;0;0;0;0;0;0;0;0;0;0;*;*;*;0;0;0;0;0;0;;;;;;;;;;;;;;;;;;;
;Actividades de agencias de viajes y de otros servicios de reservas;0;0;0;0;0;0;0;0;0;0;0;0;0;0;0;0;0;*;0;;;;;;;;;;;;;;;;;;;
;Actividades culturales;*;*;*;*;*;*;*;*;*;*;*;*;*;*;*;*;*;*;*;;;;;;;;;;;;;;;;;;;
;Actividades deportivas y recreativas;0;0;0;0;0;0;0;0;0;0;*;*;*;*;*;*;*;*;*;;;;;;;;;;;;;;;;;;;
;Comercio al por menor de bienes característicos del turismo;*;*;0;*;0;0;*;*;*;*;*;*;*;*;*;*;*;*;*;;;;;;;;;;;;;;;;;;;
;Actividades relacionadas con segundos hogares y multipropiedades;*;*;*;*;*;0;*;*;*;*;*;*;*;*;0;0;132.388;0;27.936;;;;;;;;;;;;;;;;;;-100,00%;
6204;Marchigüe;7.392;6.960;5.893;6.758;0;8.002;11.369;17.546;10.335;12.851;23.308;23.273;32.586;26.983;31.507;19.660;26.718;45.725;53.873;;-5,80%;-15,30%;14,70%;-100,00%;;42,10%;54,30%;-41,10%;24,30%;81,40%;-0,10%;40,00%;-17,20%;16,80%;-37,60%;35,90%;71,10%;17,80%
;Alojamiento turístico;0;0;*;*;*;*;*;*;*;*;*;*;*;*;*;*;*;*;*;;;;;;;;;;;;;;;;;;;
;Actividades de provisión de alimentos y bebidas;7.392;6.960;3.918;3.211;0;5.142;5.295;9.757;4.018;4.933;9.814;11.823;20.519;14.830;17.284;9.186;16.658;21.241;40.111;;-5,80%;-43,70%;-18,10%;-100,00%;;3,00%;84,30%;-58,80%;22,80%;98,90%;20,50%;73,50%;-27,70%;16,50%;-46,90%;81,30%;27,50%;88,80%
;Transporte de pasajeros por ferrocarril;0;0;0;0;0;0;0;0;0;0;0;0;0;0;0;0;0;0;0;;;;;;;;;;;;;;;;;;;
;Transporte de pasajeros por carretera;0;0;1.975;3.547;0;2.860;6.073;7.789;6.318;7.917;13.494;11.450;12.066;12.153;14.223;10.473;10.060;24.483;13.762;;;;79,60%;-100,00%;;112,40%;28,20%;-18,90%;25,30%;70,40%;-15,10%;5,40%;0,70%;17,00%;-26,40%;-3,90%;143,40%;-43,80%
;Transporte de pasajeros por agua;0;0;0;0;0;0;0;0;0;0;0;0;0;0;0;0;0;0;0;;;;;;;;;;;;;;;;;;;
;Transporte aéreo de pasajeros;0;0;0;0;0;0;0;0;0;0;0;0;0;0;0;0;0;0;0;;;;;;;;;;;;;;;;;;;
;Alquiler de equipos de transporte;*;0;*;*;*;*;*;*;*;*;*;*;*;*;*;*;*;*;*;;;;;;;;;;;;;;;;;;;
;Actividades de agencias de viajes y de otros servicios de reservas;0;0;0;0;0;0;0;0;0;0;0;*;*;0;0;*;*;0;*;;;;;;;;;;;;;;;;;;;
;Actividades culturales;0;0;0;0;0;0;0;0;0;0;0;0;0;0;0;*;*;*;*;;;;;;;;;;;;;;;;;;;
;Actividades deportivas y recreativas;0;0;0;0;0;0;0;0;0;0;*;*;*;*;*;*;*;*;*;;;;;;;;;;;;;;;;;;;
;Comercio al por menor de bienes característicos del turismo;*;*;*;0;0;0;0;*;*;*;*;*;*;*;*;*;*;*;*;;;;;;;;;;;;;;;;;;;
;Actividades relacionadas con segundos hogares y multipropiedades;*;*;0;*;0;0;0;*;0;*;*;0;*;*;*;*;*;*;*;;;;;;;;;;;;;;;;;;;
6205;Navidad;5.049;6.197;4.377;2.720;4.015;4.186;3.470;4.548;6.128;7.530;17.669;28.515;39.884;50.404;71.960;57.321;122.365;108.348;157.918;;22,70%;-29,40%;-37,90%;47,60%;4,20%;-17,10%;31,10%;34,70%;22,90%;134,60%;61,40%;39,90%;26,40%;42,80%;-20,30%;113,50%;-11,50%;45,80%
;Alojamiento turístico;*;*;*;*;*;*;*;*;0;0;8.932;12.089;13.846;8.034;6.353;3.160;8.120;13.340;4.981;;;;;;;;;;;;35,30%;14,50%;-42,00%;-20,90%;-50,30%;156,90%;64,30%;-62,70%
;Actividades de provisión de alimentos y bebidas;5.049;6.197;4.377;2.720;4.015;4.186;3.470;4.548;6.128;7.530;8.737;16.427;26.038;30.926;32.693;20.351;60.427;72.441;105.271;;22,70%;-29,40%;-37,90%;47,60%;4,20%;-17,10%;31,10%;34,70%;22,90%;16,00%;88,00%;58,50%;18,80%;5,70%;-37,80%;196,90%;19,90%;45,30%
;Transporte de pasajeros por ferrocarril;0;0;0;0;0;0;0;0;0;0;0;0;0;0;0;0;0;0;0;;;;;;;;;;;;;;;;;;;
;Transporte de pasajeros por carretera;*;*;0;0;0;*;0;0;*;0;0;0;0;0;0;0;*;*;0;;;;;;;;;;;;;;;;;;;
;Transporte de pasajeros por agua;0;0;0;0;0;0;0;0;0;0;0;0;0;0;0;0;0;0;0;;;;;;;;;;;;;;;;;;;
;Transporte aéreo de pasajeros;0;0;0;0;0;0;0;0;0;0;0;0;0;0;0;0;0;0;0;;;;;;;;;;;;;;;;;;;
;Alquiler de equipos de transporte;0;0;0;0;0;0;0;0;0;0;0;0;0;0;0;0;0;0;0;;;;;;;;;;;;;;;;;;;
;Actividades de agencias de viajes y de otros servicios de reservas;0;0;*;*;*;*;*;*;*;*;*;*;*;*;*;*;*;*;*;;;;;;;;;;;;;;;;;;;
;Actividades culturales;0;0;0;0;0;0;0;0;0;0;*;*;*;*;*;*;0;*;*;;;;;;;;;;;;;;;;;;;
;Actividades deportivas y recreativas;0;0;0;*;0;0;*;*;0;*;0;0;0;*;*;*;*;*;*;;;;;;;;;;;;;;;;;;;
;Comercio al por menor de bienes característicos del turismo;0;*;0;*;*;*;*;*;*;*;*;*;*;*;*;*;*;*;*;;;;;;;;;;;;;;;;;;;
;Actividades relacionadas con segundos hogares y multipropiedades;*;0;0;*;*;*;*;*;*;*;*;0;0;11.444;32.914;33.810;53.818;22.567;47.666;;;;;;;;;;;;;;;187,60%;2,70%;59,20%;-58,10%;111,20%
6206;Paredones;4.908;6.978;8.194;10.416;10.001;10.101;8.894;8.394;8.318;8.158;10.638;11.351;11.836;31.863;28.940;25.204;43.383;25.405;44.325;;42,20%;17,40%;27,10%;-4,00%;1,00%;-12,00%;-5,60%;-0,90%;-1,90%;30,40%;6,70%;4,30%;169,20%;-9,20%;-12,90%;72,10%;-41,40%;74,50%
;Alojamiento turístico;*;*;*;*;*;*;*;*;*;*;*;*;*;*;*;*;*;*;*;;;;;;;;;;;;;;;;;;;
;Actividades de provisión de alimentos y bebidas;4.908;6.978;8.194;10.416;10.001;10.101;8.894;8.394;8.318;8.158;10.638;8.369;7.605;17.048;14.099;13.442;29.075;25.405;25.380;;42,20%;17,40%;27,10%;-4,00%;1,00%;-12,00%;-5,60%;-0,90%;-1,90%;30,40%;-21,30%;-9,10%;124,20%;-17,30%;-4,70%;116,30%;-12,60%;-0,10%
;Transporte de pasajeros por ferrocarril;0;0;0;0;0;0;0;0;0;0;0;0;0;0;0;0;0;0;0;;;;;;;;;;;;;;;;;;;
;Transporte de pasajeros por carretera;*;*;0;0;0;0;0;0;0;0;0;2.982;4.230;14.815;14.842;11.762;14.308;0;18.945;;;;;;;;;;;;;41,90%;250,20%;0,20%;-20,70%;21,60%;-100,00%;
;Transporte de pasajeros por agua;0;0;0;0;0;0;0;0;0;0;*;*;*;0;*;*;*;*;*;;;;;;;;;;;;;;;;;;;
;Transporte aéreo de pasajeros;0;0;0;0;0;0;0;0;0;0;0;0;0;0;0;0;0;0;0;;;;;;;;;;;;;;;;;;;
;Alquiler de equipos de transporte;0;0;0;0;0;0;0;0;0;0;0;0;0;0;0;0;0;0;0;;;;;;;;;;;;;;;;;;;
;Actividades de agencias de viajes y de otros servicios de reservas;0;0;0;0;0;0;0;0;0;0;*;*;*;*;*;0;*;*;0;;;;;;;;;;;;;;;;;;;
;Actividades culturales;0;0;0;0;0;0;0;0;0;0;0;0;0;0;0;*;0;*;*;;;;;;;;;;;;;;;;;;;
;Actividades deportivas y recreativas;*;*;*;*;*;*;*;*;*;*;*;*;*;*;*;*;*;*;*;;;;;;;;;;;;;;;;;;;
;Comercio al por menor de bienes característicos del turismo;*;*;*;*;*;*;*;*;*;*;*;*;*;*;*;*;*;*;*;;;;;;;;;;;;;;;;;;;
;Actividades relacionadas con segundos hogares y multipropiedades;*;*;*;*;*;*;*;*;*;*;0;*;*;*;*;*;*;*;*;;;;;;;;;;;;;;;;;;;
6301;San Fernando;351.937;395.995;281.759;314.173;315.316;307.408;400.239;374.257;370.080;434.491;1.069.940;1.897.997;2.766.679;1.201.701;998.915;1.078.956;1.164.379;2.247.306;1.091.190;;12,50%;-28,80%;11,50%;0,40%;-2,50%;30,20%;-6,50%;-1,10%;17,40%;146,30%;77,40%;45,80%;-56,60%;-16,90%;8,00%;7,90%;93,00%;-51,40%
;Alojamiento turístico;9.648;9.997;34.600;40.609;37.362;30.136;71.033;85.702;65.366;59.037;60.944;73.046;62.256;106.844;75.852;70.813;123.042;1.237.150;99.648;;3,60%;246,10%;17,40%;-8,00%;-19,30%;135,70%;20,70%;-23,70%;-9,70%;3,20%;19,90%;-14,80%;71,60%;-29,00%;-6,60%;73,80%;905,50%;-91,90%
;Actividades de provisión de alimentos y bebidas;176.741;130.562;107.866;120.614;127.512;126.598;172.896;135.796;162.024;136.604;210.272;294.677;357.462;421.638;357.686;249.999;357.474;459.769;466.934;;-26,10%;-17,40%;11,80%;5,70%;-0,70%;36,60%;-21,50%;19,30%;-15,70%;53,90%;40,10%;21,30%;18,00%;-15,20%;-30,10%;43,00%;28,60%;1,60%
;Transporte de pasajeros por ferrocarril;*;*;*;*;*;*;*;*;*;*;*;*;*;*;*;0;0;0;0;;;;;;;;;;;;;;;;;;;
;Transporte de pasajeros por carretera;27.475;18.448;41.271;38.143;43.800;33.878;44.771;40.752;48.638;55.543;72.433;147.561;138.105;141.976;119.189;67.464;124.810;172.440;153.863;;-32,90%;123,70%;-7,60%;14,80%;-22,70%;32,20%;-9,00%;19,40%;14,20%;30,40%;103,70%;-6,40%;2,80%;-16,00%;-43,40%;85,00%;38,20%;-10,80%
;Transporte de pasajeros por agua;*;0;0;0;0;0;0;0;0;0;0;0;0;0;0;0;0;0;*;;;;;;;;;;;;;;;;;;;
;Transporte aéreo de pasajeros;0;0;0;0;0;0;0;0;0;0;0;0;0;0;0;0;0;0;0;;;;;;;;;;;;;;;;;;;
;Alquiler de equipos de transporte;*;63.650;*;*;*;*;*;*;*;*;75.714;96.093;113.670;125.948;30.769;50.146;66.287;34.964;31.275;;;;;;;;;;;;26,90%;18,30%;10,80%;-75,60%;63,00%;32,20%;-47,30%;-10,50%
;Actividades de agencias de viajes y de otros servicios de reservas;*;*;*;*;*;*;*;*;*;*;5.225;*;*;*;*;*;*;*;*;;;;;;;;;;;;;;;;;;;
;Actividades culturales;*;*;0;*;*;*;*;*;*;0;*;5.283;14.730;0;*;*;0;0;*;;;;;;;;;;;;;178,80%;-100,00%;;;;;
;Actividades deportivas y recreativas;*;0;0;0;0;0;0;0;0;0;103.530;58.991;73.481;27.548;21.207;2.178;8.603;10.147;22.106;;;;;;;;;;;;-43,00%;24,60%;-62,50%;-23,00%;-89,70%;295,00%;18,00%;117,90%
;Comercio al por menor de bienes característicos del turismo;3.565;6.336;2.756;2.110;350;3.224;3.713;3.667;4.896;4.164;5.533;5.491;6.819;1.599;2.240;2.666;8.586;6.029;5.135;;77,70%;-56,50%;-23,40%;-83,40%;821,40%;15,20%;-1,20%;33,50%;-15,00%;32,90%;-0,80%;24,20%;-76,50%;40,10%;19,00%;222,00%;-29,80%;-14,80%
;Actividades relacionadas con segundos hogares y multipropiedades;134.509;167.004;95.266;112.697;106.291;113.572;107.826;108.339;89.156;179.144;536.288;1.216.854;2.000.156;376.148;391.972;635.689;475.576;326.806;312.228;;24,20%;-43,00%;18,30%;-5,70%;6,80%;-5,10%;0,50%;-17,70%;100,90%;199,40%;126,90%;64,40%;-81,20%;4,20%;62,20%;-25,20%;-31,30%;-4,50%
6302;Chépica;5.806;8.416;7.517;9.565;7.324;5.384;7.286;5.951;7.633;6.605;76.535;538.332;36.684;42.152;25.204;29.670;41.799;32.585;32.798;;45,00%;-10,70%;27,30%;-23,40%;-26,50%;35,30%;-18,30%;28,30%;-13,50%;1058,70%;603,40%;-93,20%;14,90%;-40,20%;17,70%;40,90%;-22,00%;0,70%
;Alojamiento turístico;0;0;*;*;*;0;*;*;*;*;*;*;*;*;*;*;*;*;*;;;;;;;;;;;;;;;;;;;
;Actividades de provisión de alimentos y bebidas;3.209;5.555;5.534;7.455;6.188;5.384;3.362;4.818;5.306;4.225;5.089;7.777;8.084;7.649;7.304;3.830;7.205;13.005;13.050;;73,10%;-0,40%;34,70%;-17,00%;-13,00%;-37,60%;43,30%;10,10%;-20,40%;20,50%;52,80%;3,90%;-5,40%;-4,50%;-47,60%;88,10%;80,50%;0,40%
;Transporte de pasajeros por ferrocarril;0;0;0;0;0;0;0;0;0;0;0;0;0;0;0;0;0;0;0;;;;;;;;;;;;;;;;;;;
;Transporte de pasajeros por carretera;2.597;2.861;1.982;2.110;1.136;0;3.924;1.132;2.326;2.381;12.765;15.858;17.567;23.961;16.151;25.840;34.595;19.580;19.748;;10,20%;-30,70%;6,40%;-46,20%;-100,00%;;-71,10%;105,40%;2,30%;436,20%;24,20%;10,80%;36,40%;-32,60%;60,00%;33,90%;-43,40%;0,90%
;Transporte de pasajeros por agua;0;0;0;0;0;0;0;0;0;0;0;0;0;0;0;0;0;0;0;;;;;;;;;;;;;;;;;;;
;Transporte aéreo de pasajeros;0;0;0;0;0;0;0;0;0;0;0;0;0;0;0;0;0;0;0;;;;;;;;;;;;;;;;;;;
;Alquiler de equipos de transporte;0;0;0;0;0;0;0;0;0;0;*;*;*;0;*;0;*;*;*;;;;;;;;;;;;;;;;;;;
;Actividades de agencias de viajes y de otros servicios de reservas;0;0;0;0;0;0;0;0;0;*;*;0;0;0;0;0;0;0;0;;;;;;;;;;;;;;;;;;;
;Actividades culturales;0;*;*;*;*;*;*;*;*;*;*;*;*;*;*;*;*;*;*;;;;;;;;;;;;;;;;;;;
;Actividades deportivas y recreativas;*;*;*;*;*;*;*;*;*;*;12.434;7.656;6.842;7.481;0;*;*;*;*;;;;;;;;;;;;-38,40%;-10,60%;9,30%;-100,00%;;;;
;Comercio al por menor de bienes característicos del turismo;*;*;*;*;*;*;*;*;*;*;*;*;*;*;*;*;*;*;*;;;;;;;;;;;;;;;;;;;
;Actividades relacionadas con segundos hogares y multipropiedades;*;*;*;*;*;*;*;*;*;*;46.247;507.042;4.192;3.061;1.750;0;0;0;0;;;;;;;;;;;;996,40%;-99,20%;-27,00%;-42,80%;-100,00%;;;
6303;Chimbarongo;38.473;28.235;30.939;34.157;33.338;42.251;37.541;54.343;50.423;69.428;240.520;349.590;330.397;319.830;167.863;104.507;139.179;212.267;226.725;;-26,60%;9,60%;10,40%;-2,40%;26,70%;-11,10%;44,80%;-7,20%;37,70%;246,40%;45,30%;-5,50%;-3,20%;-47,50%;-37,70%;33,20%;52,50%;6,80%
;Alojamiento turístico;*;*;*;*;0;0;0;0;0;0;0;0;0;0;0;0;0;0;0;;;;;;;;;;;;;;;;;;;
;Actividades de provisión de alimentos y bebidas;18.630;22.921;17.064;15.020;13.403;15.583;18.558;22.564;18.614;19.328;85.383;243.762;83.195;95.456;76.221;31.834;61.542;123.489;148.015;;23,00%;-25,60%;-12,00%;-10,80%;16,30%;19,10%;21,60%;-17,50%;3,80%;341,80%;185,50%;-65,90%;14,70%;-20,20%;-58,20%;93,30%;100,70%;19,90%
;Transporte de pasajeros por ferrocarril;0;0;0;0;0;0;0;0;0;0;0;*;*;*;*;*;*;0;0;;;;;;;;;;;;;;;;;;;
;Transporte de pasajeros por carretera;3.015;960;4.707;8.532;9.311;11.499;14.487;17.890;19.582;32.224;73.030;45.405;69.458;78.432;64.850;53.623;53.212;69.466;57.465;;-68,20%;390,30%;81,30%;9,10%;23,50%;26,00%;23,50%;9,50%;64,60%;126,60%;-37,80%;53,00%;12,90%;-17,30%;-17,30%;-0,80%;30,50%;-17,30%
;Transporte de pasajeros por agua;0;0;0;0;0;0;0;0;0;0;0;0;0;0;0;0;0;0;0;;;;;;;;;;;;;;;;;;;
;Transporte aéreo de pasajeros;0;0;0;0;0;0;0;0;0;0;0;0;0;0;0;0;0;0;0;;;;;;;;;;;;;;;;;;;
;Alquiler de equipos de transporte;*;*;*;*;*;*;*;*;*;*;*;*;*;*;*;*;*;*;*;;;;;;;;;;;;;;;;;;;
;Actividades de agencias de viajes y de otros servicios de reservas;0;0;0;0;0;0;0;0;0;0;0;0;0;0;*;*;*;*;*;;;;;;;;;;;;;;;;;;;
;Actividades culturales;*;*;*;*;*;*;*;0;0;*;*;*;*;*;*;*;*;*;*;;;;;;;;;;;;;;;;;;;
;Actividades deportivas y recreativas;*;*;*;*;*;*;*;*;*;*;0;0;0;0;2.727;0;0;0;0;;;;;;;;;;;;;;;;-100,00%;;;
;Comercio al por menor de bienes característicos del turismo;6.585;4.354;4.221;3.847;3.731;5.619;4.496;4.915;5.761;5.866;7.172;8.966;8.402;10.533;9.844;6.703;6.408;7.466;5.549;;-33,90%;-3,00%;-8,90%;-3,00%;50,60%;-20,00%;9,30%;17,20%;1,80%;22,30%;25,00%;-6,30%;25,40%;-6,50%;-31,90%;-4,40%;16,50%;-25,70%
;Actividades relacionadas con segundos hogares y multipropiedades;10.243;*;4.947;6.758;6.893;9.549;0;8.974;6.465;12.011;74.934;51.458;169.342;135.409;14.222;12.347;18.017;11.846;15.696;;;;36,60%;2,00%;38,50%;-100,00%;;-28,00%;85,80%;523,90%;-31,30%;229,10%;-20,00%;-89,50%;-13,20%;45,90%;-34,30%;32,50%
6304;Lolol;5.953;5.196;0;4.704;4.837;6.576;8.929;11.281;8.412;6.907;21.619;28.978;31.838;32.577;35.989;30.304;36.335;29.701;29.153;;-12,70%;-100,00%;;2,80%;36,00%;35,80%;26,30%;-25,40%;-17,90%;213,00%;34,00%;9,90%;2,30%;10,50%;-15,80%;19,90%;-18,30%;-1,80%
;Alojamiento turístico;*;*;*;*;*;*;*;*;*;*;*;*;*;*;*;*;*;*;*;;;;;;;;;;;;;;;;;;;
;Actividades de provisión de alimentos y bebidas;5.953;5.196;0;4.704;4.837;4.000;4.252;5.189;*;*;10.661;14.720;14.230;12.473;14.937;12.508;19.360;14.746;15.269;;-12,70%;-100,00%;;2,80%;-17,30%;6,30%;22,00%;;;;38,10%;-3,30%;-12,30%;19,80%;-16,30%;54,80%;-23,80%;3,50%
;Transporte de pasajeros por ferrocarril;0;0;0;0;0;0;0;0;0;0;0;0;0;0;0;0;0;0;0;;;;;;;;;;;;;;;;;;;
;Transporte de pasajeros por carretera;*;*;*;0;*;2.577;4.677;6.093;8.412;6.907;10.957;14.257;17.609;20.104;21.052;17.796;16.975;14.955;13.885;;;;;;;81,50%;30,30%;38,10%;-17,90%;58,60%;30,10%;23,50%;14,20%;4,70%;-15,50%;-4,60%;-11,90%;-7,20%
;Transporte de pasajeros por agua;0;0;0;0;0;0;0;0;0;0;0;0;0;0;0;0;0;0;0;;;;;;;;;;;;;;;;;;;
;Transporte aéreo de pasajeros;0;0;0;0;0;0;0;0;0;0;0;0;0;0;0;0;0;0;0;;;;;;;;;;;;;;;;;;;
;Alquiler de equipos de transporte;0;0;0;0;0;0;0;0;0;0;0;0;0;0;0;0;0;0;0;;;;;;;;;;;;;;;;;;;
;Actividades de agencias de viajes y de otros servicios de reservas;*;*;0;0;0;0;0;0;0;0;0;*;*;*;*;*;*;*;*;;;;;;;;;;;;;;;;;;;
;Actividades culturales;0;0;*;*;*;*;*;0;0;0;0;*;0;*;*;*;*;*;*;;;;;;;;;;;;;;;;;;;
;Actividades deportivas y recreativas;0;0;*;*;*;*;*;*;*;*;*;*;*;*;*;*;*;*;*;;;;;;;;;;;;;;;;;;;
;Comercio al por menor de bienes característicos del turismo;*;*;*;*;*;*;*;*;*;*;*;*;*;*;*;*;*;*;*;;;;;;;;;;;;;;;;;;;
;Actividades relacionadas con segundos hogares y multipropiedades;*;*;*;*;*;*;*;*;*;*;*;*;*;*;*;*;*;*;0;;;;;;;;;;;;;;;;;;;
6305;Nancagua;32.248;31.443;35.510;29.009;25.162;26.720;37.871;32.830;15.972;28.562;608.369;9.550.542;59.934;368.825;244.437;346.952;439.756;115.464;289.442;;-2,50%;12,90%;-18,30%;-13,30%;6,20%;41,70%;-13,30%;-51,40%;78,80%;2030,00%;1469,90%;-99,40%;515,40%;-33,70%;41,90%;26,70%;-73,70%;150,70%
;Alojamiento turístico;0;*;*;*;*;*;*;*;*;*;*;*;*;*;*;*;*;*;*;;;;;;;;;;;;;;;;;;;
;Actividades de provisión de alimentos y bebidas;15.530;17.328;21.289;18.178;12.562;12.294;23.759;24.916;11.348;10.155;15.812;8.382;15.225;40.260;44.440;23.431;42.837;50.364;60.192;;11,60%;22,90%;-14,60%;-30,90%;-2,10%;93,30%;4,90%;-54,50%;-10,50%;55,70%;-47,00%;81,60%;164,40%;10,40%;-47,30%;82,80%;17,60%;19,50%
;Transporte de pasajeros por ferrocarril;0;0;0;0;0;0;0;0;0;0;0;0;0;0;0;0;0;0;0;;;;;;;;;;;;;;;;;;;
;Transporte de pasajeros por carretera;1.673;3.123;7.798;4.135;6.152;7.106;7.675;4.381;4.623;6.736;12.380;37.104;34.269;24.389;21.476;16.758;16.294;17.929;14.294;;86,60%;149,70%;-47,00%;48,80%;15,50%;8,00%;-42,90%;5,50%;45,70%;83,80%;199,70%;-7,60%;-28,80%;-11,90%;-22,00%;-2,80%;10,00%;-20,30%
;Transporte de pasajeros por agua;0;0;0;0;0;0;0;0;0;0;0;0;0;0;0;0;0;0;0;;;;;;;;;;;;;;;;;;;
;Transporte aéreo de pasajeros;0;0;0;0;0;0;0;0;0;0;0;0;0;0;0;0;*;*;*;;;;;;;;;;;;;;;;;;;
;Alquiler de equipos de transporte;0;0;0;0;0;*;0;*;*;*;*;*;*;*;*;0;0;*;*;;;;;;;;;;;;;;;;;;;
;Actividades de agencias de viajes y de otros servicios de reservas;0;0;0;0;0;0;0;0;0;0;0;*;*;*;*;*;0;0;0;;;;;;;;;;;;;;;;;;;
;Actividades culturales;0;0;*;*;*;0;*;*;*;*;*;*;*;*;*;*;*;*;*;;;;;;;;;;;;;;;;;;;
;Actividades deportivas y recreativas;*;*;*;*;*;*;*;*;*;*;0;0;0;0;0;*;0;0;*;;;;;;;;;;;;;;;;;;;
;Comercio al por menor de bienes característicos del turismo;*;*;*;*;*;*;0;0;0;0;*;*;*;*;*;*;*;*;*;;;;;;;;;;;;;;;;;;;
;Actividades relacionadas con segundos hogares y multipropiedades;15.046;10.993;6.423;6.696;6.448;7.320;6.436;3.534;0;11.671;580.177;9.505.055;10.439;304.176;178.522;306.763;380.625;47.172;214.956;;-26,90%;-41,60%;4,30%;-3,70%;13,50%;-12,10%;-45,10%;-100,00%;;4871,30%;1538,30%;-99,90%;2813,80%;-41,30%;71,80%;24,10%;-87,60%;355,70%
6306;Palmilla;1.895;1.996;2.272;2.917;3.439;3.639;4.249;6.481;7.428;8.143;121.738;83.718;142.279;73.565;71.353;91.380;123.836;179.936;134.595;;5,30%;13,80%;28,40%;17,90%;5,80%;16,80%;52,50%;14,60%;9,60%;1395,00%;-31,20%;69,90%;-48,30%;-3,00%;28,10%;35,50%;45,30%;-25,20%
;Alojamiento turístico;*;*;*;*;*;*;*;*;*;*;0;0;0;0;0;0;0;*;*;;;;;;;;;;;;;;;;;;;
;Actividades de provisión de alimentos y bebidas;1.895;1.996;2.272;1.880;2.120;1.640;1.468;1.374;1.229;1.590;3.735;5.801;67.449;16.683;22.404;4.647;21.027;27.154;30.287;;5,30%;13,80%;-17,20%;12,70%;-22,70%;-10,40%;-6,40%;-10,60%;29,30%;134,90%;55,30%;1062,60%;-75,30%;34,30%;-79,30%;352,40%;29,10%;11,50%
;Transporte de pasajeros por ferrocarril;0;0;0;0;0;0;0;0;0;0;0;0;0;0;0;0;0;0;0;;;;;;;;;;;;;;;;;;;
;Transporte de pasajeros por carretera;0;*;0;1.037;1.319;1.999;2.781;5.106;6.199;6.553;10.549;14.545;16.298;29.882;22.079;15.037;16.688;24.645;16.496;;;;;27,20%;51,60%;39,10%;83,60%;21,40%;5,70%;61,00%;37,90%;12,10%;83,30%;-26,10%;-31,90%;11,00%;47,70%;-33,10%
;Transporte de pasajeros por agua;0;0;0;0;0;0;0;0;0;0;0;0;0;0;0;0;0;0;0;;;;;;;;;;;;;;;;;;;
;Transporte aéreo de pasajeros;0;0;0;0;0;0;0;0;0;0;0;0;0;0;0;0;0;0;0;;;;;;;;;;;;;;;;;;;
;Alquiler de equipos de transporte;0;0;0;0;0;0;0;0;0;0;0;0;0;0;*;*;*;*;*;;;;;;;;;;;;;;;;;;;
;Actividades de agencias de viajes y de otros servicios de reservas;0;0;0;0;0;0;0;0;0;0;0;*;*;*;*;*;0;*;*;;;;;;;;;;;;;;;;;;;
;Actividades culturales;0;0;0;0;0;0;0;0;0;0;*;*;*;*;*;*;*;*;*;;;;;;;;;;;;;;;;;;;
;Actividades deportivas y recreativas;0;*;*;0;*;*;0;0;0;0;*;*;0;0;0;*;0;*;*;;;;;;;;;;;;;;;;;;;
;Comercio al por menor de bienes característicos del turismo;*;*;*;*;*;*;*;*;*;*;*;*;*;*;*;*;*;*;*;;;;;;;;;;;;;;;;;;;
;Actividades relacionadas con segundos hogares y multipropiedades;*;*;*;*;*;*;*;*;*;*;107.454;63.372;58.532;27.001;26.871;71.696;86.121;128.137;87.812;;;;;;;;;;;;-41,00%;-7,60%;-53,90%;-0,50%;166,80%;20,10%;48,80%;-31,50%
6307;Peralillo;7.930;8.077;5.537;10.958;18.221;18.149;9.490;11.518;13.512;14.088;34.241;44.335;40.795;41.785;35.500;28.915;42.834;50.104;68.162;;1,90%;-31,40%;97,90%;66,30%;-0,40%;-47,70%;21,40%;17,30%;4,30%;143,10%;29,50%;-8,00%;2,40%;-15,00%;-18,50%;48,10%;17,00%;36,00%
;Alojamiento turístico;*;*;*;*;*;*;*;*;*;*;*;*;*;*;*;*;*;*;*;;;;;;;;;;;;;;;;;;;
;Actividades de provisión de alimentos y bebidas;7.021;6.347;3.986;9.760;16.219;16.040;5.692;5.478;6.819;5.991;12.354;10.521;12.623;12.507;16.247;12.096;19.177;25.407;43.639;;-9,60%;-37,20%;144,90%;66,20%;-1,10%;-64,50%;-3,80%;24,50%;-12,10%;106,20%;-14,80%;20,00%;-0,90%;29,90%;-25,50%;58,50%;32,50%;71,80%
;Transporte de pasajeros por ferrocarril;0;0;0;0;0;0;0;0;0;0;0;0;0;0;0;0;0;0;0;;;;;;;;;;;;;;;;;;;
;Transporte de pasajeros por carretera;909;1.729;1.551;1.198;2.001;2.110;3.798;6.040;6.693;8.096;21.887;33.814;28.173;29.278;19.253;16.819;23.657;24.696;24.524;;90,20%;-10,30%;-22,80%;67,10%;5,40%;80,00%;59,00%;10,80%;21,00%;170,30%;54,50%;-16,70%;3,90%;-34,20%;-12,60%;40,70%;4,40%;-0,70%
;Transporte de pasajeros por agua;0;0;0;0;0;0;0;0;0;0;0;0;0;0;0;0;0;0;0;;;;;;;;;;;;;;;;;;;
;Transporte aéreo de pasajeros;0;0;0;0;0;0;0;0;0;0;0;0;0;0;0;0;0;0;0;;;;;;;;;;;;;;;;;;;
;Alquiler de equipos de transporte;0;0;0;0;0;*;*;*;*;*;*;*;*;*;0;0;0;0;0;;;;;;;;;;;;;;;;;;;
;Actividades de agencias de viajes y de otros servicios de reservas;*;0;0;0;0;0;0;0;0;0;0;0;0;0;0;0;0;0;0;;;;;;;;;;;;;;;;;;;
;Actividades culturales;0;0;0;0;0;0;0;0;0;0;0;*;*;*;*;*;0;0;0;;;;;;;;;;;;;;;;;;;
;Actividades deportivas y recreativas;*;*;*;*;*;*;*;*;*;*;*;0;*;0;*;*;*;*;*;;;;;;;;;;;;;;;;;;;
;Comercio al por menor de bienes característicos del turismo;*;*;*;*;*;*;*;*;*;*;*;*;*;*;*;*;*;*;*;;;;;;;;;;;;;;;;;;;
;Actividades relacionadas con segundos hogares y multipropiedades;0;*;0;*;*;0;0;*;*;*;*;*;*;*;*;*;*;*;*;;;;;;;;;;;;;;;;;;;
6308;Placilla;3.215;2.943;3.695;0;0;0;4.851;0;0;3.562;10.318;32.286;22.608;20.388;36.594;16.820;55.895;28.837;16.722;;-8,50%;25,60%;-100,00%;;;;-100,00%;;;189,60%;212,90%;-30,00%;-9,80%;79,50%;-54,00%;232,30%;-48,40%;-42,00%
;Alojamiento turístico;*;*;*;*;*;*;*;*;*;*;*;*;*;*;*;*;*;*;*;;;;;;;;;;;;;;;;;;;
;Actividades de provisión de alimentos y bebidas;3.215;2.943;3.695;0;0;*;4.851;*;0;3.562;10.318;9.634;7.151;4.732;5.101;4.485;2.301;3.206;4.087;;-8,50%;25,60%;-100,00%;;;;;;;189,60%;-6,60%;-25,80%;-33,80%;7,80%;-12,10%;-48,70%;39,30%;27,50%
;Transporte de pasajeros por ferrocarril;0;0;0;0;0;0;0;0;0;0;0;0;0;0;0;0;0;0;0;;;;;;;;;;;;;;;;;;;
;Transporte de pasajeros por carretera;*;*;0;0;0;0;0;0;0;0;0;22.652;15.457;15.656;13.027;2.147;2.932;3.411;3.383;;;;;;;;;;;;;-31,80%;1,30%;-16,80%;-83,50%;36,60%;16,30%;-0,80%
;Transporte de pasajeros por agua;0;0;0;0;0;0;0;0;0;0;0;0;0;0;0;0;0;0;0;;;;;;;;;;;;;;;;;;;
;Transporte aéreo de pasajeros;0;0;0;0;0;0;0;0;0;0;0;0;0;0;0;0;0;0;0;;;;;;;;;;;;;;;;;;;
;Alquiler de equipos de transporte;0;0;0;0;0;0;0;0;0;0;*;*;*;*;0;*;*;*;*;;;;;;;;;;;;;;;;;;;
;Actividades de agencias de viajes y de otros servicios de reservas;0;0;0;0;0;0;0;0;0;0;0;0;0;0;0;0;0;0;*;;;;;;;;;;;;;;;;;;;
;Actividades culturales;0;*;0;0;0;0;0;0;*;*;*;*;*;*;*;*;*;*;*;;;;;;;;;;;;;;;;;;;
;Actividades deportivas y recreativas;*;*;*;*;*;*;*;*;*;*;*;*;*;*;*;*;*;*;*;;;;;;;;;;;;;;;;;;;
;Comercio al por menor de bienes característicos del turismo;0;*;*;*;*;0;0;0;*;0;0;*;*;*;*;*;0;0;0;;;;;;;;;;;;;;;;;;;
;Actividades relacionadas con segundos hogares y multipropiedades;*;*;*;*;*;*;*;*;*;*;0;0;*;0;18.466;10.188;50.662;22.220;9.252;;;;;;;;;;;;;;;;-44,80%;397,30%;-56,10%;-58,40%
6309;Pumanque;3.267;2.762;0;0;0;5.155;3.693;4.547;4.726;0;3.304;5.241;6.298;12.033;17.565;5.586;8.556;8.457;8.565;;-15,50%;-100,00%;;;;-28,40%;23,10%;3,90%;-100,00%;;58,60%;20,20%;91,10%;46,00%;-68,20%;53,20%;-1,20%;1,30%
;Alojamiento turístico;0;0;*;*;*;*;*;*;*;*;*;*;*;0;*;*;*;*;*;;;;;;;;;;;;;;;;;;;
;Actividades de provisión de alimentos y bebidas;3.267;2.762;*;*;*;5.155;3.693;4.547;4.726;*;*;4.064;4.534;9.084;17.565;3.611;6.494;6.457;7.185;;-15,50%;;;;;-28,40%;23,10%;3,90%;;;;11,60%;100,30%;93,40%;-79,40%;79,80%;-0,60%;11,30%
;Transporte de pasajeros por ferrocarril;0;0;0;0;0;0;0;0;0;0;0;0;0;0;0;0;0;0;0;;;;;;;;;;;;;;;;;;;
;Transporte de pasajeros por carretera;*;*;*;0;*;0;0;0;0;0;3.304;1.178;1.763;2.949;0;1.975;2.062;2.000;1.379;;;;;;;;;;;;-64,40%;49,70%;67,20%;-100,00%;;4,40%;-3,00%;-31,00%
;Transporte de pasajeros por agua;0;0;0;0;0;0;0;0;0;0;0;0;0;0;0;0;0;0;0;;;;;;;;;;;;;;;;;;;
;Transporte aéreo de pasajeros;0;0;0;0;0;0;0;0;0;0;0;0;0;0;0;0;0;0;0;;;;;;;;;;;;;;;;;;;
;Alquiler de equipos de transporte;0;0;0;0;0;0;0;0;0;0;0;0;0;0;0;0;0;*;*;;;;;;;;;;;;;;;;;;;
;Actividades de agencias de viajes y de otros servicios de reservas;0;0;0;0;0;0;0;0;0;0;0;0;0;0;0;0;0;0;0;;;;;;;;;;;;;;;;;;;
;Actividades culturales;0;0;0;0;0;0;0;0;0;0;0;0;0;0;0;0;0;0;0;;;;;;;;;;;;;;;;;;;
;Actividades deportivas y recreativas;0;0;0;0;0;*;0;0;0;0;0;*;*;0;0;0;0;0;0;;;;;;;;;;;;;;;;;;;
;Comercio al por menor de bienes característicos del turismo;0;0;0;0;0;0;0;0;0;0;*;*;*;*;*;*;*;*;*;;;;;;;;;;;;;;;;;;;
;Actividades relacionadas con segundos hogares y multipropiedades;*;*;*;*;*;*;*;0;0;*;*;*;*;*;*;*;*;0;*;;;;;;;;;;;;;;;;;;;
6310;Santa Cruz;84.518;162.877;151.013;106.902;157.543;168.709;258.384;267.113;259.622;299.268;1.249.281;1.724.880;1.273.239;1.354.627;1.015.424;1.658.864;1.664.639;1.771.562;1.848.575;;92,70%;-7,30%;-29,20%;47,40%;7,10%;53,20%;3,40%;-2,80%;15,30%;317,40%;38,10%;-26,20%;6,40%;-25,00%;63,40%;0,30%;6,40%;4,30%
;Alojamiento turístico;1.493;0;2.465;3.909;17.317;23.197;26.864;37.081;44.338;37.162;269.688;101.921;122.688;309.902;290.450;129.295;226.189;330.621;286.528;;-100,00%;;58,60%;343,00%;34,00%;15,80%;38,00%;19,60%;-16,20%;625,70%;-62,20%;20,40%;152,60%;-6,30%;-55,50%;74,90%;46,20%;-13,30%
;Actividades de provisión de alimentos y bebidas;45.670;49.978;55.313;62.669;76.653;86.467;120.214;97.993;97.376;109.418;358.592;183.197;401.355;624.251;291.054;223.329;284.422;347.369;378.656;;9,40%;10,70%;13,30%;22,30%;12,80%;39,00%;-18,50%;-0,60%;12,40%;227,70%;-48,90%;119,10%;55,50%;-53,40%;-23,30%;27,40%;22,10%;9,00%
;Transporte de pasajeros por ferrocarril;0;0;0;0;0;0;0;0;0;0;0;0;0;0;0;0;0;0;0;;;;;;;;;;;;;;;;;;;
;Transporte de pasajeros por carretera;1.830;2.718;6.695;6.481;5.434;7.161;21.591;12.041;21.703;38.628;79.824;79.376;86.260;81.780;82.274;215.834;72.027;64.120;65.584;;48,50%;146,30%;-3,20%;-16,20%;31,80%;201,50%;-44,20%;80,20%;78,00%;106,60%;-0,60%;8,70%;-5,20%;0,60%;162,30%;-66,60%;-11,00%;2,30%
;Transporte de pasajeros por agua;0;0;0;0;0;*;*;0;0;0;0;0;0;0;0;0;0;0;0;;;;;;;;;;;;;;;;;;;
;Transporte aéreo de pasajeros;0;0;0;0;0;0;0;0;0;*;*;*;*;*;*;*;*;*;*;;;;;;;;;;;;;;;;;;;
;Alquiler de equipos de transporte;*;*;*;*;*;*;*;*;*;*;29.313;31.272;63.642;23.424;*;*;*;*;*;;;;;;;;;;;;6,70%;103,50%;-63,20%;;;;;
;Actividades de agencias de viajes y de otros servicios de reservas;*;*;*;*;*;*;*;*;*;*;*;16.010;47.696;*;*;*;*;*;*;;;;;;;;;;;;;197,90%;;;;;;
;Actividades culturales;*;*;0;*;0;0;*;*;*;*;*;*;*;0;0;0;0;0;0;;;;;;;;;;;;;;;;;;;
;Actividades deportivas y recreativas;*;0;0;0;5.285;0;0;0;0;0;18.807;32.919;33.151;4.428;1.104;141;0;0;2.223;;;;;;-100,00%;;;;;;75,00%;0,70%;-86,60%;-75,10%;-87,20%;-100,00%;;
;Comercio al por menor de bienes característicos del turismo;4.818;15.208;3.464;4.115;4.285;3.981;4.084;5.242;5.469;13.081;14.313;229.592;223.358;12.322;9.006;7.309;12.801;11.158;9.435;;215,70%;-77,20%;18,80%;4,10%;-7,10%;2,60%;28,40%;4,30%;139,20%;9,40%;1504,10%;-2,70%;-94,50%;-26,90%;-18,80%;75,10%;-12,80%;-15,40%
;Actividades relacionadas con segundos hogares y multipropiedades;30.707;94.973;83.076;29.729;48.570;47.904;85.631;114.755;90.735;100.979;478.745;1.050.592;295.089;298.520;341.535;1.082.957;1.069.200;1.018.295;1.106.149;;209,30%;-12,50%;-64,20%;63,40%;-1,40%;78,80%;34,00%;-20,90%;11,30%;374,10%;119,40%;-71,90%;1,20%;14,40%;217,10%;-1,30%;-4,80%;8,60%
Región del Maule;;3.851.481;4.862.659;3.283.071;4.178.156;4.343.473;5.510.856;6.514.471;9.071.429;9.779.655;11.934.020;19.497.913;20.777.576;21.648.185;27.542.130;22.026.998;18.254.767;20.992.565;22.729.868;22.052.608;;26,30%;-32,50%;27,30%;4,00%;26,90%;18,20%;39,30%;7,80%;22,00%;63,40%;6,60%;4,20%;27,20%;-20,00%;-17,10%;15,00%;8,30%;-3,00%
7101;Talca;2.122.732;2.450.775;1.399.090;1.872.748;2.012.573;3.124.448;3.541.649;5.518.330;5.504.785;7.639.126;9.316.146;9.975.116;10.009.207;17.808.882;13.688.603;11.667.099;11.443.957;11.516.044;11.536.226;;15,50%;-42,90%;33,90%;7,50%;55,20%;13,40%;55,80%;-0,20%;38,80%;22,00%;7,10%;0,30%;77,90%;-23,10%;-14,80%;-1,90%;0,60%;0,20%
;Alojamiento turístico;62.099;55.349;67.504;95.768;130.816;180.404;193.051;230.101;251.204;257.885;222.425;355.280;267.753;325.454;274.220;160.627;233.490;258.402;243.923;;-10,90%;22,00%;41,90%;36,60%;37,90%;7,00%;19,20%;9,20%;2,70%;-13,80%;59,70%;-24,60%;21,50%;-15,70%;-41,40%;45,40%;10,70%;-5,60%
;Actividades de provisión de alimentos y bebidas;522.215;573.859;618.951;667.358;728.335;819.669;1.047.055;1.537.614;1.286.455;1.372.791;1.488.903;1.408.772;2.096.594;2.049.300;1.684.671;887.019;1.394.792;1.968.993;1.951.239;;9,90%;7,90%;7,80%;9,10%;12,50%;27,70%;46,90%;-16,30%;6,70%;8,50%;-5,40%;48,80%;-2,30%;-17,80%;-47,30%;57,20%;41,20%;-0,90%
;Transporte de pasajeros por ferrocarril;0;*;*;*;*;*;0;0;0;*;*;*;*;0;0;0;0;0;0;;;;;;;;;;;;;;;;;;;
;Transporte de pasajeros por carretera;52.025;71.857;84.889;98.305;117.568;159.838;184.007;243.615;237.128;401.550;502.184;489.944;607.176;894.260;633.695;657.116;865.471;1.064.898;1.293.667;;38,10%;18,10%;15,80%;19,60%;36,00%;15,10%;32,40%;-2,70%;69,30%;25,10%;-2,40%;23,90%;47,30%;-29,10%;3,70%;31,70%;23,00%;21,50%
;Transporte de pasajeros por agua;0;*;*;0;0;0;0;*;*;*;*;*;0;0;0;0;0;0;0;;;;;;;;;;;;;;;;;;;
;Transporte aéreo de pasajeros;*;*;*;*;*;0;0;0;0;0;0;0;0;*;*;*;*;*;0;;;;;;;;;;;;;;;;;;;
;Alquiler de equipos de transporte;56.710;70.952;39.908;28.832;38.626;50.769;45.550;54.215;64.369;67.758;1.059.584;1.126.620;1.109.226;3.745.533;292.191;332.250;189.740;197.746;220.165;;25,10%;-43,80%;-27,80%;34,00%;31,40%;-10,30%;19,00%;18,70%;5,30%;1463,80%;6,30%;-1,50%;237,70%;-92,20%;13,70%;-42,90%;4,20%;11,30%
;Actividades de agencias de viajes y de otros servicios de reservas;15.908;17.845;8.114;18.946;*;*;*;*;*;*;9.633;35.373;56.813;16.509;0;0;0;0;0;;12,20%;-54,50%;133,50%;;;;;;;;267,20%;60,60%;-70,90%;-100,00%;;;;
;Actividades culturales;*;*;*;*;0;0;0;*;0;5.271;69.825;121.500;47.418;120.413;194.809;14.439;31.648;35.401;80.699;;;;;;;;;;;1224,80%;74,00%;-61,00%;153,90%;61,80%;-92,60%;119,20%;11,90%;128,00%
;Actividades deportivas y recreativas;7.675;6.482;4.142;2.789;3.226;0;3.214;6.214;8.395;8.028;186.492;360.750;231.860;178.735;161.223;38.633;64.355;67.069;88.243;;-15,50%;-36,10%;-32,70%;15,70%;-100,00%;;93,40%;35,10%;-4,40%;2222,90%;93,40%;-35,70%;-22,90%;-9,80%;-76,00%;66,60%;4,20%;31,60%
;Comercio al por menor de bienes característicos del turismo;4.972;5.986;3.774;5.756;2.645;6.540;5.642;7.783;9.254;10.519;7.540;7.937;9.060;12.725;11.864;7.001;11.434;10.296;11.289;;20,40%;-37,00%;52,50%;-54,10%;147,30%;-13,70%;37,90%;18,90%;13,70%;-28,30%;5,30%;14,10%;40,50%;-6,80%;-41,00%;63,30%;-9,90%;9,60%
;Actividades relacionadas con segundos hogares y multipropiedades;1.401.127;1.648.444;571.809;954.995;991.357;1.907.228;2.063.129;3.438.787;3.647.979;5.515.324;5.769.561;6.068.940;5.583.306;10.465.953;10.435.930;9.570.014;8.653.027;7.913.238;7.647.000;;17,70%;-65,30%;67,00%;3,80%;92,40%;8,20%;66,70%;6,10%;51,20%;4,60%;5,20%;-8,00%;87,50%;-0,30%;-8,30%;-9,60%;-8,50%;-3,40%
7102;Constitución;207.602;165.223;146.353;165.652;151.400;207.495;234.940;275.979;322.071;349.283;893.195;2.436.214;2.760.291;866.312;845.759;359.088;423.301;506.993;439.780;;-20,40%;-11,40%;13,20%;-8,60%;37,10%;13,20%;17,50%;16,70%;8,40%;155,70%;172,80%;13,30%;-68,60%;-2,40%;-57,50%;17,90%;19,80%;-13,30%
;Alojamiento turístico;19.503;29.639;40.871;44.057;44.072;74.603;80.687;130.914;170.459;174.742;224.539;178.213;212.532;111.578;108.771;89.345;76.188;109.002;80.738;;52,00%;37,90%;7,80%;0,00%;69,30%;8,20%;62,20%;30,20%;2,50%;28,50%;-20,60%;19,30%;-47,50%;-2,50%;-17,90%;-14,70%;43,10%;-25,90%
;Actividades de provisión de alimentos y bebidas;120.241;88.861;71.400;65.313;63.863;72.493;97.160;74.976;79.590;82.795;128.318;141.907;157.607;195.240;205.611;139.083;193.081;254.774;227.859;;-26,10%;-19,70%;-8,50%;-2,20%;13,50%;34,00%;-22,80%;6,20%;4,00%;55,00%;10,60%;11,10%;23,90%;5,30%;-32,40%;38,80%;32,00%;-10,60%
;Transporte de pasajeros por ferrocarril;0;0;0;*;*;*;0;0;0;0;0;0;0;0;0;0;0;0;0;;;;;;;;;;;;;;;;;;;
;Transporte de pasajeros por carretera;21.786;6.289;11.096;30.799;15.912;32.166;36.742;46.620;50.842;44.437;73.720;81.641;56.039;70.578;62.489;41.088;51.336;46.941;45.565;;-71,10%;76,40%;177,60%;-48,30%;102,10%;14,20%;26,90%;9,10%;-12,60%;65,90%;10,70%;-31,40%;25,90%;-11,50%;-34,20%;24,90%;-8,60%;-2,90%
;Transporte de pasajeros por agua;*;*;*;*;*;*;*;0;0;0;*;*;*;*;0;0;*;*;*;;;;;;;;;;;;;;;;;;;
;Transporte aéreo de pasajeros;0;0;0;0;0;0;0;0;0;0;0;0;0;0;0;0;0;0;0;;;;;;;;;;;;;;;;;;;
;Alquiler de equipos de transporte;36.576;34.979;22.986;25.483;27.554;28.233;20.351;23.468;21.180;18.603;367.306;422.102;544.021;392.859;403.573;26.225;22.163;31.228;36.514;;-4,40%;-34,30%;10,90%;8,10%;2,50%;-27,90%;15,30%;-9,80%;-12,20%;1874,40%;14,90%;28,90%;-27,80%;2,70%;-93,50%;-15,50%;40,90%;16,90%
;Actividades de agencias de viajes y de otros servicios de reservas;*;*;*;*;*;*;*;*;0;*;*;*;*;*;*;*;*;0;0;;;;;;;;;;;;;;;;;;;
;Actividades culturales;0;*;*;0;0;*;*;*;*;*;*;*;*;*;*;*;*;*;0;;;;;;;;;;;;;;;;;;;
;Actividades deportivas y recreativas;*;*;*;*;*;*;*;*;*;*;*;0;3.645;4.391;0;3.909;5.365;0;2.597;;;;;;;;;;;;;;20,50%;-100,00%;;37,20%;-100,00%;
;Comercio al por menor de bienes característicos del turismo;*;*;*;*;*;*;*;*;*;*;*;*;*;*;*;*;*;697;*;;;;;;;;;;;;;;;;;;;
;Actividades relacionadas con segundos hogares y multipropiedades;9.495;5.455;0;0;0;0;0;0;0;28.705;99.313;1.612.352;1.786.449;91.666;65.315;59.436;75.168;64.351;46.506;;-42,60%;-100,00%;;;;;;;;246,00%;1523,50%;10,80%;-94,90%;-28,70%;-9,00%;26,50%;-14,40%;-27,70%
7103;Curepto;4.770;5.580;4.452;4.519;4.014;3.849;5.646;4.936;5.314;5.046;11.269;22.212;21.191;19.298;17.085;14.020;19.209;17.607;21.119;;17,00%;-20,20%;1,50%;-11,20%;-4,10%;46,70%;-12,60%;7,70%;-5,10%;123,30%;97,10%;-4,60%;-8,90%;-11,50%;-17,90%;37,00%;-8,30%;19,90%
;Alojamiento turístico;*;*;*;*;*;*;*;*;*;*;*;*;*;*;*;*;*;*;*;;;;;;;;;;;;;;;;;;;
;Actividades de provisión de alimentos y bebidas;4.770;5.580;4.452;4.519;4.014;3.849;5.646;4.936;5.314;5.046;11.269;16.159;13.356;10.554;8.261;7.330;10.170;11.639;15.514;;17,00%;-20,20%;1,50%;-11,20%;-4,10%;46,70%;-12,60%;7,70%;-5,10%;123,30%;43,40%;-17,30%;-21,00%;-21,70%;-11,30%;38,70%;14,40%;33,30%
;Transporte de pasajeros por ferrocarril;0;0;0;0;0;0;0;0;0;0;0;0;0;0;0;0;0;0;0;;;;;;;;;;;;;;;;;;;
;Transporte de pasajeros por carretera;0;*;*;*;*;*;*;*;*;0;0;6.053;7.835;8.743;8.824;6.689;9.039;5.968;5.605;;;;;;;;;;;;;29,40%;11,60%;0,90%;-24,20%;35,10%;-34,00%;-6,10%
;Transporte de pasajeros por agua;0;0;0;0;0;0;0;0;0;0;0;0;0;0;0;0;0;0;0;;;;;;;;;;;;;;;;;;;
;Transporte aéreo de pasajeros;0;0;0;0;0;0;0;0;0;0;0;0;0;0;0;0;0;0;0;;;;;;;;;;;;;;;;;;;
;Alquiler de equipos de transporte;*;*;*;*;*;*;*;0;0;0;*;*;*;*;0;*;*;*;*;;;;;;;;;;;;;;;;;;;
;Actividades de agencias de viajes y de otros servicios de reservas;0;0;0;0;0;0;0;0;0;*;*;*;*;*;0;0;0;0;0;;;;;;;;;;;;;;;;;;;
;Actividades culturales;0;0;0;0;0;0;0;0;0;0;0;0;*;*;*;0;0;*;*;;;;;;;;;;;;;;;;;;;
;Actividades deportivas y recreativas;*;*;*;*;*;*;*;*;*;0;*;*;*;*;0;0;*;*;*;;;;;;;;;;;;;;;;;;;
;Comercio al por menor de bienes característicos del turismo;0;0;0;*;*;*;*;*;*;*;*;*;*;*;*;*;*;*;*;;;;;;;;;;;;;;;;;;;
;Actividades relacionadas con segundos hogares y multipropiedades;*;0;0;0;0;0;0;0;0;0;*;*;*;*;*;*;*;*;*;;;;;;;;;;;;;;;;;;;
7104;Empedrado;*;0;0;0;0;*;*;*;*;*;0;0;0;0;0;0;5.505;5.323;0;;;;;;;;;;;;;;;;;;-3,30%;-100,00%
;Alojamiento turístico;0;0;*;*;*;*;*;*;*;*;*;*;*;*;*;0;*;*;0;;;;;;;;;;;;;;;;;;;
;Actividades de provisión de alimentos y bebidas;*;*;*;*;*;*;*;*;*;*;*;*;0;0;*;*;5.505;5.323;*;;;;;;;;;;;;;;;;;;-3,30%;
;Transporte de pasajeros por ferrocarril;0;0;0;0;0;0;0;0;0;0;0;0;0;0;0;0;0;0;0;;;;;;;;;;;;;;;;;;;
;Transporte de pasajeros por carretera;0;*;0;0;0;0;0;0;0;0;*;*;*;*;*;*;*;*;*;;;;;;;;;;;;;;;;;;;
;Transporte de pasajeros por agua;0;0;0;0;0;0;0;0;0;0;0;0;0;0;0;0;0;0;0;;;;;;;;;;;;;;;;;;;
;Transporte aéreo de pasajeros;0;0;0;0;0;0;0;0;0;0;0;0;0;0;0;0;0;0;0;;;;;;;;;;;;;;;;;;;
;Alquiler de equipos de transporte;0;0;0;0;0;0;0;0;0;0;*;*;*;*;*;*;*;*;*;;;;;;;;;;;;;;;;;;;
;Actividades de agencias de viajes y de otros servicios de reservas;0;0;0;0;0;0;0;0;0;0;0;0;0;0;0;0;0;*;0;;;;;;;;;;;;;;;;;;;
;Actividades culturales;0;0;0;0;0;0;0;0;0;0;0;0;0;0;0;0;0;0;*;;;;;;;;;;;;;;;;;;;
;Actividades deportivas y recreativas;0;0;*;*;*;*;0;*;*;*;*;*;*;*;*;0;0;*;0;;;;;;;;;;;;;;;;;;;
;Comercio al por menor de bienes característicos del turismo;0;*;*;0;0;0;0;0;0;0;0;0;0;0;0;0;0;0;*;;;;;;;;;;;;;;;;;;;
;Actividades relacionadas con segundos hogares y multipropiedades;0;0;0;0;0;0;0;0;0;0;0;0;0;0;0;0;0;0;0;;;;;;;;;;;;;;;;;;;
7105;Maule;73.896;22.632;27.137;36.611;35.414;43.453;44.867;53.151;61.415;58.818;1.982.371;148.350;152.348;310.974;307.935;458.020;293.911;381.797;413.981;;-69,40%;19,90%;34,90%;-3,30%;22,70%;3,30%;18,50%;15,50%;-4,20%;3270,40%;-92,50%;2,70%;104,10%;-1,00%;48,70%;-35,80%;29,90%;8,40%
;Alojamiento turístico;*;*;*;*;0;0;0;0;0;0;0;0;0;0;0;0;0;0;0;;;;;;;;;;;;;;;;;;;
;Actividades de provisión de alimentos y bebidas;73.334;22.632;27.097;36.611;35.414;43.453;44.867;51.151;59.551;55.452;1.946.210;77.511;87.916;168.701;164.806;106.142;139.548;187.083;200.283;;-69,10%;19,70%;35,10%;-3,30%;22,70%;3,30%;14,00%;16,40%;-6,90%;3409,70%;-96,00%;13,40%;91,90%;-2,30%;-35,60%;31,50%;34,10%;7,10%
;Transporte de pasajeros por ferrocarril;0;0;0;0;0;0;0;0;0;0;0;0;0;0;0;0;0;0;0;;;;;;;;;;;;;;;;;;;
;Transporte de pasajeros por carretera;561;0;39;0;0;0;0;2.001;1.863;3.365;4.935;7.593;12.541;12.760;9.987;8.047;15.144;8.298;4.421;;-100,00%;;-100,00%;;;;;-6,90%;80,60%;46,70%;53,80%;65,20%;1,70%;-21,70%;-19,40%;88,20%;-45,20%;-46,70%
;Transporte de pasajeros por agua;0;0;0;0;0;0;0;0;0;0;0;0;0;0;0;0;0;0;0;;;;;;;;;;;;;;;;;;;
;Transporte aéreo de pasajeros;0;0;0;0;0;0;0;0;0;0;0;0;0;0;0;0;0;0;0;;;;;;;;;;;;;;;;;;;
;Alquiler de equipos de transporte;*;*;*;*;*;*;*;*;*;*;31.226;24.226;17.303;13.450;19.880;76.647;23.023;15.106;11.970;;;;;;;;;;;;-22,40%;-28,60%;-22,30%;47,80%;285,60%;-70,00%;-34,40%;-20,80%
;Actividades de agencias de viajes y de otros servicios de reservas;0;0;0;0;*;*;0;0;*;0;0;0;*;*;*;*;*;*;*;;;;;;;;;;;;;;;;;;;
;Actividades culturales;0;0;*;*;*;*;*;*;*;0;*;*;*;*;*;*;*;*;0;;;;;;;;;;;;;;;;;;;
;Actividades deportivas y recreativas;*;*;*;*;*;*;*;*;*;*;*;*;*;9.342;9.591;575;756;*;0;;;;;;;;;;;;;;;2,70%;-94,00%;31,50%;;
;Comercio al por menor de bienes característicos del turismo;*;*;*;*;*;*;*;*;*;*;*;*;*;*;1.130;*;1.681;*;*;;;;;;;;;;;;;;;;;;;
;Actividades relacionadas con segundos hogares y multipropiedades;*;*;*;*;*;*;*;*;*;*;0;39.021;34.588;106.721;102.542;266.609;113.760;171.311;197.307;;;;;;;;;;;;;-11,40%;208,60%;-3,90%;160,00%;-57,30%;50,60%;15,20%
7106;Pelarco;864;0;0;1.941;1.925;2.322;0;0;0;0;6.068;6.488;9.809;25.685;34.428;24.519;34.334;32.856;38.751;;-100,00%;;;-0,80%;20,70%;-100,00%;;;;;6,90%;51,20%;161,90%;34,00%;-28,80%;40,00%;-4,30%;17,90%
;Alojamiento turístico;0;0;*;*;*;*;*;*;*;*;*;*;*;*;*;*;*;*;*;;;;;;;;;;;;;;;;;;;
;Actividades de provisión de alimentos y bebidas;864;*;*;1.941;1.925;2.322;*;0;0;0;1.768;1.430;2.471;8.346;6.471;2.658;9.846;12.958;13.647;;;;;-0,80%;20,70%;;;;;;-19,10%;72,90%;237,70%;-22,50%;-58,90%;270,40%;31,60%;5,30%
;Transporte de pasajeros por ferrocarril;0;0;0;0;0;0;0;0;0;0;0;0;0;0;0;0;0;0;0;;;;;;;;;;;;;;;;;;;
;Transporte de pasajeros por carretera;*;*;*;*;*;*;*;*;0;0;4.300;5.058;7.337;17.339;27.957;21.860;24.488;19.898;25.104;;;;;;;;;;;;17,60%;45,10%;136,30%;61,20%;-21,80%;12,00%;-18,70%;26,20%
;Transporte de pasajeros por agua;0;0;0;0;0;0;0;0;0;0;0;0;0;0;0;0;0;0;0;;;;;;;;;;;;;;;;;;;
;Transporte aéreo de pasajeros;0;0;0;0;0;0;0;0;0;0;0;0;0;0;0;0;0;0;0;;;;;;;;;;;;;;;;;;;
;Alquiler de equipos de transporte;0;*;0;0;0;0;0;0;0;0;*;*;*;*;*;*;*;*;*;;;;;;;;;;;;;;;;;;;
;Actividades de agencias de viajes y de otros servicios de reservas;0;0;0;0;0;0;0;0;0;0;*;*;*;*;0;0;0;0;0;;;;;;;;;;;;;;;;;;;
;Actividades culturales;0;0;0;0;0;0;0;0;*;*;*;*;*;0;0;0;*;*;0;;;;;;;;;;;;;;;;;;;
;Actividades deportivas y recreativas;*;*;*;*;*;*;*;0;*;0;0;*;*;*;*;*;*;*;*;;;;;;;;;;;;;;;;;;;
;Comercio al por menor de bienes característicos del turismo;0;0;0;0;0;0;0;0;0;0;*;*;*;*;*;*;*;*;*;;;;;;;;;;;;;;;;;;;
;Actividades relacionadas con segundos hogares y multipropiedades;0;*;*;*;*;*;*;*;*;*;*;*;*;*;*;*;*;*;*;;;;;;;;;;;;;;;;;;;
7107;Pencahue;3.553;4.466;4.140;5.058;7.563;0;0;0;10.945;12.380;3.171;17.661;16.933;14.525;16.369;22.402;15.141;12.596;11.722;;25,70%;-7,30%;22,20%;49,50%;-100,00%;;;;13,10%;-74,40%;457,00%;-4,10%;-14,20%;12,70%;36,90%;-32,40%;-16,80%;-6,90%
;Alojamiento turístico;*;*;*;*;*;*;*;*;*;*;*;*;*;*;*;*;*;*;*;;;;;;;;;;;;;;;;;;;
;Actividades de provisión de alimentos y bebidas;3.553;4.466;4.140;5.058;7.563;0;0;0;10.945;9.201;0;13.370;13.146;10.464;10.776;18.972;10.885;8.632;8.411;;25,70%;-7,30%;22,20%;49,50%;-100,00%;;;;-15,90%;-100,00%;;-1,70%;-20,40%;3,00%;76,10%;-42,60%;-20,70%;-2,60%
;Transporte de pasajeros por ferrocarril;0;0;0;0;0;0;0;0;0;0;0;0;0;0;0;0;0;0;0;;;;;;;;;;;;;;;;;;;
;Transporte de pasajeros por carretera;*;*;*;*;*;*;*;0;0;3.179;3.171;4.291;3.787;4.061;5.593;3.429;4.256;3.964;3.311;;;;;;;;;;;-0,30%;35,30%;-11,70%;7,20%;37,70%;-38,70%;24,10%;-6,90%;-16,50%
;Transporte de pasajeros por agua;0;0;0;0;0;0;0;0;0;0;0;0;0;0;0;0;0;0;0;;;;;;;;;;;;;;;;;;;
;Transporte aéreo de pasajeros;0;0;0;0;0;0;0;0;0;0;0;0;0;0;0;0;0;0;0;;;;;;;;;;;;;;;;;;;
;Alquiler de equipos de transporte;0;0;0;0;0;0;0;0;0;0;*;*;*;*;*;*;*;*;*;;;;;;;;;;;;;;;;;;;
;Actividades de agencias de viajes y de otros servicios de reservas;0;0;0;0;0;0;0;0;0;0;0;0;0;0;0;0;0;0;0;;;;;;;;;;;;;;;;;;;
;Actividades culturales;0;0;0;0;0;0;0;0;0;0;0;0;0;*;0;*;0;0;0;;;;;;;;;;;;;;;;;;;
;Actividades deportivas y recreativas;0;0;0;0;0;0;0;0;0;0;*;*;*;*;*;*;*;*;*;;;;;;;;;;;;;;;;;;;
;Comercio al por menor de bienes característicos del turismo;0;0;0;0;*;*;*;*;*;*;*;*;*;*;*;*;*;*;*;;;;;;;;;;;;;;;;;;;
;Actividades relacionadas con segundos hogares y multipropiedades;*;*;*;*;*;*;*;*;*;*;*;*;*;*;*;*;*;*;*;;;;;;;;;;;;;;;;;;;
7108;Río Claro;1.872;2.276;2.464;3.089;2.742;3.620;3.546;1.883;5.946;7.519;16.204;14.559;21.631;44.085;47.488;92.917;149.353;301.202;218.614;;21,60%;8,20%;25,40%;-11,30%;32,00%;-2,00%;-46,90%;215,70%;26,50%;115,50%;-10,20%;48,60%;103,80%;7,70%;95,70%;60,70%;101,70%;-27,40%
;Alojamiento turístico;*;0;*;*;0;0;*;*;*;*;*;*;*;8.785;8.268;4.501;0;0;0;;;;;;;;;;;;;;;-5,90%;-45,60%;-100,00%;;
;Actividades de provisión de alimentos y bebidas;1.872;2.276;2.464;3.089;2.742;3.620;3.546;1.883;2.358;3.154;6.705;6.213;7.890;9.556;14.227;11.279;20.824;29.218;32.136;;21,60%;8,20%;25,40%;-11,30%;32,00%;-2,00%;-46,90%;25,20%;33,80%;112,60%;-7,30%;27,00%;21,10%;48,90%;-20,70%;84,60%;40,30%;10,00%
;Transporte de pasajeros por ferrocarril;0;0;0;0;0;0;0;0;0;0;0;0;0;0;0;0;0;0;0;;;;;;;;;;;;;;;;;;;
;Transporte de pasajeros por carretera;0;0;0;0;0;0;0;0;3.588;4.365;9.499;8.346;13.741;25.744;24.992;14.046;13.218;20.401;14.155;;;;;;;;;;21,70%;117,60%;-12,10%;64,60%;87,30%;-2,90%;-43,80%;-5,90%;54,30%;-30,60%
;Transporte de pasajeros por agua;0;0;0;0;0;0;0;0;0;0;0;0;0;0;0;0;0;0;0;;;;;;;;;;;;;;;;;;;
;Transporte aéreo de pasajeros;0;0;0;0;0;0;0;0;0;0;0;0;0;0;0;0;0;0;0;;;;;;;;;;;;;;;;;;;
;Alquiler de equipos de transporte;0;0;0;0;0;0;0;0;0;0;*;*;*;*;0;*;*;*;*;;;;;;;;;;;;;;;;;;;
;Actividades de agencias de viajes y de otros servicios de reservas;0;0;0;0;0;0;0;0;0;*;*;*;*;*;*;*;*;0;*;;;;;;;;;;;;;;;;;;;
;Actividades culturales;0;0;0;0;0;0;0;0;0;0;*;*;*;*;*;*;*;*;*;;;;;;;;;;;;;;;;;;;
;Actividades deportivas y recreativas;*;*;*;*;*;*;*;*;*;*;*;*;*;*;*;*;*;*;*;;;;;;;;;;;;;;;;;;;
;Comercio al por menor de bienes característicos del turismo;0;0;0;0;0;0;*;*;*;*;*;*;*;*;*;*;*;*;*;;;;;;;;;;;;;;;;;;;
;Actividades relacionadas con segundos hogares y multipropiedades;*;*;*;*;*;*;*;*;*;*;*;*;*;*;0;63.091;115.311;251.583;172.322;;;;;;;;;;;;;;;;;82,80%;118,20%;-31,50%
7109;San Clemente;18.351;17.713;18.962;20.702;21.086;28.229;32.960;43.191;40.003;49.985;176.312;169.535;302.385;236.300;206.756;160.286;267.646;176.582;153.200;;-3,50%;7,10%;9,20%;1,90%;33,90%;16,80%;31,00%;-7,40%;25,00%;252,70%;-3,80%;78,40%;-21,90%;-12,50%;-22,50%;67,00%;-34,00%;-13,20%
;Alojamiento turístico;*;*;0;0;0;0;0;0;0;5.305;16.497;24.445;20.622;15.867;24.156;13.000;9.087;11.605;17.007;;;;;;;;;;;211,00%;48,20%;-15,60%;-23,10%;52,20%;-46,20%;-30,10%;27,70%;46,50%
;Actividades de provisión de alimentos y bebidas;12.621;13.194;13.780;15.577;15.636;20.529;18.491;19.424;25.483;23.313;57.620;72.137;67.864;74.624;70.854;38.797;64.896;62.735;62.911;;4,50%;4,40%;13,00%;0,40%;31,30%;-9,90%;5,00%;31,20%;-8,50%;147,20%;25,20%;-5,90%;10,00%;-5,10%;-45,20%;67,30%;-3,30%;0,30%
;Transporte de pasajeros por ferrocarril;0;0;*;0;0;0;0;0;0;0;0;0;0;0;0;0;0;0;0;;;;;;;;;;;;;;;;;;;
;Transporte de pasajeros por carretera;5.730;4.519;5.183;5.125;5.450;7.700;14.470;23.768;14.520;19.980;34.768;48.172;46.417;72.889;62.284;61.601;57.912;64.617;46.490;;-21,10%;14,70%;-1,10%;6,30%;41,30%;87,90%;64,30%;-38,90%;37,60%;74,00%;38,60%;-3,60%;57,00%;-14,50%;-1,10%;-6,00%;11,60%;-28,10%
;Transporte de pasajeros por agua;0;0;0;*;0;0;0;0;0;0;0;0;0;0;0;0;0;0;0;;;;;;;;;;;;;;;;;;;
;Transporte aéreo de pasajeros;0;0;0;0;0;0;0;0;0;0;0;0;0;0;0;0;0;0;0;;;;;;;;;;;;;;;;;;;
;Alquiler de equipos de transporte;*;*;*;*;*;*;*;*;*;*;19.873;23.779;22.603;20.018;23.826;7.371;17.188;5.721;9.712;;;;;;;;;;;;19,70%;-4,90%;-11,40%;19,00%;-69,10%;133,20%;-66,70%;69,80%
;Actividades de agencias de viajes y de otros servicios de reservas;0;0;0;0;0;0;*;*;*;*;*;*;0;*;*;*;*;*;*;;;;;;;;;;;;;;;;;;;
;Actividades culturales;0;0;0;0;0;0;0;0;0;0;*;*;*;*;*;*;*;*;*;;;;;;;;;;;;;;;;;;;
;Actividades deportivas y recreativas;0;*;*;*;0;0;0;*;*;*;*;0;0;4.848;3.412;0;0;0;0;;;;;;;;;;;;;;;-29,60%;-100,00%;;;
;Comercio al por menor de bienes característicos del turismo;*;*;*;*;*;*;*;*;*;*;*;*;*;*;*;*;1.030;2.136;2.391;;;;;;;;;;;;;;;;;;107,50%;11,90%
;Actividades relacionadas con segundos hogares y multipropiedades;*;*;*;*;0;*;*;*;*;1.388;47.553;1.002;144.878;48.055;22.224;39.517;117.533;29.767;14.690;;;;;;;;;;;3326,50%;-97,90%;14364,70%;-66,80%;-53,80%;77,80%;197,40%;-74,70%;-50,60%
7110;San Rafael;0;0;0;0;0;0;0;0;2.386;1.700;9.245;10.010;15.363;11.665;10.044;11.956;22.050;13.876;27.602;;;;;;;;;;-28,70%;443,70%;8,30%;53,50%;-24,10%;-13,90%;19,00%;84,40%;-37,10%;98,90%
;Alojamiento turístico;*;*;*;*;*;*;*;*;*;*;*;*;*;*;*;*;*;*;*;;;;;;;;;;;;;;;;;;;
;Actividades de provisión de alimentos y bebidas;*;*;*;0;0;0;0;*;2.386;1.700;9.245;10.010;15.363;11.665;10.044;5.722;10.649;13.876;18.176;;;;;;;;;;-28,70%;443,70%;8,30%;53,50%;-24,10%;-13,90%;-43,00%;86,10%;30,30%;31,00%
;Transporte de pasajeros por ferrocarril;0;0;0;0;0;0;0;0;0;0;0;0;0;0;0;0;0;0;0;;;;;;;;;;;;;;;;;;;
;Transporte de pasajeros por carretera;*;*;*;*;*;*;0;0;0;0;0;0;0;0;0;6.234;11.401;0;9.427;;;;;;;;;;;;;;;;;82,90%;-100,00%;
;Transporte de pasajeros por agua;0;0;0;0;0;0;0;0;0;0;0;0;0;0;0;0;0;0;0;;;;;;;;;;;;;;;;;;;
;Transporte aéreo de pasajeros;0;0;0;0;0;0;0;0;0;0;0;0;0;0;0;0;0;0;0;;;;;;;;;;;;;;;;;;;
;Alquiler de equipos de transporte;*;*;*;*;*;*;*;*;*;0;0;*;*;*;*;*;*;*;*;;;;;;;;;;;;;;;;;;;
;Actividades de agencias de viajes y de otros servicios de reservas;0;0;0;0;0;0;0;0;*;*;*;*;*;*;*;*;*;*;*;;;;;;;;;;;;;;;;;;;
;Actividades culturales;0;0;0;0;0;0;0;0;0;0;*;*;*;*;*;*;*;*;*;;;;;;;;;;;;;;;;;;;
;Actividades deportivas y recreativas;*;*;*;*;*;*;*;*;*;*;*;*;*;*;*;*;*;*;*;;;;;;;;;;;;;;;;;;;
;Comercio al por menor de bienes característicos del turismo;0;0;0;0;0;0;0;0;*;0;0;*;0;0;0;*;*;*;*;;;;;;;;;;;;;;;;;;;
;Actividades relacionadas con segundos hogares y multipropiedades;*;*;*;*;*;*;0;0;0;*;*;*;*;*;*;*;*;*;*;;;;;;;;;;;;;;;;;;;
7201;Cauquenes;55.983;65.357;87.204;53.335;55.310;55.537;51.854;50.594;61.291;65.957;213.360;212.860;205.927;262.825;192.805;159.859;291.220;348.220;218.086;;16,70%;33,40%;-38,80%;3,70%;0,40%;-6,60%;-2,40%;21,10%;7,60%;223,50%;-0,20%;-3,30%;27,60%;-26,60%;-17,10%;82,20%;19,60%;-37,40%
;Alojamiento turístico;*;*;0;0;0;0;0;0;0;0;0;0;0;0;0;0;0;29.128;28.581;;;;;;;;;;;;;;;;;;;-1,90%
;Actividades de provisión de alimentos y bebidas;31.831;31.739;38.534;31.869;32.266;33.189;40.821;34.915;42.719;40.805;111.085;64.790;76.304;153.149;90.848;62.811;101.231;106.602;126.656;;-0,30%;21,40%;-17,30%;1,20%;2,90%;23,00%;-14,50%;22,40%;-4,50%;172,20%;-41,70%;17,80%;100,70%;-40,70%;-30,90%;61,20%;5,30%;18,80%
;Transporte de pasajeros por ferrocarril;0;0;0;0;0;0;0;0;0;0;0;0;0;0;0;0;0;0;0;;;;;;;;;;;;;;;;;;;
;Transporte de pasajeros por carretera;4.225;2.408;2.046;2.721;3.772;2.785;3.253;3.294;6.991;7.651;16.071;25.382;23.756;34.369;38.063;40.544;37.971;46.408;38.229;;-43,00%;-15,10%;33,00%;38,60%;-26,20%;16,80%;1,20%;112,20%;9,40%;110,00%;57,90%;-6,40%;44,70%;10,80%;6,50%;-6,30%;22,20%;-17,60%
;Transporte de pasajeros por agua;0;0;0;0;0;0;0;0;0;0;0;0;0;0;0;0;0;0;0;;;;;;;;;;;;;;;;;;;
;Transporte aéreo de pasajeros;0;0;0;0;0;0;0;0;0;0;0;0;0;0;0;0;0;0;0;;;;;;;;;;;;;;;;;;;
;Alquiler de equipos de transporte;*;*;*;*;*;*;*;*;*;*;*;*;*;*;*;*;*;*;*;;;;;;;;;;;;;;;;;;;
;Actividades de agencias de viajes y de otros servicios de reservas;0;0;0;0;0;0;0;0;0;0;*;*;*;*;*;*;*;*;*;;;;;;;;;;;;;;;;;;;
;Actividades culturales;0;0;*;*;*;0;0;0;0;0;*;*;*;*;*;*;*;*;*;;;;;;;;;;;;;;;;;;;
;Actividades deportivas y recreativas;*;*;*;*;*;*;*;*;*;*;31.868;46.103;47.758;31.982;17.728;19.435;22.705;0;0;;;;;;;;;;;;44,70%;3,60%;-33,00%;-44,60%;9,60%;16,80%;-100,00%;
;Comercio al por menor de bienes característicos del turismo;1.354;1.536;1.427;1.468;1.847;*;1.989;1.943;2.004;1.865;1.810;2.773;2.531;2.264;1.678;3.020;958;643;1.229;;13,50%;-7,10%;2,90%;25,80%;;;-2,30%;3,10%;-6,90%;-2,90%;53,20%;-8,70%;-10,60%;-25,90%;80,00%;-68,30%;-32,90%;91,30%
;Actividades relacionadas con segundos hogares y multipropiedades;18.573;29.674;45.198;17.277;17.426;19.563;5.791;10.442;9.577;15.636;52.527;73.813;55.578;41.061;44.487;34.049;128.356;165.439;23.391;;59,80%;52,30%;-61,80%;0,90%;12,30%;-70,40%;80,30%;-8,30%;63,30%;235,90%;40,50%;-24,70%;-26,10%;8,30%;-23,50%;277,00%;28,90%;-85,90%
7202;Chanco;0;5.663;3.312;2.144;3.354;2.799;4.027;4.206;0;3.911;10.171;11.834;8.203;11.811;25.787;10.519;18.625;11.988;8.195;;;-41,50%;-35,30%;56,40%;-16,60%;43,90%;4,40%;-100,00%;;160,00%;16,40%;-30,70%;44,00%;118,30%;-59,20%;77,10%;-35,60%;-31,60%
;Alojamiento turístico;*;*;*;*;*;*;*;*;*;*;*;*;*;*;*;*;*;*;*;;;;;;;;;;;;;;;;;;;
;Actividades de provisión de alimentos y bebidas;0;5.663;3.312;2.144;3.354;2.799;4.027;4.206;0;3.911;10.171;11.834;8.203;11.811;25.787;8.651;10.623;9.836;8.195;;;-41,50%;-35,30%;56,40%;-16,60%;43,90%;4,40%;-100,00%;;160,00%;16,40%;-30,70%;44,00%;118,30%;-66,50%;22,80%;-7,40%;-16,70%
;Transporte de pasajeros por ferrocarril;0;0;0;0;0;0;0;0;0;0;0;0;0;0;0;0;0;0;0;;;;;;;;;;;;;;;;;;;
;Transporte de pasajeros por carretera;*;*;*;*;*;*;*;*;*;*;*;*;0;0;0;1.868;8.002;2.152;0;;;;;;;;;;;;;;;;;328,40%;-73,10%;-100,00%
;Transporte de pasajeros por agua;0;0;0;0;0;0;0;0;0;0;0;0;0;0;0;0;0;0;0;;;;;;;;;;;;;;;;;;;
;Transporte aéreo de pasajeros;0;0;0;0;0;0;0;0;0;0;0;0;0;0;0;0;0;0;0;;;;;;;;;;;;;;;;;;;
;Alquiler de equipos de transporte;*;*;*;*;*;*;*;*;*;*;*;*;*;*;*;*;*;*;*;;;;;;;;;;;;;;;;;;;
;Actividades de agencias de viajes y de otros servicios de reservas;0;0;0;0;0;0;0;0;0;0;0;0;0;*;0;0;0;*;*;;;;;;;;;;;;;;;;;;;
;Actividades culturales;0;0;0;0;0;*;0;0;0;0;0;0;0;0;0;0;*;0;0;;;;;;;;;;;;;;;;;;;
;Actividades deportivas y recreativas;*;*;*;*;*;*;*;*;*;*;*;*;*;*;*;*;*;*;*;;;;;;;;;;;;;;;;;;;
;Comercio al por menor de bienes característicos del turismo;*;*;*;*;*;*;*;*;0;0;*;*;*;*;*;*;*;*;*;;;;;;;;;;;;;;;;;;;
;Actividades relacionadas con segundos hogares y multipropiedades;0;*;0;0;0;0;*;*;*;*;*;*;*;*;*;*;*;*;*;;;;;;;;;;;;;;;;;;;
7203;Pelluhue;5.600;7.175;8.389;4.659;3.502;4.007;4.526;7.622;10.383;32.339;75.791;76.224;79.150;120.582;132.570;112.892;177.701;177.680;167.529;;28,10%;16,90%;-44,50%;-24,80%;14,40%;12,90%;68,40%;36,20%;211,50%;134,40%;0,60%;3,80%;52,30%;9,90%;-14,80%;57,40%;0,00%;-5,70%
;Alojamiento turístico;0;0;4.640;0;0;0;0;0;0;21.201;34.342;20.195;23.375;37.352;61.514;34.052;66.074;49.272;52.179;;;;-100,00%;;;;;;;62,00%;-41,20%;15,70%;59,80%;64,70%;-44,60%;94,00%;-25,40%;5,90%
;Actividades de provisión de alimentos y bebidas;5.600;7.175;3.749;4.659;3.502;4.007;4.526;7.622;10.383;11.138;32.069;48.823;50.598;72.237;67.466;74.227;102.938;122.259;110.337;;28,10%;-47,80%;24,30%;-24,80%;14,40%;12,90%;68,40%;36,20%;7,30%;187,90%;52,20%;3,60%;42,80%;-6,60%;10,00%;38,70%;18,80%;-9,80%
;Transporte de pasajeros por ferrocarril;0;0;0;0;0;0;0;0;0;0;0;0;0;0;0;0;0;0;0;;;;;;;;;;;;;;;;;;;
;Transporte de pasajeros por carretera;*;*;*;*;*;*;*;*;*;*;*;*;*;*;*;*;*;*;*;;;;;;;;;;;;;;;;;;;
;Transporte de pasajeros por agua;0;0;0;0;0;0;0;0;0;0;0;0;0;0;0;0;0;0;0;;;;;;;;;;;;;;;;;;;
;Transporte aéreo de pasajeros;0;0;0;0;0;0;0;0;0;0;0;0;0;0;0;0;0;0;0;;;;;;;;;;;;;;;;;;;
;Alquiler de equipos de transporte;0;0;0;0;0;0;0;0;0;0;0;0;*;*;*;0;0;0;0;;;;;;;;;;;;;;;;;;;
;Actividades de agencias de viajes y de otros servicios de reservas;0;0;0;0;*;*;0;0;0;0;0;0;0;*;*;*;*;*;*;;;;;;;;;;;;;;;;;;;
;Actividades culturales;0;0;0;0;0;0;0;0;0;0;*;*;*;*;*;*;0;*;*;;;;;;;;;;;;;;;;;;;
;Actividades deportivas y recreativas;0;0;0;*;0;0;0;0;*;*;*;*;0;0;0;*;*;*;*;;;;;;;;;;;;;;;;;;;
;Comercio al por menor de bienes característicos del turismo;*;*;*;*;*;*;*;*;*;*;*;*;*;400;597;1.037;1.390;2.464;1.647;;;;;;;;;;;;;;;49,20%;73,90%;34,00%;77,20%;-33,20%
;Actividades relacionadas con segundos hogares y multipropiedades;*;*;*;*;*;*;*;*;*;*;9.380;7.206;5.178;10.593;2.993;3.576;7.299;3.685;3.366;;;;;;;;;;;;-23,20%;-28,10%;104,60%;-71,70%;19,50%;104,10%;-49,50%;-8,70%
7301;Curicó;869.518;982.674;915.396;1.207.034;1.147.786;1.261.292;1.347.217;1.544.358;1.862.277;1.820.828;3.763.973;4.244.087;4.371.477;3.861.381;3.465.234;2.488.342;3.318.558;3.623.541;3.416.857;;13,00%;-6,80%;31,90%;-4,90%;9,90%;6,80%;14,60%;20,60%;-2,20%;106,70%;12,80%;3,00%;-11,70%;-10,30%;-28,20%;33,40%;9,20%;-5,70%
;Alojamiento turístico;72.474;90.976;94.705;108.642;108.169;115.480;111.776;84.791;130.795;91.110;53.285;46.342;76.691;136.834;195.032;131.899;190.765;191.571;177.308;;25,50%;4,10%;14,70%;-0,40%;6,80%;-3,20%;-24,10%;54,30%;-30,30%;-41,50%;-13,00%;65,50%;78,40%;42,50%;-32,40%;44,60%;0,40%;-7,40%
;Actividades de provisión de alimentos y bebidas;215.873;307.013;273.406;283.599;323.713;292.643;365.781;448.011;519.545;507.286;831.723;680.143;801.116;968.599;1.103.364;700.282;1.159.486;1.265.155;1.382.729;;42,20%;-10,90%;3,70%;14,10%;-9,60%;25,00%;22,50%;16,00%;-2,40%;64,00%;-18,20%;17,80%;20,90%;13,90%;-36,50%;65,60%;9,10%;9,30%
;Transporte de pasajeros por ferrocarril;0;0;0;*;0;0;0;0;0;0;0;0;0;0;0;0;0;0;0;;;;;;;;;;;;;;;;;;;
;Transporte de pasajeros por carretera;56.559;48.973;96.646;71.817;70.490;78.409;90.129;142.094;221.510;249.256;358.236;300.826;374.461;376.679;349.291;242.295;311.477;306.951;297.770;;-13,40%;97,30%;-25,70%;-1,80%;11,20%;14,90%;57,70%;55,90%;12,50%;43,70%;-16,00%;24,50%;0,60%;-7,30%;-30,60%;28,60%;-1,50%;-3,00%
;Transporte de pasajeros por agua;0;0;0;0;0;0;0;0;0;0;0;0;0;0;0;0;0;0;0;;;;;;;;;;;;;;;;;;;
;Transporte aéreo de pasajeros;*;*;*;*;0;0;0;0;0;0;0;0;0;0;0;0;0;0;0;;;;;;;;;;;;;;;;;;;
;Alquiler de equipos de transporte;33.681;69.272;5.735;8.968;10.389;76.660;114.076;131.721;135.310;136.076;328.371;485.491;581.988;120.122;99.815;54.755;117.316;88.451;78.175;;105,70%;-91,70%;56,40%;15,80%;637,90%;48,80%;15,50%;2,70%;0,60%;141,30%;47,80%;19,90%;-79,40%;-16,90%;-45,10%;114,30%;-24,60%;-11,60%
;Actividades de agencias de viajes y de otros servicios de reservas;*;*;*;*;*;*;*;*;*;*;*;*;*;*;*;*;*;0;0;;;;;;;;;;;;;;;;;;;
;Actividades culturales;*;*;*;*;0;*;*;*;*;*;0;0;19.056;22.804;47.226;0;0;35.088;36.634;;;;;;;;;;;;;;19,70%;107,10%;-100,00%;;;4,40%
;Actividades deportivas y recreativas;1.858;0;0;0;0;0;0;0;0;0;92.398;136.520;131.154;93.136;154.992;75.165;46.106;49.352;34.955;;-100,00%;;;;;;;;;;47,80%;-3,90%;-29,00%;66,40%;-51,50%;-38,70%;7,00%;-29,20%
;Comercio al por menor de bienes característicos del turismo;3.452;5.439;3.440;3.655;3.331;2.528;2.675;2.915;5.719;3.860;6.479;8.221;9.486;5.621;7.179;3.512;6.936;5.597;5.018;;57,60%;-36,80%;6,30%;-8,90%;-24,10%;5,80%;9,00%;96,20%;-32,50%;67,80%;26,90%;15,40%;-40,70%;27,70%;-51,10%;97,50%;-19,30%;-10,30%
;Actividades relacionadas con segundos hogares y multipropiedades;485.622;461.001;441.463;730.353;631.695;695.572;662.780;734.827;849.399;833.240;2.093.480;2.586.544;2.377.526;2.137.585;1.508.335;1.280.435;1.486.472;1.681.376;1.404.269;;-5,10%;-4,20%;65,40%;-13,50%;10,10%;-4,70%;10,90%;15,60%;-1,90%;151,20%;23,60%;-8,10%;-10,10%;-29,40%;-15,10%;16,10%;13,10%;-16,50%
7302;Hualañé;5.657;6.271;4.686;11.673;7.993;5.353;6.455;6.703;9.085;9.282;13.698;26.187;34.178;37.554;38.308;20.435;88.709;56.467;42.390;;10,90%;-25,30%;149,10%;-31,50%;-33,00%;20,60%;3,80%;35,50%;2,20%;47,60%;91,20%;30,50%;9,90%;2,00%;-46,70%;334,10%;-36,30%;-24,90%
;Alojamiento turístico;0;*;*;*;*;*;*;*;*;*;*;*;*;*;*;*;*;*;*;;;;;;;;;;;;;;;;;;;
;Actividades de provisión de alimentos y bebidas;5.657;6.271;4.686;9.482;6.208;5.353;6.455;6.703;9.085;9.282;13.698;12.991;14.683;22.720;26.963;12.676;18.368;22.819;34.775;;10,90%;-25,30%;102,30%;-34,50%;-13,80%;20,60%;3,80%;35,50%;2,20%;47,60%;-5,20%;13,00%;54,70%;18,70%;-53,00%;44,90%;24,20%;52,40%
;Transporte de pasajeros por ferrocarril;0;0;0;0;0;0;0;0;0;0;0;0;0;0;0;0;0;0;0;;;;;;;;;;;;;;;;;;;
;Transporte de pasajeros por carretera;0;*;*;2.191;1.785;0;0;0;0;0;0;13.196;19.495;14.833;11.345;7.759;9.355;9.608;7.616;;;;;-18,50%;-100,00%;;;;;;;47,70%;-23,90%;-23,50%;-31,60%;20,60%;2,70%;-20,70%
;Transporte de pasajeros por agua;0;0;0;0;0;0;0;0;0;0;0;0;0;0;0;0;0;0;0;;;;;;;;;;;;;;;;;;;
;Transporte aéreo de pasajeros;0;0;0;0;0;0;0;0;0;0;0;0;0;0;0;0;0;0;0;;;;;;;;;;;;;;;;;;;
;Alquiler de equipos de transporte;0;0;0;0;0;0;0;0;0;0;*;*;*;*;*;*;*;*;*;;;;;;;;;;;;;;;;;;;
;Actividades de agencias de viajes y de otros servicios de reservas;0;0;0;0;0;0;0;0;0;0;0;0;0;0;0;*;*;0;0;;;;;;;;;;;;;;;;;;;
;Actividades culturales;0;0;0;0;0;0;0;*;*;0;0;0;0;*;*;0;*;*;0;;;;;;;;;;;;;;;;;;;
;Actividades deportivas y recreativas;*;*;*;*;*;*;*;*;*;*;*;0;0;*;*;*;*;*;*;;;;;;;;;;;;;;;;;;;
;Comercio al por menor de bienes característicos del turismo;*;*;*;*;*;*;0;0;0;0;0;*;*;*;*;*;*;0;*;;;;;;;;;;;;;;;;;;;
;Actividades relacionadas con segundos hogares y multipropiedades;*;*;*;*;*;*;*;*;*;*;*;*;*;*;*;0;60.986;24.041;0;;;;;;;;;;;;;;;;;;-60,60%;-100,00%
7303;Licantén;14.002;22.920;23.675;21.193;37.951;46.427;51.908;53.594;42.025;47.792;73.345;120.274;107.319;125.759;95.325;97.837;108.292;172.739;103.039;;63,70%;3,30%;-10,50%;79,10%;22,30%;11,80%;3,20%;-21,60%;13,70%;53,50%;64,00%;-10,80%;17,20%;-24,20%;2,60%;10,70%;59,50%;-40,40%
;Alojamiento turístico;3.759;4.478;14.085;12.760;30.346;37.574;39.024;37.156;28.951;29.705;36.430;45.589;43.313;38.511;36.789;31.968;30.177;82.700;22.631;;19,10%;214,50%;-9,40%;137,80%;23,80%;3,90%;-4,80%;-22,10%;2,60%;22,60%;25,10%;-5,00%;-11,10%;-4,50%;-13,10%;-5,60%;174,00%;-72,60%
;Actividades de provisión de alimentos y bebidas;10.242;18.443;9.590;8.433;7.605;8.853;12.884;16.438;13.074;18.086;36.915;65.126;64.006;87.248;58.537;65.869;78.115;90.039;80.408;;80,10%;-48,00%;-12,10%;-9,80%;16,40%;45,50%;27,60%;-20,50%;38,30%;104,10%;76,40%;-1,70%;36,30%;-32,90%;12,50%;18,60%;15,30%;-10,70%
;Transporte de pasajeros por ferrocarril;0;0;0;0;0;0;0;0;0;0;0;0;0;0;0;0;0;0;0;;;;;;;;;;;;;;;;;;;
;Transporte de pasajeros por carretera;*;*;*;*;*;*;*;*;0;0;0;9.559;0;0;0;0;0;0;0;;;;;;;;;;;;;-100,00%;;;;;;
;Transporte de pasajeros por agua;0;0;0;0;0;0;0;0;0;0;0;0;0;0;0;0;0;0;0;;;;;;;;;;;;;;;;;;;
;Transporte aéreo de pasajeros;0;0;0;0;0;0;0;0;0;0;0;0;0;0;0;0;0;0;0;;;;;;;;;;;;;;;;;;;
;Alquiler de equipos de transporte;*;*;0;0;0;0;0;0;0;0;*;*;*;*;*;*;*;0;0;;;;;;;;;;;;;;;;;;;
;Actividades de agencias de viajes y de otros servicios de reservas;0;0;0;0;0;0;0;*;*;*;*;*;*;0;*;*;*;*;*;;;;;;;;;;;;;;;;;;;
;Actividades culturales;0;0;0;0;0;*;*;*;*;*;*;*;*;*;*;*;*;*;*;;;;;;;;;;;;;;;;;;;
;Actividades deportivas y recreativas;*;*;*;*;*;*;*;*;*;*;*;*;*;*;*;*;*;*;*;;;;;;;;;;;;;;;;;;;
;Comercio al por menor de bienes característicos del turismo;0;0;*;*;0;0;*;*;0;*;*;*;*;*;*;*;*;*;*;;;;;;;;;;;;;;;;;;;
;Actividades relacionadas con segundos hogares y multipropiedades;*;*;*;*;*;*;*;*;*;*;*;*;0;0;0;0;0;0;0;;;;;;;;;;;;;;;;;;;
7304;Molina;59.090;47.175;74.866;96.229;75.243;79.466;86.316;89.617;82.012;123.918;286.931;304.295;355.600;325.483;249.468;187.747;272.593;256.754;262.395;;-20,20%;58,70%;28,50%;-21,80%;5,60%;8,60%;3,80%;-8,50%;51,10%;131,50%;6,10%;16,90%;-8,50%;-23,40%;-24,70%;45,20%;-5,80%;2,20%
;Alojamiento turístico;*;*;0;0;0;0;0;0;0;0;11.055;26.138;21.708;7.625;6.089;5.910;0;0;2.604;;;;;;;;;;;;136,40%;-16,90%;-64,90%;-20,10%;-2,90%;-100,00%;;
;Actividades de provisión de alimentos y bebidas;20.343;24.943;26.488;30.333;27.387;32.064;30.978;28.225;34.572;39.901;53.753;92.286;118.225;93.826;103.525;73.800;116.637;121.466;121.453;;22,60%;6,20%;14,50%;-9,70%;17,10%;-3,40%;-8,90%;22,50%;15,40%;34,70%;71,70%;28,10%;-20,60%;10,30%;-28,70%;58,00%;4,10%;0,00%
;Transporte de pasajeros por ferrocarril;0;0;0;0;0;0;0;0;0;0;0;0;0;0;0;0;0;0;0;;;;;;;;;;;;;;;;;;;
;Transporte de pasajeros por carretera;7.359;22.232;48.378;65.897;47.857;47.402;55.338;41.276;47.441;59.627;123.620;107.201;136.098;122.349;110.692;81.827;83.773;95.776;78.641;;202,10%;117,60%;36,20%;-27,40%;-1,00%;16,70%;-25,40%;14,90%;25,70%;107,30%;-13,30%;27,00%;-10,10%;-9,50%;-26,10%;2,40%;14,30%;-17,90%
;Transporte de pasajeros por agua;0;0;0;0;0;0;0;0;0;0;0;0;0;0;0;0;0;0;0;;;;;;;;;;;;;;;;;;;
;Transporte aéreo de pasajeros;0;0;0;0;0;0;0;0;0;*;0;*;*;0;0;0;0;0;0;;;;;;;;;;;;;;;;;;;
;Alquiler de equipos de transporte;*;*;*;*;*;*;*;*;*;*;*;*;*;51.047;*;*;4.131;3.362;14.069;;;;;;;;;;;;;;;;;;-18,60%;318,50%
;Actividades de agencias de viajes y de otros servicios de reservas;0;0;0;*;0;0;0;0;0;*;*;*;*;*;*;*;*;*;*;;;;;;;;;;;;;;;;;;;
;Actividades culturales;*;0;0;0;0;0;*;0;*;*;0;*;*;*;*;*;*;*;0;;;;;;;;;;;;;;;;;;;
;Actividades deportivas y recreativas;0;*;*;*;*;*;*;*;*;*;37.291;41.812;41.735;32.783;14.063;0;0;0;0;;;;;;;;;;;;12,10%;-0,20%;-21,40%;-57,10%;-100,00%;;;
;Comercio al por menor de bienes característicos del turismo;*;*;*;*;*;*;*;*;*;*;*;*;*;*;*;*;*;*;*;;;;;;;;;;;;;;;;;;;
;Actividades relacionadas con segundos hogares y multipropiedades;31.388;*;*;*;*;0;*;20.117;0;24.390;61.212;36.859;37.835;17.855;15.099;26.210;68.052;36.149;45.628;;;;;;;;;-100,00%;;151,00%;-39,80%;2,60%;-52,80%;-15,40%;73,60%;159,60%;-46,90%;26,20%
7305;Rauco;0;1.761;1.747;1.688;3.238;4.830;4.842;5.541;6.446;13.308;17.210;21.122;40.667;34.523;27.428;41.544;52.021;38.805;34.072;;;-0,80%;-3,40%;91,80%;49,20%;0,30%;14,40%;16,30%;106,40%;29,30%;22,70%;92,50%;-15,10%;-20,60%;51,50%;25,20%;-25,40%;-12,20%
;Alojamiento turístico;*;*;*;*;*;*;*;*;*;*;*;*;*;*;*;*;*;*;*;;;;;;;;;;;;;;;;;;;
;Actividades de provisión de alimentos y bebidas;0;1.761;1.747;1.688;3.238;4.830;4.842;5.541;6.446;9.922;12.325;6.743;7.385;16.202;6.910;14.298;23.036;29.618;30.880;;;-0,80%;-3,40%;91,80%;49,20%;0,30%;14,40%;16,30%;53,90%;24,20%;-45,30%;9,50%;119,40%;-57,40%;106,90%;61,10%;28,60%;4,30%
;Transporte de pasajeros por ferrocarril;0;0;0;0;0;0;0;0;0;0;0;0;0;0;0;0;0;0;0;;;;;;;;;;;;;;;;;;;
;Transporte de pasajeros por carretera;*;*;*;*;0;0;0;0;0;3.386;4.885;14.379;33.283;18.321;20.518;27.246;28.985;9.187;3.192;;;;;;;;;;;44,30%;194,30%;131,50%;-45,00%;12,00%;32,80%;6,40%;-68,30%;-65,30%
;Transporte de pasajeros por agua;0;0;0;0;0;0;0;0;0;0;0;0;0;0;0;0;0;0;0;;;;;;;;;;;;;;;;;;;
;Transporte aéreo de pasajeros;0;0;0;0;0;0;0;0;0;0;0;0;0;0;0;0;0;0;0;;;;;;;;;;;;;;;;;;;
;Alquiler de equipos de transporte;*;*;*;*;*;0;0;0;0;0;*;*;*;*;*;*;*;*;*;;;;;;;;;;;;;;;;;;;
;Actividades de agencias de viajes y de otros servicios de reservas;0;0;0;0;0;0;0;0;0;0;0;0;0;0;0;0;0;0;0;;;;;;;;;;;;;;;;;;;
;Actividades culturales;0;0;0;0;0;0;0;*;0;0;*;*;*;*;*;*;*;*;*;;;;;;;;;;;;;;;;;;;
;Actividades deportivas y recreativas;*;*;*;*;*;*;*;*;*;*;*;*;*;*;*;*;*;*;*;;;;;;;;;;;;;;;;;;;
;Comercio al por menor de bienes característicos del turismo;0;*;*;*;*;*;*;*;*;*;*;*;*;*;*;*;*;0;0;;;;;;;;;;;;;;;;;;;
;Actividades relacionadas con segundos hogares y multipropiedades;*;*;*;*;*;*;*;*;*;*;*;*;0;0;0;0;0;0;0;;;;;;;;;;;;;;;;;;;
7306;Romeral;7.244;6.321;4.518;14.411;11.105;7.847;6.978;6.828;9.154;18.516;73.739;119.649;172.584;87.008;61.220;161.315;483.716;562.006;854.870;;-12,70%;-28,50%;219,00%;-22,90%;-29,30%;-11,10%;-2,10%;34,10%;102,30%;298,30%;62,30%;44,20%;-49,60%;-29,60%;163,50%;199,90%;16,20%;52,10%
;Alojamiento turístico;*;*;*;*;*;*;*;*;*;0;*;*;*;0;0;0;0;0;0;;;;;;;;;;;;;;;;;;;
;Actividades de provisión de alimentos y bebidas;7.244;6.321;4.518;14.411;11.105;7.847;6.978;6.828;9.154;7.420;61.945;68.604;97.105;24.289;28.141;17.202;26.133;38.271;54.725;;-12,70%;-28,50%;219,00%;-22,90%;-29,30%;-11,10%;-2,10%;34,10%;-18,90%;734,80%;10,70%;41,50%;-75,00%;15,90%;-38,90%;51,90%;46,40%;43,00%
;Transporte de pasajeros por ferrocarril;0;0;0;0;0;0;0;0;0;0;0;0;0;0;0;0;0;0;0;;;;;;;;;;;;;;;;;;;
;Transporte de pasajeros por carretera;*;0;0;0;0;0;0;0;0;0;2.382;6.033;3.361;8.435;5.465;22.203;27.077;26.618;26.485;;;;;;;;;;;;153,30%;-44,30%;151,00%;-35,20%;306,30%;21,90%;-1,70%;-0,50%
;Transporte de pasajeros por agua;0;0;0;0;0;0;0;0;0;0;0;0;0;0;0;0;0;0;0;;;;;;;;;;;;;;;;;;;
;Transporte aéreo de pasajeros;0;0;*;0;0;0;0;0;0;0;0;0;0;0;0;0;0;0;0;;;;;;;;;;;;;;;;;;;
;Alquiler de equipos de transporte;0;*;*;0;0;0;*;*;*;*;*;*;*;*;*;*;*;*;*;;;;;;;;;;;;;;;;;;;
;Actividades de agencias de viajes y de otros servicios de reservas;0;0;0;0;0;0;0;0;0;0;0;0;*;*;*;*;*;*;0;;;;;;;;;;;;;;;;;;;
;Actividades culturales;0;0;0;0;*;0;0;*;*;*;*;*;0;*;*;*;*;*;*;;;;;;;;;;;;;;;;;;;
;Actividades deportivas y recreativas;*;*;*;*;0;0;*;*;*;*;*;0;0;0;0;*;*;*;0;;;;;;;;;;;;;;;;;;;
;Comercio al por menor de bienes característicos del turismo;0;0;*;*;*;*;*;*;*;*;*;*;*;*;*;*;*;*;*;;;;;;;;;;;;;;;;;;;
;Actividades relacionadas con segundos hogares y multipropiedades;*;*;*;*;*;*;*;0;0;11.095;9.412;45.012;72.118;54.284;27.614;121.909;430.506;497.117;773.659;;;;;;;;;;;-15,20%;378,20%;60,20%;-24,70%;-49,10%;341,50%;253,10%;15,50%;55,60%
7307;Sagrada Familia;3.129;2.675;4.132;3.438;5.017;5.663;10.480;14.918;12.965;20.192;37.101;65.321;72.504;54.851;42.693;74.665;147.239;325.122;170.599;;-14,50%;54,50%;-16,80%;45,90%;12,90%;85,00%;42,30%;-13,10%;55,70%;83,70%;76,10%;11,00%;-24,30%;-22,20%;74,90%;97,20%;120,80%;-47,50%
;Alojamiento turístico;0;0;0;0;0;0;*;*;*;*;*;*;*;*;*;*;*;*;*;;;;;;;;;;;;;;;;;;;
;Actividades de provisión de alimentos y bebidas;3.129;2.675;4.132;3.438;5.017;5.663;6.455;7.062;5.652;5.840;9.403;9.179;14.931;11.988;14.254;8.740;14.761;22.089;23.545;;-14,50%;54,50%;-16,80%;45,90%;12,90%;14,00%;9,40%;-20,00%;3,30%;61,00%;-2,40%;62,70%;-19,70%;18,90%;-38,70%;68,90%;49,60%;6,60%
;Transporte de pasajeros por ferrocarril;0;0;0;0;0;0;0;0;0;0;0;0;0;0;0;0;0;0;0;;;;;;;;;;;;;;;;;;;
;Transporte de pasajeros por carretera;*;*;0;0;0;0;4.025;7.856;7.313;14.352;27.699;46.413;46.610;42.863;28.439;38.347;25.187;39.771;30.400;;;;;;;;95,20%;-6,90%;96,20%;93,00%;67,60%;0,40%;-8,00%;-33,70%;34,80%;-34,30%;57,90%;-23,60%
;Transporte de pasajeros por agua;0;0;0;0;0;0;0;0;0;0;0;0;0;0;0;0;0;0;0;;;;;;;;;;;;;;;;;;;
;Transporte aéreo de pasajeros;0;0;0;0;0;0;0;0;0;0;0;0;0;0;0;0;0;0;0;;;;;;;;;;;;;;;;;;;
;Alquiler de equipos de transporte;*;*;*;*;*;*;*;*;*;*;*;*;*;*;*;*;*;8.344;*;;;;;;;;;;;;;;;;;;;
;Actividades de agencias de viajes y de otros servicios de reservas;0;0;0;0;0;0;0;0;0;0;0;0;0;0;0;0;*;*;*;;;;;;;;;;;;;;;;;;;
;Actividades culturales;0;0;0;0;0;0;0;0;0;0;*;*;*;*;*;*;*;*;*;;;;;;;;;;;;;;;;;;;
;Actividades deportivas y recreativas;*;*;*;*;*;*;*;0;0;0;0;9.729;10.963;*;*;*;*;*;0;;;;;;;;;;;;;12,70%;;;;;;
;Comercio al por menor de bienes característicos del turismo;*;0;*;0;0;0;0;0;0;0;*;0;0;0;0;0;*;*;*;;;;;;;;;;;;;;;;;;;
;Actividades relacionadas con segundos hogares y multipropiedades;*;*;*;*;*;0;*;*;*;*;*;*;*;0;0;27.578;107.291;254.917;116.654;;;;;;;;;;;;;;;;;289,00%;137,60%;-54,20%
7308;Teno;7.839;11.190;13.166;16.494;10.896;13.934;53.696;30.492;227.968;319.304;144.210;211.862;172.437;289.321;182.226;154.952;201.796;224.744;204.023;;42,80%;17,70%;25,30%;-33,90%;27,90%;285,40%;-43,20%;647,60%;40,10%;-54,80%;46,90%;-18,60%;67,80%;-37,00%;-15,00%;30,20%;11,40%;-9,20%
;Alojamiento turístico;*;*;*;*;*;*;*;*;*;0;0;0;0;0;0;0;0;0;0;;;;;;;;;;;;;;;;;;;
;Actividades de provisión de alimentos y bebidas;6.609;10.059;8.549;13.365;7.993;9.005;38.247;16.901;10.691;26.874;76.831;116.808;81.181;171.981;82.842;46.369;72.304;92.575;91.263;;52,20%;-15,00%;56,30%;-40,20%;12,70%;324,70%;-55,80%;-36,70%;151,40%;185,90%;52,00%;-30,50%;111,80%;-51,80%;-44,00%;55,90%;28,00%;-1,40%
;Transporte de pasajeros por ferrocarril;0;0;0;0;0;0;0;0;0;0;0;0;0;0;0;0;*;*;*;;;;;;;;;;;;;;;;;;;
;Transporte de pasajeros por carretera;1.230;1.131;4.618;3.129;2.903;4.929;15.450;13.591;217.277;292.430;25.818;51.386;47.788;66.189;68.328;64.108;84.401;91.235;83.660;;-8,00%;308,30%;-32,20%;-7,20%;69,80%;213,50%;-12,00%;1498,70%;34,60%;-91,20%;99,00%;-7,00%;38,50%;3,20%;-6,20%;31,70%;8,10%;-8,30%
;Transporte de pasajeros por agua;0;0;0;0;0;0;0;0;0;0;0;0;0;0;0;0;0;0;0;;;;;;;;;;;;;;;;;;;
;Transporte aéreo de pasajeros;0;0;0;0;0;0;0;0;0;0;0;0;0;0;0;0;0;0;0;;;;;;;;;;;;;;;;;;;
;Alquiler de equipos de transporte;*;*;0;*;*;*;*;*;*;*;*;*;*;*;*;*;*;*;*;;;;;;;;;;;;;;;;;;;
;Actividades de agencias de viajes y de otros servicios de reservas;0;0;0;0;0;0;0;0;*;*;*;*;*;*;*;0;*;0;0;;;;;;;;;;;;;;;;;;;
;Actividades culturales;0;0;0;0;0;0;0;0;*;*;*;*;*;*;*;*;*;*;*;;;;;;;;;;;;;;;;;;;
;Actividades deportivas y recreativas;*;*;*;*;*;*;*;*;*;*;*;0;0;0;0;0;0;0;0;;;;;;;;;;;;;;;;;;;
;Comercio al por menor de bienes característicos del turismo;*;*;*;*;*;*;*;*;*;*;*;*;*;*;*;*;*;*;*;;;;;;;;;;;;;;;;;;;
;Actividades relacionadas con segundos hogares y multipropiedades;*;*;*;*;*;*;*;0;*;*;41.562;43.668;43.467;51.151;31.057;44.475;45.092;40.934;29.100;;;;;;;;;;;;5,10%;-0,50%;17,70%;-39,30%;43,20%;1,40%;-9,20%;-28,90%
7309;Vichuquén;3.522;2.559;2.335;3.471;5.933;3.899;36.081;4.546;4.949;50.045;56.501;111.556;55.343;239.729;112.584;160.187;430.112;352.936;328.453;;-27,30%;-8,80%;48,70%;70,90%;-34,30%;825,40%;-87,40%;8,90%;911,30%;12,90%;97,40%;-50,40%;333,20%;-53,00%;42,30%;168,50%;-17,90%;-6,90%
;Alojamiento turístico;*;*;*;*;*;0;0;0;0;0;15.431;15.015;14.128;0;16.497;13.321;14.920;0;0;;;;;;;;;;;;-2,70%;-5,90%;-100,00%;;-19,30%;12,00%;-100,00%;
;Actividades de provisión de alimentos y bebidas;3.522;2.559;2.335;3.471;5.933;3.899;4.298;4.546;4.949;6.202;2.458;4.157;9.287;12.549;15.327;9.236;36.023;26.282;48.291;;-27,30%;-8,80%;48,70%;70,90%;-34,30%;10,20%;5,80%;8,90%;25,30%;-60,40%;69,10%;123,40%;35,10%;22,10%;-39,70%;290,00%;-27,00%;83,70%
;Transporte de pasajeros por ferrocarril;0;0;0;0;0;0;0;0;0;0;0;0;0;0;0;0;0;0;0;;;;;;;;;;;;;;;;;;;
;Transporte de pasajeros por carretera;*;*;*;*;*;*;*;*;*;*;*;*;*;*;*;*;*;*;*;;;;;;;;;;;;;;;;;;;
;Transporte de pasajeros por agua;0;0;0;0;0;0;0;0;0;0;0;*;*;*;0;0;0;0;0;;;;;;;;;;;;;;;;;;;
;Transporte aéreo de pasajeros;0;0;0;0;0;0;0;0;0;0;0;0;0;0;0;0;0;*;0;;;;;;;;;;;;;;;;;;;
;Alquiler de equipos de transporte;0;0;0;0;0;0;0;0;0;0;0;*;*;0;0;0;0;0;0;;;;;;;;;;;;;;;;;;;
;Actividades de agencias de viajes y de otros servicios de reservas;0;0;0;0;0;0;0;0;0;0;0;*;*;*;*;*;*;0;0;;;;;;;;;;;;;;;;;;;
;Actividades culturales;0;0;0;0;0;0;0;0;0;0;0;0;0;0;0;0;0;0;*;;;;;;;;;;;;;;;;;;;
;Actividades deportivas y recreativas;0;0;0;0;0;0;*;0;*;*;0;*;*;*;*;*;*;*;*;;;;;;;;;;;;;;;;;;;
;Comercio al por menor de bienes característicos del turismo;*;*;*;*;*;*;*;*;*;*;*;*;*;*;*;*;*;*;*;;;;;;;;;;;;;;;;;;;
;Actividades relacionadas con segundos hogares y multipropiedades;*;*;*;*;*;*;31.783;*;0;43.843;38.611;92.384;31.929;227.179;80.759;137.630;379.169;326.653;280.162;;;;;;;;;;;-11,90%;139,30%;-65,40%;611,50%;-64,50%;70,40%;175,50%;-13,90%;-14,20%
7401;Linares;274.215;931.552;418.046;481.126;571.819;452.769;791.054;1.144.992;1.255.534;984.968;1.296.291;1.125.210;1.298.923;1.644.458;1.163.536;726.530;1.282.353;2.211.513;2.025.095;;239,70%;-55,10%;15,10%;18,90%;-20,80%;74,70%;44,70%;9,70%;-21,50%;31,60%;-13,20%;15,40%;26,60%;-29,20%;-37,60%;76,50%;72,50%;-8,40%
;Alojamiento turístico;13.085;17.512;21.962;21.603;25.224;28.960;38.346;37.350;52.439;21.716;49.456;43.137;46.631;55.023;95.730;70.679;117.332;109.179;97.401;;33,80%;25,40%;-1,60%;16,80%;14,80%;32,40%;-2,60%;40,40%;-58,60%;127,70%;-12,80%;8,10%;18,00%;74,00%;-26,20%;66,00%;-6,90%;-10,80%
;Actividades de provisión de alimentos y bebidas;121.826;154.599;161.560;194.838;232.197;163.321;185.381;225.139;260.314;170.606;243.910;294.503;331.249;366.644;374.200;240.082;433.817;502.540;499.336;;26,90%;4,50%;20,60%;19,20%;-29,70%;13,50%;21,40%;15,60%;-34,50%;43,00%;20,70%;12,50%;10,70%;2,10%;-35,80%;80,70%;15,80%;-0,60%
;Transporte de pasajeros por ferrocarril;0;0;0;0;0;0;0;0;0;0;*;*;*;*;*;0;0;0;0;;;;;;;;;;;;;;;;;;;
;Transporte de pasajeros por carretera;22.550;21.368;19.877;21.450;23.640;25.368;20.611;20.527;34.297;335.174;356.955;360.476;396.190;384.069;345.020;50.299;178.050;301.397;347.054;;-5,20%;-7,00%;7,90%;10,20%;7,30%;-18,80%;-0,40%;67,10%;877,30%;6,50%;1,00%;9,90%;-3,10%;-10,20%;-85,40%;254,00%;69,30%;15,10%
;Transporte de pasajeros por agua;0;0;0;0;0;0;0;0;0;0;0;0;0;*;*;0;0;0;0;;;;;;;;;;;;;;;;;;;
;Transporte aéreo de pasajeros;0;*;*;*;*;*;*;*;*;0;0;0;0;0;0;0;0;0;0;;;;;;;;;;;;;;;;;;;
;Alquiler de equipos de transporte;16.265;17.685;19.422;15.413;15.246;10.850;6.136;5.995;9.476;8.871;44.661;60.575;104.067;15.197;12.927;11.188;15.577;8.453;8.693;;8,70%;9,80%;-20,60%;-1,10%;-28,80%;-43,40%;-2,30%;58,10%;-6,40%;403,40%;35,60%;71,80%;-85,40%;-14,90%;-13,40%;39,20%;-45,70%;2,80%
;Actividades de agencias de viajes y de otros servicios de reservas;*;*;*;*;*;*;*;*;*;*;*;*;*;*;*;*;*;*;*;;;;;;;;;;;;;;;;;;;
;Actividades culturales;*;*;*;*;*;*;*;*;*;*;*;*;0;8.241;8.962;0;0;3.369;2.500;;;;;;;;;;;;;;;8,80%;-100,00%;;;-25,80%
;Actividades deportivas y recreativas;*;0;0;3.728;6.343;6.416;4.615;0;0;0;19.723;14.380;18.708;25.174;53.928;17.203;40.401;25.235;66.740;;;;;70,20%;1,10%;-28,10%;-100,00%;;;;-27,10%;30,10%;34,60%;114,20%;-68,10%;134,80%;-37,50%;164,50%
;Comercio al por menor de bienes característicos del turismo;3.107;2.488;791;1.089;2.002;1.551;1.903;1.831;1.776;2.202;2.685;2.290;3.081;3.202;3.662;2.683;5.061;2.285;6.866;;-19,90%;-68,20%;37,60%;83,90%;-22,60%;22,70%;-3,70%;-3,00%;24,00%;21,90%;-14,70%;34,50%;3,90%;14,40%;-26,70%;88,70%;-54,90%;200,60%
;Actividades relacionadas con segundos hogares y multipropiedades;97.381;717.900;194.434;223.006;267.167;216.304;534.062;854.150;897.232;446.398;578.902;349.849;398.996;786.909;269.108;334.396;492.115;1.259.055;996.505;;637,20%;-72,90%;14,70%;19,80%;-19,00%;146,90%;59,90%;5,00%;-50,20%;29,70%;-39,60%;14,00%;97,20%;-65,80%;24,30%;47,20%;155,80%;-20,90%
7402;Colbún;8.857;9.981;3.071;3.839;4.979;7.168;8.097;10.917;12.111;13.304;116.571;123.290;60.165;56.127;61.913;29.311;35.113;72.516;65.392;;12,70%;-69,20%;25,00%;29,70%;44,00%;13,00%;34,80%;10,90%;9,80%;776,20%;5,80%;-51,20%;-6,70%;10,30%;-52,70%;19,80%;106,50%;-9,80%
;Alojamiento turístico;*;*;0;0;0;0;0;0;0;0;3.441;19.113;9.933;8.279;6.595;2.368;3.061;8.537;3.784;;;;;;;;;;;;455,50%;-48,00%;-16,70%;-20,30%;-64,10%;29,30%;178,90%;-55,70%
;Actividades de provisión de alimentos y bebidas;8.857;9.981;3.071;3.839;4.979;3.915;4.184;5.768;6.030;6.018;81.276;85.367;25.959;17.582;29.465;14.359;18.565;31.154;43.806;;12,70%;-69,20%;25,00%;29,70%;-21,40%;6,90%;37,80%;4,50%;-0,20%;1250,60%;5,00%;-69,60%;-32,30%;67,60%;-51,30%;29,30%;67,80%;40,60%
;Transporte de pasajeros por ferrocarril;0;0;0;0;0;0;0;0;0;0;0;0;0;0;0;0;0;0;0;;;;;;;;;;;;;;;;;;;
;Transporte de pasajeros por carretera;*;0;0;0;0;1.129;1.940;2.154;3.857;5.576;28.193;14.133;18.780;25.505;21.507;10.270;12.615;23.205;15.412;;;;;;;71,80%;11,00%;79,10%;44,60%;405,60%;-49,90%;32,90%;35,80%;-15,70%;-52,20%;22,80%;83,90%;-33,60%
;Transporte de pasajeros por agua;0;0;0;0;0;0;0;0;0;0;0;*;*;0;0;0;0;0;0;;;;;;;;;;;;;;;;;;;
;Transporte aéreo de pasajeros;0;0;0;0;0;0;0;0;0;0;0;0;0;0;0;0;0;0;0;;;;;;;;;;;;;;;;;;;
;Alquiler de equipos de transporte;0;0;0;*;*;*;*;*;*;*;*;*;*;*;*;*;*;7.440;*;;;;;;;;;;;;;;;;;;;
;Actividades de agencias de viajes y de otros servicios de reservas;0;0;0;0;0;0;*;*;*;*;*;*;*;*;*;*;*;*;*;;;;;;;;;;;;;;;;;;;
;Actividades culturales;0;*;0;0;*;*;*;*;0;0;0;0;*;*;*;*;*;*;*;;;;;;;;;;;;;;;;;;;
;Actividades deportivas y recreativas;*;*;*;*;*;*;*;*;*;*;*;*;*;0;*;*;*;*;*;;;;;;;;;;;;;;;;;;;
;Comercio al por menor de bienes característicos del turismo;*;*;*;*;*;2.124;1.972;2.995;2.225;1.710;3.661;4.677;5.493;4.762;4.347;2.314;872;2.180;2.389;;;;;;;-7,20%;51,90%;-25,70%;-23,10%;114,10%;27,80%;17,40%;-13,30%;-8,70%;-46,80%;-62,30%;150,00%;9,60%
;Actividades relacionadas con segundos hogares y multipropiedades;*;*;*;*;*;*;*;*;*;*;0;0;0;0;0;0;0;0;0;;;;;;;;;;;;;;;;;;;
7403;Longaví;7.719;3.248;3.207;5.124;6.232;7.211;8.344;7.774;14.719;18.301;51.728;77.841;70.501;93.874;125.441;146.981;145.079;215.543;184.839;;-57,90%;-1,20%;59,80%;21,60%;15,70%;15,70%;-6,80%;89,30%;24,30%;182,60%;50,50%;-9,40%;33,20%;33,60%;17,20%;-1,30%;48,60%;-14,20%
;Alojamiento turístico;*;*;*;*;*;*;*;*;0;0;0;0;0;0;0;0;0;0;0;;;;;;;;;;;;;;;;;;;
;Actividades de provisión de alimentos y bebidas;7.168;2.771;2.434;4.242;5.925;6.834;7.030;6.282;7.463;7.014;23.557;46.864;35.060;34.140;50.047;27.622;51.797;55.724;58.863;;-61,30%;-12,20%;74,30%;39,70%;15,40%;2,90%;-10,60%;18,80%;-6,00%;235,90%;98,90%;-25,20%;-2,60%;46,60%;-44,80%;87,50%;7,60%;5,60%
;Transporte de pasajeros por ferrocarril;0;0;0;0;0;0;0;0;0;0;0;0;0;0;0;0;0;0;0;;;;;;;;;;;;;;;;;;;
;Transporte de pasajeros por carretera;552;476;774;882;307;377;1.314;1.492;7.257;11.288;28.170;24.514;25.564;56.763;59.407;54.096;60.505;80.683;85.757;;-13,60%;62,50%;14,10%;-65,20%;22,50%;249,00%;13,50%;386,30%;55,60%;149,60%;-13,00%;4,30%;122,00%;4,70%;-8,90%;11,80%;33,30%;6,30%
;Transporte de pasajeros por agua;0;0;0;0;0;0;0;0;0;0;0;0;0;0;0;0;0;0;0;;;;;;;;;;;;;;;;;;;
;Transporte aéreo de pasajeros;0;0;0;0;0;0;0;0;0;0;0;0;0;0;0;0;0;0;0;;;;;;;;;;;;;;;;;;;
;Alquiler de equipos de transporte;*;*;*;*;*;*;*;*;*;*;*;*;*;*;*;8.518;*;*;*;;;;;;;;;;;;;;;;;;;
;Actividades de agencias de viajes y de otros servicios de reservas;0;0;0;0;0;0;0;0;0;0;0;0;0;0;0;*;0;*;0;;;;;;;;;;;;;;;;;;;
;Actividades culturales;0;0;0;0;0;0;0;0;0;0;0;0;0;*;*;*;*;*;*;;;;;;;;;;;;;;;;;;;
;Actividades deportivas y recreativas;*;*;*;*;*;*;*;*;*;*;0;0;0;*;0;0;0;*;*;;;;;;;;;;;;;;;;;;;
;Comercio al por menor de bienes característicos del turismo;*;*;*;*;*;0;0;0;0;0;*;0;*;*;*;*;*;*;*;;;;;;;;;;;;;;;;;;;
;Actividades relacionadas con segundos hogares y multipropiedades;*;*;*;*;*;*;*;*;*;*;0;6.463;9.877;2.971;15.987;56.745;32.777;79.136;40.219;;;;;;;;;;;;;52,80%;-69,90%;438,10%;254,90%;-42,20%;141,40%;-49,20%
7404;Parral;47.237;49.231;52.834;69.410;76.496;63.444;85.900;69.839;83.185;122.152;402.563;495.881;432.154;377.356;415.577;432.489;651.071;463.536;424.786;;4,20%;7,30%;31,40%;10,20%;-17,10%;35,40%;-18,70%;19,10%;46,80%;229,60%;23,20%;-12,90%;-12,70%;10,10%;4,10%;50,50%;-28,80%;-8,40%
;Alojamiento turístico;*;*;0;0;0;0;0;0;0;0;3.595;4.224;4.050;1.908;4.549;0;0;0;0;;;;;;;;;;;;17,50%;-4,10%;-52,90%;138,40%;-100,00%;;;
;Actividades de provisión de alimentos y bebidas;22.146;25.326;26.746;35.897;29.797;22.304;29.262;34.144;40.572;49.721;101.209;146.323;160.902;149.375;182.022;106.119;177.669;207.679;196.475;;14,40%;5,60%;34,20%;-17,00%;-25,10%;31,20%;16,70%;18,80%;22,50%;103,60%;44,60%;10,00%;-7,20%;21,90%;-41,70%;67,40%;16,90%;-5,40%
;Transporte de pasajeros por ferrocarril;0;0;0;0;0;0;0;0;0;0;0;0;0;0;0;0;0;0;0;;;;;;;;;;;;;;;;;;;
;Transporte de pasajeros por carretera;1.292;1.517;13.997;16.401;19.891;20.376;21.241;5.181;11.967;5.603;14.628;15.863;18.082;36.142;46.470;33.222;39.298;42.906;36.517;;17,40%;822,40%;17,20%;21,30%;2,40%;4,20%;-75,60%;131,00%;-53,20%;161,10%;8,40%;14,00%;99,90%;28,60%;-28,50%;18,30%;9,20%;-14,90%
;Transporte de pasajeros por agua;0;0;0;0;0;0;0;0;0;0;0;0;0;0;0;0;0;0;0;;;;;;;;;;;;;;;;;;;
;Transporte aéreo de pasajeros;0;0;0;0;0;0;0;0;0;0;0;0;0;0;0;0;0;0;0;;;;;;;;;;;;;;;;;;;
;Alquiler de equipos de transporte;*;*;*;2.060;15.910;4.132;2.967;2.697;3.964;5.035;12.706;22.522;17.646;8.819;11.449;18.065;23.796;12.914;10.450;;;;;672,20%;-74,00%;-28,20%;-9,10%;47,00%;27,00%;152,30%;77,30%;-21,60%;-50,00%;29,80%;57,80%;31,70%;-45,70%;-19,10%
;Actividades de agencias de viajes y de otros servicios de reservas;0;0;0;0;0;*;0;*;*;*;*;*;*;*;*;*;*;*;*;;;;;;;;;;;;;;;;;;;
;Actividades culturales;0;*;*;*;*;*;*;*;*;*;*;*;*;*;*;*;*;*;*;;;;;;;;;;;;;;;;;;;
;Actividades deportivas y recreativas;*;*;*;*;*;*;*;*;*;*;0;0;0;0;0;0;0;0;0;;;;;;;;;;;;;;;;;;;
;Comercio al por menor de bienes característicos del turismo;*;994;*;*;*;*;2.545;3.672;3.328;3.520;8.622;8.940;8.227;3.986;4.145;1.847;2.635;1.940;3.016;;;;;;;;44,30%;-9,40%;5,80%;144,90%;3,70%;-8,00%;-51,60%;4,00%;-55,40%;42,60%;-26,40%;55,40%
;Actividades relacionadas con segundos hogares y multipropiedades;23.799;21.394;12.091;15.051;10.898;16.631;29.884;24.146;23.353;58.273;261.802;298.010;223.246;177.126;166.942;273.235;407.674;198.096;178.328;;-10,10%;-43,50%;24,50%;-27,60%;52,60%;79,70%;-19,20%;-3,30%;149,50%;349,30%;13,80%;-25,10%;-20,70%;-5,70%;63,70%;49,20%;-51,40%;-10,00%
7405;Retiro;7.599;2.777;3.065;5.014;5.293;7.147;6.125;7.691;9.127;9.756;30.540;38.949;43.393;36.891;42.661;37.399;60.792;65.687;72.982;;-63,50%;10,40%;63,60%;5,60%;35,00%;-14,30%;25,60%;18,70%;6,90%;213,00%;27,50%;11,40%;-15,00%;15,60%;-12,30%;62,60%;8,10%;11,10%
;Alojamiento turístico;0;*;*;*;*;*;*;*;*;*;*;*;*;*;*;*;*;*;*;;;;;;;;;;;;;;;;;;;
;Actividades de provisión de alimentos y bebidas;7.599;2.777;3.065;5.014;5.293;7.147;6.125;7.691;9.127;9.756;17.058;18.527;25.088;14.328;20.039;17.277;36.350;34.656;30.284;;-63,50%;10,40%;63,60%;5,60%;35,00%;-14,30%;25,60%;18,70%;6,90%;74,80%;8,60%;35,40%;-42,90%;39,90%;-13,80%;110,40%;-4,70%;-12,60%
;Transporte de pasajeros por ferrocarril;0;0;0;0;0;0;0;0;0;0;0;0;0;0;0;0;0;0;0;;;;;;;;;;;;;;;;;;;
;Transporte de pasajeros por carretera;*;*;0;0;*;0;0;0;0;0;13.481;20.422;18.305;22.563;22.623;20.122;24.443;31.031;42.698;;;;;;;;;;;;51,50%;-10,40%;23,30%;0,30%;-11,10%;21,50%;27,00%;37,60%
;Transporte de pasajeros por agua;0;0;0;0;0;0;0;0;0;0;0;0;0;0;0;0;0;0;0;;;;;;;;;;;;;;;;;;;
;Transporte aéreo de pasajeros;0;0;0;0;0;0;0;0;0;0;0;0;0;0;0;0;0;0;0;;;;;;;;;;;;;;;;;;;
;Alquiler de equipos de transporte;0;0;0;0;0;0;0;*;0;*;*;*;*;*;*;*;*;*;*;;;;;;;;;;;;;;;;;;;
;Actividades de agencias de viajes y de otros servicios de reservas;0;0;0;0;0;0;0;0;0;0;*;*;*;0;0;0;0;0;0;;;;;;;;;;;;;;;;;;;
;Actividades culturales;0;0;0;0;0;0;0;0;*;*;*;*;*;*;*;*;*;*;*;;;;;;;;;;;;;;;;;;;
;Actividades deportivas y recreativas;*;*;*;0;0;0;0;*;*;*;*;*;*;*;*;*;*;*;*;;;;;;;;;;;;;;;;;;;
;Comercio al por menor de bienes característicos del turismo;0;0;0;0;0;0;0;0;0;0;0;0;*;*;0;0;*;*;*;;;;;;;;;;;;;;;;;;;
;Actividades relacionadas con segundos hogares y multipropiedades;*;*;*;*;*;0;*;*;*;0;*;*;*;*;0;*;*;0;0;;;;;;;;;;;;;;;;;;;
7406;San Javier;26.737;22.252;44.605;55.640;59.663;53.862;73.006;91.094;102.410;111.776;373.371;494.703;682.911;453.073;345.873;328.494;449.478;444.379;518.399;;-16,80%;100,40%;24,70%;7,20%;-9,70%;35,50%;24,80%;12,40%;9,10%;234,00%;32,50%;38,00%;-33,70%;-23,70%;-5,00%;36,80%;-1,10%;16,70%
;Alojamiento turístico;*;*;*;*;*;*;*;*;*;*;0;0;18.402;0;0;0;0;4.782;6.018;;;;;;;;;;;;;;-100,00%;;;;;25,90%
;Actividades de provisión de alimentos y bebidas;25.901;21.229;39.027;50.016;53.663;40.487;54.384;58.243;59.386;62.764;76.914;132.445;157.248;143.560;191.443;127.062;219.289;279.747;274.821;;-18,00%;83,80%;28,20%;7,30%;-24,60%;34,30%;7,10%;2,00%;5,70%;22,50%;72,20%;18,70%;-8,70%;33,40%;-33,60%;72,60%;27,60%;-1,80%
;Transporte de pasajeros por ferrocarril;0;0;0;0;0;0;0;0;0;0;0;0;0;0;0;0;0;0;0;;;;;;;;;;;;;;;;;;;
;Transporte de pasajeros por carretera;835;1.024;5.577;5.624;6.000;13.376;18.622;24.850;43.024;49.013;50.669;66.175;69.832;80.800;92.845;88.207;100.449;83.509;121.322;;22,60%;444,80%;0,80%;6,70%;122,90%;39,20%;33,40%;73,10%;13,90%;3,40%;30,60%;5,50%;15,70%;14,90%;-5,00%;13,90%;-16,90%;45,30%
;Transporte de pasajeros por agua;0;0;0;0;0;0;0;0;0;0;0;0;0;0;0;0;0;0;0;;;;;;;;;;;;;;;;;;;
;Transporte aéreo de pasajeros;0;0;0;0;0;0;0;0;0;0;0;0;0;0;0;0;0;0;0;;;;;;;;;;;;;;;;;;;
;Alquiler de equipos de transporte;*;*;*;*;*;*;*;8.001;*;*;113.596;145.009;219.974;158.358;43.240;48.621;61.423;15.337;17.915;;;;;;;;;;;;27,70%;51,70%;-28,00%;-72,70%;12,40%;26,30%;-75,00%;16,80%
;Actividades de agencias de viajes y de otros servicios de reservas;0;0;0;0;0;0;0;0;*;*;*;*;*;0;0;0;*;*;*;;;;;;;;;;;;;;;;;;;
;Actividades culturales;*;*;*;*;*;*;*;*;*;*;*;*;*;*;*;*;*;*;*;;;;;;;;;;;;;;;;;;;
;Actividades deportivas y recreativas;*;*;*;*;*;*;*;*;*;*;0;0;21.079;0;0;0;0;0;7.839;;;;;;;;;;;;;;-100,00%;;;;;
;Comercio al por menor de bienes característicos del turismo;*;*;*;*;0;*;*;*;*;*;*;10.354;12.022;20.252;3.280;701;710;1.064;*;;;;;;;;;;;;;16,10%;68,40%;-83,80%;-78,60%;1,30%;49,70%;
;Actividades relacionadas con segundos hogares y multipropiedades;*;*;*;*;*;*;0;0;0;0;132.191;140.720;184.354;50.104;15.066;63.903;67.607;59.940;90.484;;;;;;;;;;;;6,50%;31,00%;-72,80%;-69,90%;324,20%;5,80%;-11,30%;51,00%
7407;Villa Alegre;11.357;10.786;9.293;8.967;12.129;10.357;11.286;15.300;15.845;17.920;31.249;70.142;55.516;64.070;46.095;49.496;68.058;60.778;65.507;;-5,00%;-13,80%;-3,50%;35,30%;-14,60%;9,00%;35,60%;3,60%;13,10%;74,40%;124,50%;-20,90%;15,40%;-28,10%;7,40%;37,50%;-10,70%;7,80%
;Alojamiento turístico;*;*;*;*;*;*;*;*;*;*;*;*;*;*;0;*;*;*;*;;;;;;;;;;;;;;;;;;;
;Actividades de provisión de alimentos y bebidas;11.357;10.786;9.293;8.967;12.129;10.357;11.286;14.171;14.361;14.323;16.984;24.542;38.615;25.603;23.947;12.171;20.582;20.315;27.708;;-5,00%;-13,80%;-3,50%;35,30%;-14,60%;9,00%;25,60%;1,30%;-0,30%;18,60%;44,50%;57,30%;-33,70%;-6,50%;-49,20%;69,10%;-1,30%;36,40%
;Transporte de pasajeros por ferrocarril;0;0;0;0;0;0;0;0;0;0;0;0;0;0;0;0;0;0;0;;;;;;;;;;;;;;;;;;;
;Transporte de pasajeros por carretera;0;0;0;0;0;0;0;1.129;1.484;3.597;14.265;21.460;16.900;21.487;22.148;22.204;20.421;19.509;16.828;;;;;;;;;31,50%;142,30%;296,60%;50,40%;-21,20%;27,10%;3,10%;0,20%;-8,00%;-4,50%;-13,70%
;Transporte de pasajeros por agua;0;0;0;0;0;0;0;0;0;0;0;0;0;0;0;0;0;0;0;;;;;;;;;;;;;;;;;;;
;Transporte aéreo de pasajeros;0;0;0;0;0;0;0;0;0;0;0;0;0;0;0;0;0;0;0;;;;;;;;;;;;;;;;;;;
;Alquiler de equipos de transporte;0;0;*;*;*;*;0;0;0;*;*;*;*;*;0;0;0;0;0;;;;;;;;;;;;;;;;;;;
;Actividades de agencias de viajes y de otros servicios de reservas;0;0;0;0;0;0;0;0;0;0;0;0;0;0;0;0;*;*;*;;;;;;;;;;;;;;;;;;;
;Actividades culturales;0;0;0;0;0;0;0;0;0;0;0;0;0;0;0;0;0;*;*;;;;;;;;;;;;;;;;;;;
;Actividades deportivas y recreativas;*;0;0;0;0;0;0;0;0;*;*;*;*;*;*;*;*;*;*;;;;;;;;;;;;;;;;;;;
;Comercio al por menor de bienes característicos del turismo;*;*;*;*;*;*;*;*;*;*;*;*;*;*;*;*;*;*;*;;;;;;;;;;;;;;;;;;;
;Actividades relacionadas con segundos hogares y multipropiedades;*;*;*;*;*;*;*;*;*;*;*;24.140;0;16.980;0;15.122;27.055;20.955;20.970;;;;;;;;;;;;;-100,00%;;-100,00%;;78,90%;-22,50%;0,10%
7408;Yerbas Buenas;2.537;2.421;2.927;2.946;2.816;4.427;2.672;7.332;5.306;6.594;15.591;26.144;20.075;27.728;25.786;23.470;35.628;80.039;24.107;;-4,60%;20,90%;0,70%;-4,40%;57,20%;-39,60%;174,40%;-27,60%;24,30%;136,40%;67,70%;-23,20%;38,10%;-7,00%;-9,00%;51,80%;124,70%;-69,90%
;Alojamiento turístico;0;0;0;0;0;0;0;*;*;*;*;*;*;*;*;*;*;*;*;;;;;;;;;;;;;;;;;;;
;Actividades de provisión de alimentos y bebidas;2.537;2.421;2.927;2.946;2.816;4.427;2.672;4.243;3.079;2.522;4.690;7.938;9.143;8.022;9.196;7.249;19.734;64.608;10.546;;-4,60%;20,90%;0,70%;-4,40%;57,20%;-39,60%;58,80%;-27,40%;-18,10%;86,00%;69,20%;15,20%;-12,30%;14,60%;-21,20%;172,20%;227,40%;-83,70%
;Transporte de pasajeros por ferrocarril;0;0;0;0;0;0;0;0;0;0;0;0;0;0;0;0;0;0;0;;;;;;;;;;;;;;;;;;;
;Transporte de pasajeros por carretera;*;*;*;*;0;0;0;3.089;2.226;4.073;10.901;18.206;10.932;19.706;16.590;16.221;15.894;15.432;13.561;;;;;;;;;-27,90%;83,00%;167,70%;67,00%;-40,00%;80,30%;-15,80%;-2,20%;-2,00%;-2,90%;-12,10%
;Transporte de pasajeros por agua;0;0;0;0;0;0;0;0;0;0;0;0;0;0;0;0;0;0;0;;;;;;;;;;;;;;;;;;;
;Transporte aéreo de pasajeros;0;0;0;0;0;0;0;0;0;0;0;0;0;0;0;0;0;0;0;;;;;;;;;;;;;;;;;;;
;Alquiler de equipos de transporte;0;0;0;0;0;0;0;0;0;0;0;*;*;*;*;*;*;*;*;;;;;;;;;;;;;;;;;;;
;Actividades de agencias de viajes y de otros servicios de reservas;0;0;0;0;0;0;0;0;0;0;*;*;*;*;*;*;*;*;*;;;;;;;;;;;;;;;;;;;
;Actividades culturales;0;0;0;0;0;0;0;0;0;0;0;0;0;*;0;0;*;*;*;;;;;;;;;;;;;;;;;;;
;Actividades deportivas y recreativas;*;*;*;*;*;*;*;*;*;*;*;*;*;*;*;*;*;*;*;;;;;;;;;;;;;;;;;;;
;Comercio al por menor de bienes característicos del turismo;0;0;0;0;0;*;*;*;*;*;*;*;*;*;*;*;*;*;*;;;;;;;;;;;;;;;;;;;
;Actividades relacionadas con segundos hogares y multipropiedades;*;*;*;*;*;*;*;*;*;*;*;0;0;0;0;0;0;0;*;;;;;;;;;;;;;;;;;;;
Región del Biobío;;12.815.527;14.248.985;17.407.361;16.435.731;20.942.326;22.194.024;27.960.752;22.882.973;22.508.980;22.951.927;43.795.402;48.620.994;52.012.579;46.173.828;32.436.093;27.050.442;37.217.272;37.453.998;39.024.355;;11,20%;22,20%;-5,60%;27,40%;6,00%;26,00%;-18,20%;-1,60%;2,00%;90,80%;11,00%;7,00%;-11,20%;-29,80%;-16,60%;37,60%;0,60%;4,20%
8101;Concepción;7.132.433;8.582.301;8.684.366;8.398.732;10.338.609;11.962.281;12.800.166;10.987.829;10.961.937;11.384.597;25.301.823;28.156.346;29.920.645;29.654.229;16.094.705;13.271.823;18.033.837;16.928.543;19.057.834;;20,30%;1,20%;-3,30%;23,10%;15,70%;7,00%;-14,20%;-0,20%;3,90%;122,20%;11,30%;6,30%;-0,90%;-45,70%;-17,50%;35,90%;-6,10%;12,60%
;Alojamiento turístico;242.841;301.536;371.470;382.994;372.837;343.252;405.879;450.755;409.380;402.213;348.886;293.653;400.110;565.585;711.728;328.253;509.194;547.743;418.841;;24,20%;23,20%;3,10%;-2,70%;-7,90%;18,20%;11,10%;-9,20%;-1,80%;-13,30%;-15,80%;36,30%;41,40%;25,80%;-53,90%;55,10%;7,60%;-23,50%
;Actividades de provisión de alimentos y bebidas;1.127.346;1.297.037;1.463.730;1.426.567;2.400.337;1.707.256;3.023.577;2.766.138;2.954.499;1.926.908;2.419.251;3.010.533;3.441.826;3.612.674;3.872.921;1.604.962;2.676.445;4.185.014;4.598.219;;15,10%;12,90%;-2,50%;68,30%;-28,90%;77,10%;-8,50%;6,80%;-34,80%;25,60%;24,40%;14,30%;5,00%;7,20%;-58,60%;66,80%;56,40%;9,90%
;Transporte de pasajeros por ferrocarril;0;*;0;0;*;*;*;*;*;0;0;*;*;*;*;*;*;*;*;;;;;;;;;;;;;;;;;;;
;Transporte de pasajeros por carretera;94.104;120.019;172.561;150.003;212.690;283.096;370.038;479.174;324.699;356.650;482.469;409.926;638.997;414.845;342.744;554.888;708.599;992.223;517.539;;27,50%;43,80%;-13,10%;41,80%;33,10%;30,70%;29,50%;-32,20%;9,80%;35,30%;-15,00%;55,90%;-35,10%;-17,40%;61,90%;27,70%;40,00%;-47,80%
;Transporte de pasajeros por agua;*;*;*;*;*;*;*;*;*;*;*;*;*;*;*;*;*;*;*;;;;;;;;;;;;;;;;;;;
;Transporte aéreo de pasajeros;*;*;*;*;*;*;*;*;*;*;*;*;*;*;*;*;*;*;*;;;;;;;;;;;;;;;;;;;
;Alquiler de equipos de transporte;209.653;337.492;199.455;138.809;125.331;123.311;86.051;82.493;97.767;171.047;10.509.968;12.919.130;13.598.055;14.966.525;1.417.823;1.285.855;1.527.635;801.940;3.055.229;;61,00%;-40,90%;-30,40%;-9,70%;-1,60%;-30,20%;-4,10%;18,50%;75,00%;6044,50%;22,90%;5,30%;10,10%;-90,50%;-9,30%;18,80%;-47,50%;281,00%
;Actividades de agencias de viajes y de otros servicios de reservas;61.054;199.156;217.717;195.836;219.721;110.179;85.719;114.883;135.025;151.886;139.059;165.444;113.758;169.376;167.407;38.857;149.778;244.811;393.036;;226,20%;9,30%;-10,10%;12,20%;-49,90%;-22,20%;34,00%;17,50%;12,50%;-8,40%;19,00%;-31,20%;48,90%;-1,20%;-76,80%;285,50%;63,40%;60,50%
;Actividades culturales;0;0;0;34.271;18.784;7.672;9.326;11.560;11.453;15.549;55.463;43.336;138.110;311.632;305.334;132.838;61.258;183.087;357.992;;;;;-45,20%;-59,20%;21,60%;24,00%;-0,90%;35,80%;256,70%;-21,90%;218,70%;125,60%;-2,00%;-56,50%;-53,90%;198,90%;95,50%
;Actividades deportivas y recreativas;7.935;6.942;8.383;15.838;19.018;23.967;22.212;4.509;10.086;12.899;136.258;129.754;144.295;248.549;486.795;181.851;232.824;498.746;504.737;;-12,50%;20,70%;88,90%;20,10%;26,00%;-7,30%;-79,70%;123,70%;27,90%;956,40%;-4,80%;11,20%;72,30%;95,90%;-62,60%;28,00%;114,20%;1,20%
;Comercio al por menor de bienes característicos del turismo;30.245;29.412;14.211;16.808;15.295;15.290;18.006;10.981;8.157;10.257;31.425;55.768;40.889;34.775;25.693;10.973;18.427;28.703;19.675;;-2,80%;-51,70%;18,30%;-9,00%;0,00%;17,80%;-39,00%;-25,70%;25,70%;206,40%;77,50%;-26,70%;-15,00%;-26,10%;-57,30%;67,90%;55,80%;-31,50%
;Actividades relacionadas con segundos hogares y multipropiedades;5.359.254;6.290.707;6.236.840;6.037.608;6.954.596;9.348.258;8.779.358;7.067.336;7.010.871;8.337.188;11.179.043;11.128.802;11.404.606;9.330.267;8.764.260;9.133.345;12.149.677;9.446.276;9.192.565;;17,40%;-0,90%;-3,20%;15,20%;34,40%;-6,10%;-19,50%;-0,80%;18,90%;34,10%;-0,40%;2,50%;-18,20%;-6,10%;4,20%;33,00%;-22,30%;-2,70%
8102;Coronel;228.556;225.625;389.113;350.648;401.990;299.440;462.509;365.473;410.999;452.329;1.057.173;1.107.196;975.323;645.794;827.709;769.682;955.382;1.038.739;1.164.541;;-1,30%;72,50%;-9,90%;14,60%;-25,50%;54,50%;-21,00%;12,50%;10,10%;133,70%;4,70%;-11,90%;-33,80%;28,20%;-7,00%;24,10%;8,70%;12,10%
;Alojamiento turístico;0;0;0;0;5.431;0;8.121;6.333;5.517;15.352;38.190;28.489;28.005;11.994;8.337;6.008;8.698;6.124;6.674;;;;;;-100,00%;;-22,00%;-12,90%;178,30%;148,80%;-25,40%;-1,70%;-57,20%;-30,50%;-27,90%;44,80%;-29,60%;9,00%
;Actividades de provisión de alimentos y bebidas;62.351;68.919;93.123;89.685;118.139;129.050;140.532;127.876;125.650;120.328;266.971;305.114;196.267;276.411;256.154;185.982;284.107;448.330;439.042;;10,50%;35,10%;-3,70%;31,70%;9,20%;8,90%;-9,00%;-1,70%;-4,20%;121,90%;14,30%;-35,70%;40,80%;-7,30%;-27,40%;52,80%;57,80%;-2,10%
;Transporte de pasajeros por ferrocarril;*;0;0;0;0;0;0;0;0;0;0;0;0;0;0;0;*;*;*;;;;;;;;;;;;;;;;;;;
;Transporte de pasajeros por carretera;41.307;27.911;38.574;72.789;20.859;25.731;86.723;103.870;92.981;110.514;156.682;121.250;138.111;169.082;177.684;240.684;249.833;241.024;236.144;;-32,40%;38,20%;88,70%;-71,30%;23,40%;237,00%;19,80%;-10,50%;18,90%;41,80%;-22,60%;13,90%;22,40%;5,10%;35,50%;3,80%;-3,50%;-2,00%
;Transporte de pasajeros por agua;0;*;*;*;*;*;*;*;*;*;*;0;0;*;*;*;*;*;*;;;;;;;;;;;;;;;;;;;
;Transporte aéreo de pasajeros;0;*;*;0;0;0;0;0;0;0;0;0;0;0;0;0;0;0;0;;;;;;;;;;;;;;;;;;;
;Alquiler de equipos de transporte;32.079;10.018;3.811;7.431;4.021;4.169;7.054;9.436;13.968;13.896;21.354;45.624;44.684;17.339;12.549;11.416;25.728;22.309;28.831;;-68,80%;-62,00%;95,00%;-45,90%;3,70%;69,20%;33,80%;48,00%;-0,50%;53,70%;113,70%;-2,10%;-61,20%;-27,60%;-9,00%;125,40%;-13,30%;29,20%
;Actividades de agencias de viajes y de otros servicios de reservas;0;*;0;0;0;0;0;0;0;*;*;*;*;*;*;*;*;*;*;;;;;;;;;;;;;;;;;;;
;Actividades culturales;*;*;*;*;*;*;*;*;*;*;*;8.746;9.506;11.217;0;*;0;0;0;;;;;;;;;;;;;8,70%;18,00%;-100,00%;;;;
;Actividades deportivas y recreativas;262;559;658;0;1.521;1.387;0;6.209;0;0;36.973;34.552;34.035;22.136;14.952;9.041;13.789;20.505;2.645;;113,60%;17,60%;-100,00%;;-8,80%;-100,00%;;-100,00%;;;-6,50%;-1,50%;-35,00%;-32,50%;-39,50%;52,50%;48,70%;-87,10%
;Comercio al por menor de bienes característicos del turismo;*;*;*;*;*;*;*;*;*;*;*;*;*;1.940;1.886;546;6.675;601;5.657;;;;;;;;;;;;;;;-2,80%;-71,00%;1121,60%;-91,00%;840,80%
;Actividades relacionadas con segundos hogares y multipropiedades;92.558;118.219;252.948;180.743;252.018;139.103;220.078;111.750;172.882;192.239;537.003;563.422;524.715;135.675;356.145;316.005;366.551;299.846;445.547;;27,70%;114,00%;-28,50%;39,40%;-44,80%;58,20%;-49,20%;54,70%;11,20%;179,30%;4,90%;-6,90%;-74,10%;162,50%;-11,30%;16,00%;-18,20%;48,60%
8103;Chiguayante;240.093;883.420;3.179.232;2.129.564;4.674.770;3.777.631;8.157.347;4.669.342;3.924.576;2.931.254;845.756;937.654;903.898;719.167;933.471;644.929;1.178.143;1.832.979;1.404.428;;267,90%;259,90%;-33,00%;119,50%;-19,20%;115,90%;-42,80%;-16,00%;-25,30%;-71,10%;10,90%;-3,60%;-20,40%;29,80%;-30,90%;82,70%;55,60%;-23,40%
;Alojamiento turístico;*;*;*;*;*;*;*;*;*;*;*;*;*;*;*;*;*;*;*;;;;;;;;;;;;;;;;;;;
;Actividades de provisión de alimentos y bebidas;38.426;90.855;69.176;73.539;81.934;107.198;102.454;95.050;142.563;161.319;114.187;136.716;151.916;118.067;125.152;71.834;131.410;167.911;152.816;;136,40%;-23,90%;6,30%;11,40%;30,80%;-4,40%;-7,20%;50,00%;13,20%;-29,20%;19,70%;11,10%;-22,30%;6,00%;-42,60%;82,90%;27,80%;-9,00%
;Transporte de pasajeros por ferrocarril;*;0;0;0;0;0;0;0;0;0;0;0;0;0;0;0;0;0;0;;;;;;;;;;;;;;;;;;;
;Transporte de pasajeros por carretera;1.826;32.148;3.989;5.041;5.110;7.214;5.189;4.558;39.230;17.489;14.947;14.596;30.221;35.879;19.037;9.171;104.400;102.749;60.057;;1660,30%;-87,60%;26,40%;1,40%;41,20%;-28,10%;-12,20%;760,70%;-55,40%;-14,50%;-2,40%;107,10%;18,70%;-46,90%;-51,80%;1038,30%;-1,60%;-41,60%
;Transporte de pasajeros por agua;0;0;*;0;0;0;0;0;0;0;*;*;0;0;0;0;0;0;0;;;;;;;;;;;;;;;;;;;
;Transporte aéreo de pasajeros;*;*;*;*;*;*;*;0;0;0;0;0;0;0;0;0;0;0;0;;;;;;;;;;;;;;;;;;;
;Alquiler de equipos de transporte;10.432;13.111;6.420;3.898;4.072;6.164;4.724;5.332;5.660;11.020;76.491;71.422;32.254;10.237;7.738;24.187;18.518;15.344;20.476;;25,70%;-51,00%;-39,30%;4,40%;51,40%;-23,40%;12,90%;6,20%;94,70%;594,10%;-6,60%;-54,80%;-68,30%;-24,40%;212,60%;-23,40%;-17,10%;33,50%
;Actividades de agencias de viajes y de otros servicios de reservas;0;0;0;0;0;*;*;*;*;*;*;*;*;*;*;0;0;*;*;;;;;;;;;;;;;;;;;;;
;Actividades culturales;0;*;*;0;*;0;0;*;*;*;*;*;0;10.660;4.325;0;0;0;0;;;;;;;;;;;;;;;-59,40%;-100,00%;;;
;Actividades deportivas y recreativas;*;*;*;*;*;*;*;0;*;*;21.282;32.268;33.589;12.640;4.319;5.615;8.287;0;0;;;;;;;;;;;;51,60%;4,10%;-62,40%;-65,80%;30,00%;47,60%;-100,00%;
;Comercio al por menor de bienes característicos del turismo;*;*;*;*;*;*;*;*;*;2.565;2.680;2.950;3.763;1.067;1.957;390;1.227;1.322;2.053;;;;;;;;;;;4,50%;10,10%;27,50%;-71,70%;83,40%;-80,10%;215,00%;7,70%;55,30%
;Actividades relacionadas con segundos hogares y multipropiedades;189.410;747.307;3.099.648;2.047.086;4.583.655;3.657.056;8.044.981;4.564.402;3.737.124;2.738.861;616.170;679.702;652.155;530.617;770.943;533.732;914.301;1.545.653;1.169.027;;294,50%;314,80%;-34,00%;123,90%;-20,20%;120,00%;-43,30%;-18,10%;-26,70%;-77,50%;10,30%;-4,10%;-18,60%;45,30%;-30,80%;71,30%;69,10%;-24,40%
8104;Florida;0;0;0;0;0;0;0;0;0;0;86.112;77.956;55.096;68.534;69.095;41.931;100.876;77.678;78.346;;;;;;;;;;;;-9,50%;-29,30%;24,40%;0,80%;-39,30%;140,60%;-23,00%;0,90%
;Alojamiento turístico;*;*;*;*;*;*;*;*;*;*;*;*;*;*;*;*;*;*;*;;;;;;;;;;;;;;;;;;;
;Actividades de provisión de alimentos y bebidas;*;0;*;*;0;*;*;*;*;*;6.584;5.094;7.516;12.860;6.068;3.135;5.971;15.784;13.423;;;;;;;;;;;;-22,60%;47,60%;71,10%;-52,80%;-48,30%;90,40%;164,40%;-15,00%
;Transporte de pasajeros por ferrocarril;0;0;0;0;0;0;0;0;0;0;0;0;0;0;0;0;0;0;0;;;;;;;;;;;;;;;;;;;
;Transporte de pasajeros por carretera;*;*;*;*;*;*;*;*;0;0;0;0;0;0;0;0;3.396;0;0;;;;;;;;;;;;;;;;;;-100,00%;
;Transporte de pasajeros por agua;0;0;0;0;0;0;0;0;0;0;0;0;0;0;0;0;0;0;0;;;;;;;;;;;;;;;;;;;
;Transporte aéreo de pasajeros;0;0;0;0;0;0;0;0;0;0;0;0;0;0;0;0;0;0;0;;;;;;;;;;;;;;;;;;;
;Alquiler de equipos de transporte;*;*;*;*;*;*;*;*;*;*;*;*;*;*;*;*;*;*;*;;;;;;;;;;;;;;;;;;;
;Actividades de agencias de viajes y de otros servicios de reservas;0;0;0;0;0;0;0;0;0;0;0;0;0;*;*;*;*;*;*;;;;;;;;;;;;;;;;;;;
;Actividades culturales;0;0;0;0;*;0;0;0;0;0;*;*;*;*;*;0;*;*;*;;;;;;;;;;;;;;;;;;;
;Actividades deportivas y recreativas;0;0;0;0;*;0;0;0;0;0;*;*;*;*;*;*;*;*;*;;;;;;;;;;;;;;;;;;;
;Comercio al por menor de bienes característicos del turismo;*;*;*;*;*;*;*;*;*;*;*;*;*;*;*;*;*;*;*;;;;;;;;;;;;;;;;;;;
;Actividades relacionadas con segundos hogares y multipropiedades;*;*;*;*;*;*;*;*;0;0;79.528;72.863;47.580;55.674;63.027;38.795;91.509;61.895;64.924;;;;;;;;;;;;-8,40%;-34,70%;17,00%;13,20%;-38,40%;135,90%;-32,40%;4,90%
8105;Hualqui;11.378;10.521;11.122;11.275;9.438;9.997;14.744;13.125;14.298;14.716;24.230;248.729;203.051;1.123.655;1.523.453;247.921;421.679;200.317;1.333.896;;-7,50%;5,70%;1,40%;-16,30%;5,90%;47,50%;-11,00%;8,90%;2,90%;64,60%;926,50%;-18,40%;453,40%;35,60%;-83,70%;70,10%;-52,50%;565,90%
;Alojamiento turístico;*;*;*;*;*;*;*;*;*;*;*;*;*;*;*;0;0;0;0;;;;;;;;;;;;;;;;;;;
;Actividades de provisión de alimentos y bebidas;11.378;10.521;11.122;11.275;9.438;9.997;14.744;13.125;14.298;14.716;16.922;15.968;16.056;23.219;23.804;20.644;18.770;27.218;32.375;;-7,50%;5,70%;1,40%;-16,30%;5,90%;47,50%;-11,00%;8,90%;2,90%;15,00%;-5,60%;0,60%;44,60%;2,50%;-13,30%;-9,10%;45,00%;18,90%
;Transporte de pasajeros por ferrocarril;0;0;0;0;0;0;0;0;0;0;0;0;0;0;0;0;0;0;0;;;;;;;;;;;;;;;;;;;
;Transporte de pasajeros por carretera;*;0;0;0;0;0;0;0;0;0;0;0;0;1.346;1.779;1.399;948;2.673;1.131;;;;;;;;;;;;;;;32,20%;-21,30%;-32,30%;182,10%;-57,70%
;Transporte de pasajeros por agua;*;0;0;0;0;0;0;0;0;0;0;0;0;0;0;0;0;0;0;;;;;;;;;;;;;;;;;;;
;Transporte aéreo de pasajeros;0;0;0;0;0;0;0;0;0;0;0;0;0;0;0;0;0;0;0;;;;;;;;;;;;;;;;;;;
;Alquiler de equipos de transporte;*;*;*;*;*;*;*;*;*;*;*;*;*;*;*;*;*;*;*;;;;;;;;;;;;;;;;;;;
;Actividades de agencias de viajes y de otros servicios de reservas;0;0;0;0;0;0;0;0;0;0;*;*;*;*;*;*;*;*;0;;;;;;;;;;;;;;;;;;;
;Actividades culturales;*;*;0;*;*;*;*;*;0;0;0;*;*;*;*;*;0;*;*;;;;;;;;;;;;;;;;;;;
;Actividades deportivas y recreativas;*;*;*;*;*;*;*;*;*;*;7.308;7.790;8.288;0;0;*;*;*;0;;;;;;;;;;;;6,60%;6,40%;-100,00%;;;;;
;Comercio al por menor de bienes característicos del turismo;*;*;*;0;0;0;0;0;*;*;*;*;*;*;*;*;*;*;*;;;;;;;;;;;;;;;;;;;
;Actividades relacionadas con segundos hogares y multipropiedades;*;*;*;*;*;*;*;*;*;*;0;224.971;178.706;1.099.090;1.497.871;225.878;401.962;170.425;1.300.389;;;;;;;;;;;;;-20,60%;515,00%;36,30%;-84,90%;78,00%;-57,60%;663,00%
8106;Lota;37.581;41.089;30.658;26.325;30.205;46.125;43.812;49.005;57.693;68.702;126.812;157.117;228.339;134.946;152.420;102.573;159.043;190.710;162.924;;9,30%;-25,40%;-14,10%;14,70%;52,70%;-5,00%;11,90%;17,70%;19,10%;84,60%;23,90%;45,30%;-40,90%;12,90%;-32,70%;55,10%;19,90%;-14,60%
;Alojamiento turístico;*;*;*;0;0;*;0;0;0;0;0;0;0;0;0;0;0;0;*;;;;;;;;;;;;;;;;;;;
;Actividades de provisión de alimentos y bebidas;32.405;35.760;22.691;22.162;22.956;37.242;32.894;38.490;46.984;49.921;85.031;79.262;66.083;94.659;116.568;70.640;101.987;139.187;127.766;;10,40%;-36,50%;-2,30%;3,60%;62,20%;-11,70%;17,00%;22,10%;6,30%;70,30%;-6,80%;-16,60%;43,20%;23,10%;-39,40%;44,40%;36,50%;-8,20%
;Transporte de pasajeros por ferrocarril;0;0;0;0;0;0;0;0;0;0;0;0;0;0;0;0;0;0;0;;;;;;;;;;;;;;;;;;;
;Transporte de pasajeros por carretera;5.176;4.449;5.298;4.163;3.673;8.883;10.918;10.515;9.999;7.082;5.066;3.884;6.731;5.915;7.182;14.782;31.871;31.707;17.986;;-14,00%;19,10%;-21,40%;-11,80%;141,80%;22,90%;-3,70%;-4,90%;-29,20%;-28,50%;-23,30%;73,30%;-12,10%;21,40%;105,80%;115,60%;-0,50%;-43,30%
;Transporte de pasajeros por agua;0;0;*;0;0;*;*;*;*;*;*;*;*;0;*;0;*;0;*;;;;;;;;;;;;;;;;;;;
;Transporte aéreo de pasajeros;0;0;0;*;*;*;*;*;*;*;*;*;*;*;*;*;0;0;0;;;;;;;;;;;;;;;;;;;
;Alquiler de equipos de transporte;*;*;*;*;*;*;*;*;*;*;*;*;*;*;*;*;*;*;*;;;;;;;;;;;;;;;;;;;
;Actividades de agencias de viajes y de otros servicios de reservas;0;0;0;0;0;0;0;0;0;0;0;0;0;0;*;0;0;0;*;;;;;;;;;;;;;;;;;;;
;Actividades culturales;0;0;0;*;0;0;0;0;0;0;*;*;*;*;*;*;*;*;*;;;;;;;;;;;;;;;;;;;
;Actividades deportivas y recreativas;0;0;2.669;*;3.576;0;*;*;*;*;6.844;9.550;13.524;13.269;13.227;0;*;*;0;;;;;;-100,00%;;;;;;39,50%;41,60%;-1,90%;-0,30%;-100,00%;;;
;Comercio al por menor de bienes característicos del turismo;*;880;*;*;*;*;*;*;711;1.085;1.643;1.621;1.531;1.889;1.630;877;1.191;1.154;1.357;;;;;;;;;;52,60%;51,40%;-1,30%;-5,60%;23,40%;-13,70%;-46,20%;35,70%;-3,10%;17,60%
;Actividades relacionadas con segundos hogares y multipropiedades;*;*;*;*;*;0;0;0;0;10.614;28.227;62.799;140.471;19.214;13.812;16.275;23.993;18.662;15.815;;;;;;;;;;;165,90%;122,50%;123,70%;-86,30%;-28,10%;17,80%;47,40%;-22,20%;-15,30%
8107;Penco;40.782;81.493;82.053;55.242;59.877;59.941;59.938;86.067;97.652;124.014;718.964;422.782;434.133;601.554;729.032;610.512;349.176;427.179;335.980;;99,80%;0,70%;-32,70%;8,40%;0,10%;0,00%;43,60%;13,50%;27,00%;479,70%;-41,20%;2,70%;38,60%;21,20%;-16,30%;-42,80%;22,30%;-21,30%
;Alojamiento turístico;*;*;*;*;*;*;*;*;*;0;*;*;*;*;*;*;0;0;0;;;;;;;;;;;;;;;;;;;
;Actividades de provisión de alimentos y bebidas;40.119;73.891;51.189;45.922;45.919;45.837;46.819;56.293;49.538;50.440;65.440;74.626;84.862;80.998;96.064;58.655;84.473;112.546;113.405;;84,20%;-30,70%;-10,30%;0,00%;-0,20%;2,10%;20,20%;-12,00%;1,80%;29,70%;14,00%;13,70%;-4,60%;18,60%;-38,90%;44,00%;33,20%;0,80%
;Transporte de pasajeros por ferrocarril;0;0;0;0;*;0;0;0;0;0;0;0;0;0;0;0;0;0;0;;;;;;;;;;;;;;;;;;;
;Transporte de pasajeros por carretera;663;835;4.350;3.678;6.242;7.296;6.198;10.821;31.463;57.674;2.042;2.920;2.023;12.099;15.275;5.536;11.468;15.927;18.231;;26,00%;421,20%;-15,50%;69,70%;16,90%;-15,00%;74,60%;190,80%;83,30%;-96,50%;43,00%;-30,70%;497,90%;26,30%;-63,80%;107,10%;38,90%;14,50%
;Transporte de pasajeros por agua;0;0;0;0;0;0;0;0;0;0;0;0;0;0;0;0;0;0;0;;;;;;;;;;;;;;;;;;;
;Transporte aéreo de pasajeros;0;0;0;0;0;0;0;0;0;0;0;0;0;0;0;0;0;0;0;;;;;;;;;;;;;;;;;;;
;Alquiler de equipos de transporte;*;6.767;*;*;*;*;*;*;*;*;436.688;51.234;52.178;40.101;41.570;5.469;*;*;*;;;;;;;;;;;;-88,30%;1,80%;-23,10%;3,70%;-86,80%;;;
;Actividades de agencias de viajes y de otros servicios de reservas;0;0;0;0;0;0;0;0;0;0;0;*;*;0;0;0;*;*;0;;;;;;;;;;;;;;;;;;;
;Actividades culturales;0;0;0;0;0;*;0;0;*;*;*;*;*;*;*;*;*;*;*;;;;;;;;;;;;;;;;;;;
;Actividades deportivas y recreativas;0;*;*;*;*;*;*;*;*;*;21.708;29.112;34.074;11.532;11.211;0;0;0;0;;;;;;;;;;;;34,10%;17,00%;-66,20%;-2,80%;-100,00%;;;
;Comercio al por menor de bienes característicos del turismo;*;*;*;*;*;*;*;*;*;*;*;*;*;*;*;*;*;*;*;;;;;;;;;;;;;;;;;;;
;Actividades relacionadas con segundos hogares y multipropiedades;0;0;26.514;5.643;7.716;6.807;6.920;18.953;16.651;15.901;193.086;264.890;260.994;456.824;564.913;540.851;253.235;298.706;204.344;;;;-78,70%;36,80%;-11,80%;1,70%;173,90%;-12,10%;-4,50%;1114,30%;37,20%;-1,50%;75,00%;23,70%;-4,30%;-53,20%;18,00%;-31,60%
8108;San Pedro de la Paz;618.519;515.502;903.785;735.829;843.343;744.111;870.450;860.659;832.238;1.451.972;2.745.378;3.535.354;4.162.180;1.753.966;1.714.883;1.860.399;3.418.379;3.554.661;2.813.037;;-16,70%;75,30%;-18,60%;14,60%;-11,80%;17,00%;-1,10%;-3,30%;74,50%;89,10%;28,80%;17,70%;-57,90%;-2,20%;8,50%;83,70%;4,00%;-20,90%
;Alojamiento turístico;*;*;0;0;0;0;0;15.991;0;0;0;0;0;0;7.318;7.337;12.852;0;7.324;;;;;;;;;-100,00%;;;;;;;0,30%;75,20%;-100,00%;
;Actividades de provisión de alimentos y bebidas;108.396;108.752;150.943;147.938;188.046;213.162;273.332;221.151;228.399;244.283;340.709;412.042;396.421;558.786;564.718;378.979;768.317;981.028;1.032.165;;0,30%;38,80%;-2,00%;27,10%;13,40%;28,20%;-19,10%;3,30%;7,00%;39,50%;20,90%;-3,80%;41,00%;1,10%;-32,90%;102,70%;27,70%;5,20%
;Transporte de pasajeros por ferrocarril;0;0;0;0;0;*;0;0;0;0;0;0;0;0;0;0;0;0;0;;;;;;;;;;;;;;;;;;;
;Transporte de pasajeros por carretera;14.401;16.897;11.805;12.204;18.059;23.029;29.505;41.503;45.959;49.230;51.920;65.142;60.468;76.164;125.192;77.023;135.171;137.601;129.470;;17,30%;-30,10%;3,40%;48,00%;27,50%;28,10%;40,70%;10,70%;7,10%;5,50%;25,50%;-7,20%;26,00%;64,40%;-38,50%;75,50%;1,80%;-5,90%
;Transporte de pasajeros por agua;0;0;*;0;0;*;*;*;*;0;*;*;0;0;0;0;0;0;0;;;;;;;;;;;;;;;;;;;
;Transporte aéreo de pasajeros;0;0;0;0;0;0;0;0;0;0;*;*;*;*;*;*;*;*;*;;;;;;;;;;;;;;;;;;;
;Alquiler de equipos de transporte;22.564;33.910;30.687;27.688;24.472;36.279;32.555;34.517;27.317;26.819;384.457;195.758;105.141;56.257;37.723;47.628;52.178;68.165;64.838;;50,30%;-9,50%;-9,80%;-11,60%;48,20%;-10,30%;6,00%;-20,90%;-1,80%;1333,50%;-49,10%;-46,30%;-46,50%;-32,90%;26,30%;9,60%;30,60%;-4,90%
;Actividades de agencias de viajes y de otros servicios de reservas;*;*;*;*;*;*;*;*;*;*;*;*;*;*;*;*;*;*;*;;;;;;;;;;;;;;;;;;;
;Actividades culturales;*;*;*;*;*;*;*;*;*;*;12.589;18.946;32.068;53.909;35.245;0;0;37.188;32.022;;;;;;;;;;;;50,50%;69,30%;68,10%;-34,60%;-100,00%;;;-13,90%
;Actividades deportivas y recreativas;*;0;0;0;*;0;0;0;0;0;37.003;35.449;35.683;41.655;27.851;4.440;18.757;12.650;27.469;;;;;;;;;;;;-4,20%;0,70%;16,70%;-33,10%;-84,10%;322,40%;-32,60%;117,10%
;Comercio al por menor de bienes característicos del turismo;*;*;*;419;664;*;1.857;*;49.264;43.502;4.248;54.840;1.982;8.927;2.086;970;1.323;1.132;1.380;;;;;58,60%;;;;;-11,70%;-90,20%;1190,90%;-96,40%;350,50%;-76,60%;-53,50%;36,40%;-14,40%;21,90%
;Actividades relacionadas con segundos hogares y multipropiedades;473.159;355.942;710.349;547.581;612.101;471.642;533.200;547.496;481.299;1.088.137;1.914.451;2.753.177;3.530.417;958.268;914.750;1.344.023;2.429.781;2.316.896;1.518.369;;-24,80%;99,60%;-22,90%;11,80%;-22,90%;13,10%;2,70%;-12,10%;126,10%;75,90%;43,80%;28,20%;-72,90%;-4,50%;46,90%;80,80%;-4,60%;-34,50%
8109;Santa Juana;5.392;4.928;3.942;3.361;4.280;4.786;14.723;6.198;4.892;6.357;8.015;9.213;9.632;13.353;36.489;39.748;58.955;67.803;63.386;;-8,60%;-20,00%;-14,70%;27,30%;11,80%;207,60%;-57,90%;-21,10%;30,00%;26,10%;14,90%;4,50%;38,60%;173,30%;8,90%;48,30%;15,00%;-6,50%
;Alojamiento turístico;0;0;*;*;*;*;*;*;*;*;*;*;*;*;*;*;0;0;0;;;;;;;;;;;;;;;;;;;
;Actividades de provisión de alimentos y bebidas;5.392;4.928;3.942;3.361;4.280;4.786;14.723;6.198;4.892;6.357;8.015;9.213;9.632;13.353;15.836;10.227;19.037;22.987;22.598;;-8,60%;-20,00%;-14,70%;27,30%;11,80%;207,60%;-57,90%;-21,10%;30,00%;26,10%;14,90%;4,50%;38,60%;18,60%;-35,40%;86,10%;20,70%;-1,70%
;Transporte de pasajeros por ferrocarril;0;0;0;0;0;0;0;0;0;0;0;0;0;0;0;0;0;0;0;;;;;;;;;;;;;;;;;;;
;Transporte de pasajeros por carretera;*;0;0;0;0;0;0;0;0;0;0;0;0;0;0;0;0;0;0;;;;;;;;;;;;;;;;;;;
;Transporte de pasajeros por agua;0;*;*;*;*;*;*;0;0;0;*;0;0;*;*;*;*;*;*;;;;;;;;;;;;;;;;;;;
;Transporte aéreo de pasajeros;0;0;0;0;0;0;0;0;0;0;0;0;0;0;0;0;0;0;0;;;;;;;;;;;;;;;;;;;
;Alquiler de equipos de transporte;*;*;*;*;*;*;*;*;*;*;*;*;*;*;*;*;*;*;*;;;;;;;;;;;;;;;;;;;
;Actividades de agencias de viajes y de otros servicios de reservas;0;0;0;0;0;0;0;0;0;0;0;0;0;0;0;0;0;*;0;;;;;;;;;;;;;;;;;;;
;Actividades culturales;0;0;0;0;*;*;0;0;0;0;0;0;*;*;*;*;*;*;*;;;;;;;;;;;;;;;;;;;
;Actividades deportivas y recreativas;*;*;*;*;*;*;*;*;*;*;*;*;*;*;*;*;*;*;*;;;;;;;;;;;;;;;;;;;
;Comercio al por menor de bienes característicos del turismo;*;*;*;*;*;*;*;*;*;*;*;*;*;*;*;*;*;*;*;;;;;;;;;;;;;;;;;;;
;Actividades relacionadas con segundos hogares y multipropiedades;*;*;*;*;*;*;*;*;*;*;*;*;*;*;20.653;29.521;39.918;44.816;40.788;;;;;;;;;;;;;;;;42,90%;35,20%;12,30%;-9,00%
8110;Talcahuano;1.850.877;1.730.465;2.015.800;2.552.327;1.997.740;2.226.337;1.859.307;1.800.063;2.578.493;2.392.542;4.078.485;2.365.011;2.834.491;2.549.856;2.860.719;2.669.930;3.765.201;3.921.827;3.887.271;;-6,50%;16,50%;26,60%;-21,70%;11,40%;-16,50%;-3,20%;43,20%;-7,20%;70,50%;-42,00%;19,90%;-10,00%;12,20%;-6,70%;41,00%;4,20%;-0,90%
;Alojamiento turístico;0;0;9.744;30.178;60.481;122.176;143.093;152.657;144.353;131.727;35.385;5.918;5.644;115.367;5.862;40.599;61.518;140.121;114.399;;;;209,70%;100,40%;102,00%;17,10%;6,70%;-5,40%;-8,70%;-73,10%;-83,30%;-4,60%;1943,90%;-94,90%;592,50%;51,50%;127,80%;-18,40%
;Actividades de provisión de alimentos y bebidas;337.514;341.384;399.131;416.794;447.574;553.718;664.032;637.716;679.547;716.709;917.789;716.131;667.472;779.175;858.252;451.971;724.354;1.062.802;1.201.339;;1,10%;16,90%;4,40%;7,40%;23,70%;19,90%;-4,00%;6,60%;5,50%;28,10%;-22,00%;-6,80%;16,70%;10,10%;-47,30%;60,30%;46,70%;13,00%
;Transporte de pasajeros por ferrocarril;0;0;0;0;0;0;0;0;0;0;0;0;0;0;0;0;0;0;0;;;;;;;;;;;;;;;;;;;
;Transporte de pasajeros por carretera;302.484;413.579;479.656;508.849;489.280;442.627;582.736;156.105;167.158;197.455;250.090;124.014;266.647;159.067;142.322;175.979;211.532;183.621;166.126;;36,70%;16,00%;6,10%;-3,80%;-9,50%;31,70%;-73,20%;7,10%;18,10%;26,70%;-50,40%;115,00%;-40,30%;-10,50%;23,60%;20,20%;-13,20%;-9,50%
;Transporte de pasajeros por agua;*;*;*;*;*;*;*;*;*;*;*;*;*;*;*;*;*;*;*;;;;;;;;;;;;;;;;;;;
;Transporte aéreo de pasajeros;0;0;0;0;0;0;0;0;0;0;0;0;0;0;0;0;0;0;0;;;;;;;;;;;;;;;;;;;
;Alquiler de equipos de transporte;30.505;56.687;19.012;29.933;29.058;26.777;44.195;70.587;78.292;100.022;249.080;172.517;183.792;102.953;96.020;108.576;73.980;58.859;50.383;;85,80%;-66,50%;57,40%;-2,90%;-7,90%;65,10%;59,70%;10,90%;27,80%;149,00%;-30,70%;6,50%;-44,00%;-6,70%;13,10%;-31,90%;-20,40%;-14,40%
;Actividades de agencias de viajes y de otros servicios de reservas;*;*;*;*;*;*;*;*;*;*;*;*;*;*;*;*;*;*;*;;;;;;;;;;;;;;;;;;;
;Actividades culturales;0;*;*;*;*;*;*;0;0;*;*;*;*;64.364;49.241;0;0;38.321;40.608;;;;;;;;;;;;;;;-23,50%;-100,00%;;;6,00%
;Actividades deportivas y recreativas;2.610;906;304;0;1.104;1.147;1.444;4.301;6.034;0;51.596;57.201;52.183;26.219;17.968;5.466;4.605;28.651;27.012;;-65,30%;-66,50%;-100,00%;;3,90%;25,80%;197,90%;40,30%;-100,00%;;10,90%;-8,80%;-49,80%;-31,50%;-69,60%;-15,80%;522,20%;-5,70%
;Comercio al por menor de bienes característicos del turismo;3.100;1.952;2.475;2.591;1.943;3.953;1.931;1.403;1.521;2.422;3.999;5.718;4.978;1.967;1.716;667;1.809;1.925;1.503;;-37,00%;26,80%;4,70%;-25,00%;103,40%;-51,10%;-27,30%;8,40%;59,30%;65,10%;43,00%;-12,90%;-60,50%;-12,80%;-61,10%;171,10%;6,40%;-21,90%
;Actividades relacionadas con segundos hogares y multipropiedades;1.174.664;915.957;1.105.478;1.563.983;968.300;1.075.938;421.876;777.294;1.501.589;1.244.208;2.570.547;1.283.512;1.653.775;1.300.743;1.689.338;1.886.671;2.687.403;2.407.526;2.285.901;;-22,00%;20,70%;41,50%;-38,10%;11,10%;-60,80%;84,20%;93,20%;-17,10%;106,60%;-50,10%;28,80%;-21,30%;29,90%;11,70%;42,40%;-10,40%;-5,10%
8111;Tomé;109.647;124.972;92.225;130.707;158.211;138.239;108.255;181.087;215.663;318.860;1.031.988;617.618;542.373;846.422;696.432;769.996;1.155.190;1.032.232;734.476;;14,00%;-26,20%;41,70%;21,00%;-12,60%;-21,70%;67,30%;19,10%;47,90%;223,60%;-40,20%;-12,20%;56,10%;-17,70%;10,60%;50,00%;-10,60%;-28,80%
;Alojamiento turístico;4.614;4.648;5.781;6.607;7.890;6.717;6.100;9.707;11.761;14.445;68.295;87.074;8.715;14.667;9.802;9.734;19.504;17.116;15.027;;0,70%;24,40%;14,30%;19,40%;-14,90%;-9,20%;59,10%;21,20%;22,80%;372,80%;27,50%;-90,00%;68,30%;-33,20%;-0,70%;100,40%;-12,20%;-12,20%
;Actividades de provisión de alimentos y bebidas;60.688;71.645;78.114;87.215;93.669;78.352;60.935;79.355;87.681;94.446;137.863;178.030;198.971;262.719;289.344;162.605;284.553;363.339;385.956;;18,10%;9,00%;11,70%;7,40%;-16,40%;-22,20%;30,20%;10,50%;7,70%;46,00%;29,10%;11,80%;32,00%;10,10%;-43,80%;75,00%;27,70%;6,20%
;Transporte de pasajeros por ferrocarril;0;0;0;0;0;0;0;0;0;0;0;0;0;0;0;0;0;0;0;;;;;;;;;;;;;;;;;;;
;Transporte de pasajeros por carretera;17.163;17.934;6.350;6.671;5.326;5.891;6.142;41.337;39.542;33.683;12.345;16.855;14.762;20.021;91.831;63.548;76.846;68.977;77.135;;4,50%;-64,60%;5,10%;-20,20%;10,60%;4,30%;573,00%;-4,30%;-14,80%;-63,30%;36,50%;-12,40%;35,60%;358,70%;-30,80%;20,90%;-10,20%;11,80%
;Transporte de pasajeros por agua;0;0;0;0;0;0;0;0;0;0;*;*;*;0;0;0;0;0;0;;;;;;;;;;;;;;;;;;;
;Transporte aéreo de pasajeros;0;0;*;0;0;0;0;0;0;0;0;0;0;0;0;0;0;0;0;;;;;;;;;;;;;;;;;;;
;Alquiler de equipos de transporte;*;*;*;*;*;*;*;*;*;10.161;17.129;42.174;58.152;21.792;18.984;18.241;20.986;2.497;*;;;;;;;;;;;68,60%;146,20%;37,90%;-62,50%;-12,90%;-3,90%;15,10%;-88,10%;
;Actividades de agencias de viajes y de otros servicios de reservas;0;0;0;0;0;*;*;*;*;*;*;*;*;*;*;*;*;*;*;;;;;;;;;;;;;;;;;;;
;Actividades culturales;*;*;*;0;*;*;*;*;*;*;*;*;*;*;*;0;*;0;0;;;;;;;;;;;;;;;;;;;
;Actividades deportivas y recreativas;0;0;735;854;0;0;0;0;*;*;20.091;22.305;22.468;4.342;8.394;637;884;0;2.386;;;;16,10%;-100,00%;;;;;;;11,00%;0,70%;-80,70%;93,30%;-92,40%;38,70%;-100,00%;
;Comercio al por menor de bienes característicos del turismo;1.604;1.761;1.244;1.070;2.004;1.070;1.353;1.702;1.270;1.720;1.295;3.187;3.623;5.680;5.189;2.200;2.677;3.126;2.696;;9,80%;-29,40%;-14,00%;87,30%;-46,60%;26,40%;25,80%;-25,40%;35,50%;-24,70%;146,00%;13,70%;56,80%;-8,60%;-57,60%;21,70%;16,80%;-13,80%
;Actividades relacionadas con segundos hogares y multipropiedades;25.577;28.983;0;28.290;49.322;46.208;33.724;48.986;75.409;164.405;774.969;267.993;235.683;517.201;272.888;513.031;749.740;577.177;251.275;;13,30%;-100,00%;;74,30%;-6,30%;-27,00%;45,30%;53,90%;118,00%;371,40%;-65,40%;-12,10%;119,40%;-47,20%;88,00%;46,10%;-23,00%;-56,50%
8112;Hualpén;192.315;54.087;136.114;131.451;164.736;232.194;380.260;1.139.315;363.626;370.437;496.464;633.712;676.768;752.522;597.319;664.371;885.295;1.111.107;992.461;;-71,90%;151,70%;-3,40%;25,30%;40,90%;63,80%;199,60%;-68,10%;1,90%;34,00%;27,60%;6,80%;11,20%;-20,60%;11,20%;33,30%;25,50%;-10,70%
;Alojamiento turístico;*;*;*;0;*;*;*;*;*;*;*;*;*;*;*;*;*;*;0;;;;;;;;;;;;;;;;;;;
;Actividades de provisión de alimentos y bebidas;67.267;41.683;68.407;45.439;55.508;50.805;70.304;82.906;97.218;105.629;158.287;227.018;240.635;270.086;270.272;141.068;215.281;337.025;318.763;;-38,00%;64,10%;-33,60%;22,20%;-8,50%;38,40%;17,90%;17,30%;8,70%;49,90%;43,40%;6,00%;12,20%;0,10%;-47,80%;52,60%;56,60%;-5,40%
;Transporte de pasajeros por ferrocarril;0;0;0;0;0;0;0;0;0;0;0;0;0;0;0;0;0;0;0;;;;;;;;;;;;;;;;;;;
;Transporte de pasajeros por carretera;3.671;5.114;13.361;20.686;18.334;76.440;89.952;602.111;112.826;112.588;54.396;44.144;53.478;88.921;53.064;113.271;208.720;218.216;177.324;;39,30%;161,30%;54,80%;-11,40%;316,90%;17,70%;569,40%;-81,30%;-0,20%;-51,70%;-18,80%;21,10%;66,30%;-40,30%;113,50%;84,30%;4,50%;-18,70%
;Transporte de pasajeros por agua;*;*;*;0;0;0;0;*;*;*;*;0;*;*;*;0;0;*;*;;;;;;;;;;;;;;;;;;;
;Transporte aéreo de pasajeros;0;0;0;0;*;*;*;*;0;0;*;*;0;0;0;0;0;0;0;;;;;;;;;;;;;;;;;;;
;Alquiler de equipos de transporte;*;7.290;54.345;65.325;90.894;104.949;193.182;320.775;9.128;7.328;101.363;62.580;99.962;102.542;62.063;68.027;105.822;110.483;77.701;;;645,50%;20,20%;39,10%;15,50%;84,10%;66,00%;-97,20%;-19,70%;1283,20%;-38,30%;59,70%;2,60%;-39,50%;9,60%;55,60%;4,40%;-29,70%
;Actividades de agencias de viajes y de otros servicios de reservas;0;*;*;*;*;*;*;*;*;*;0;*;*;*;*;*;*;*;*;;;;;;;;;;;;;;;;;;;
;Actividades culturales;0;0;*;*;*;*;*;*;*;*;*;*;*;*;*;*;0;0;0;;;;;;;;;;;;;;;;;;;
;Actividades deportivas y recreativas;*;*;*;*;*;*;*;*;*;*;9.991;13.839;15.136;0;0;0;0;6.146;0;;;;;;;;;;;;38,50%;9,40%;-100,00%;;;;;-100,00%
;Comercio al por menor de bienes característicos del turismo;*;*;*;*;*;*;*;*;*;*;*;573;*;*;*;*;709;1.014;1.166;;;;;;;;;;;;;;;;;;43,10%;15,00%
;Actividades relacionadas con segundos hogares y multipropiedades;121.377;0;0;0;0;0;26.822;133.524;144.454;144.891;172.428;285.559;267.556;290.972;211.920;342.004;354.764;438.222;417.506;;-100,00%;;;;;;397,80%;8,20%;0,30%;19,00%;65,60%;-6,30%;8,80%;-27,20%;61,40%;3,70%;23,50%;-4,70%
8201;Lebu;10.957;12.136;9.819;10.523;15.723;13.095;14.658;12.337;14.886;25.653;49.782;65.121;81.885;59.286;53.468;32.626;53.651;59.494;62.607;;10,80%;-19,10%;7,20%;49,40%;-16,70%;11,90%;-15,80%;20,70%;72,30%;94,10%;30,80%;25,70%;-27,60%;-9,80%;-39,00%;64,40%;10,90%;5,20%
;Alojamiento turístico;*;*;*;*;*;0;0;0;0;0;2.118;0;0;3.343;1.532;1.033;730;2.164;1.533;;;;;;;;;;;;-100,00%;;;-54,20%;-32,60%;-29,30%;196,40%;-29,10%
;Actividades de provisión de alimentos y bebidas;9.044;10.730;9.116;8.990;14.313;10.971;13.817;10.905;12.504;18.561;44.041;65.121;70.836;48.282;45.559;26.753;46.305;50.255;60.683;;18,60%;-15,00%;-1,40%;59,20%;-23,40%;25,90%;-21,10%;14,70%;48,40%;137,30%;47,90%;8,80%;-31,80%;-5,60%;-41,30%;73,10%;8,50%;20,80%
;Transporte de pasajeros por ferrocarril;0;0;0;0;0;0;0;0;0;0;0;0;0;0;0;0;0;0;0;;;;;;;;;;;;;;;;;;;
;Transporte de pasajeros por carretera;1.913;1.406;703;1.533;1.409;2.124;841;1.432;2.383;7.092;3.623;0;6.985;7.661;6.377;4.840;5.808;6.756;0;;-26,50%;-50,00%;118,10%;-8,10%;50,70%;-60,40%;70,20%;66,40%;197,70%;-48,90%;-100,00%;;9,70%;-16,80%;-24,10%;20,00%;16,30%;-100,00%
;Transporte de pasajeros por agua;0;0;0;0;0;0;0;0;0;0;*;0;0;0;0;0;0;0;0;;;;;;;;;;;;;;;;;;;
;Transporte aéreo de pasajeros;0;0;0;0;0;0;0;0;0;0;0;0;0;0;0;0;0;0;0;;;;;;;;;;;;;;;;;;;
;Alquiler de equipos de transporte;*;*;*;*;*;*;*;*;*;*;*;*;*;*;*;*;*;*;*;;;;;;;;;;;;;;;;;;;
;Actividades de agencias de viajes y de otros servicios de reservas;0;0;0;0;0;0;0;0;0;0;*;*;*;*;*;*;*;0;0;;;;;;;;;;;;;;;;;;;
;Actividades culturales;0;0;0;0;0;0;0;0;0;0;*;*;*;*;*;*;*;*;*;;;;;;;;;;;;;;;;;;;
;Actividades deportivas y recreativas;*;*;*;*;*;*;*;*;*;*;*;*;0;*;*;*;*;*;*;;;;;;;;;;;;;;;;;;;
;Comercio al por menor de bienes característicos del turismo;*;*;*;*;*;*;*;*;*;*;*;*;*;*;*;*;808;320;390;;;;;;;;;;;;;;;;;;-60,40%;21,90%
;Actividades relacionadas con segundos hogares y multipropiedades;*;*;*;*;*;*;*;*;*;*;0;0;4.064;0;0;0;0;0;0;;;;;;;;;;;;;;-100,00%;;;;;
8202;Arauco;68.967;68.918;64.751;73.238;77.130;107.280;110.950;96.181;107.185;122.190;323.021;716.797;555.013;225.226;299.133;306.634;400.192;505.717;379.559;;-0,10%;-6,00%;13,10%;5,30%;39,10%;3,40%;-13,30%;11,40%;14,00%;164,40%;121,90%;-22,60%;-59,40%;32,80%;2,50%;30,50%;26,40%;-24,90%
;Alojamiento turístico;*;0;8.067;14.781;15.852;27.210;26.800;36.617;40.579;56.251;106.333;92.836;54.628;51.917;64.246;84.891;80.411;115.212;108.206;;;;83,20%;7,20%;71,60%;-1,50%;36,60%;10,80%;38,60%;89,00%;-12,70%;-41,20%;-5,00%;23,70%;32,10%;-5,30%;43,30%;-6,10%
;Actividades de provisión de alimentos y bebidas;41.868;40.736;28.893;28.876;30.893;34.036;46.411;33.594;38.298;34.186;140.917;400.041;336.161;103.909;166.333;143.249;203.016;250.694;176.408;;-2,70%;-29,10%;-0,10%;7,00%;10,20%;36,40%;-27,60%;14,00%;-10,70%;312,20%;183,90%;-16,00%;-69,10%;60,10%;-13,90%;41,70%;23,50%;-29,60%
;Transporte de pasajeros por ferrocarril;0;0;0;0;0;0;0;0;0;0;0;0;0;0;0;0;0;0;0;;;;;;;;;;;;;;;;;;;
;Transporte de pasajeros por carretera;3.715;3.381;8.290;9.410;9.664;27.928;25.049;16.947;17.885;16.353;16.063;12.789;29.182;28.123;19.538;37.157;62.601;54.428;37.258;;-9,00%;145,20%;13,50%;2,70%;189,00%;-10,30%;-32,30%;5,50%;-8,60%;-1,80%;-20,40%;128,20%;-3,60%;-30,50%;90,20%;68,50%;-13,10%;-31,50%
;Transporte de pasajeros por agua;0;0;0;0;0;0;0;0;0;0;0;0;0;0;*;*;*;0;0;;;;;;;;;;;;;;;;;;;
;Transporte aéreo de pasajeros;0;0;0;0;0;0;0;0;0;0;0;0;0;0;0;0;0;0;0;;;;;;;;;;;;;;;;;;;
;Alquiler de equipos de transporte;23.384;24.801;19.502;20.171;17.274;14.798;5.591;4.084;3.943;7.210;22.339;142.774;102.783;15.597;27.127;12.314;15.261;54.168;20.488;;6,10%;-21,40%;3,40%;-14,40%;-14,30%;-62,20%;-27,00%;-3,40%;82,90%;209,80%;539,10%;-28,00%;-84,80%;73,90%;-54,60%;23,90%;254,90%;-62,20%
;Actividades de agencias de viajes y de otros servicios de reservas;0;0;0;*;*;*;*;*;*;*;*;*;*;*;*;*;*;*;*;;;;;;;;;;;;;;;;;;;
;Actividades culturales;0;*;*;*;*;*;*;*;*;*;*;*;*;*;*;*;*;*;*;;;;;;;;;;;;;;;;;;;
;Actividades deportivas y recreativas;*;*;*;*;*;*;*;*;*;*;*;0;0;0;0;0;0;0;0;;;;;;;;;;;;;;;;;;;
;Comercio al por menor de bienes característicos del turismo;*;*;*;*;*;*;*;*;*;*;*;*;*;4.616;1.592;2.094;1.519;2.108;2.213;;;;;;;;;;;;;;;-65,50%;31,50%;-27,50%;38,80%;4,90%
;Actividades relacionadas con segundos hogares y multipropiedades;*;0;0;0;3.447;3.309;7.099;4.940;6.480;8.189;37.369;68.357;32.260;21.065;20.297;26.930;37.384;29.107;34.987;;;;;;-4,00%;114,60%;-30,40%;31,20%;26,40%;356,30%;82,90%;-52,80%;-34,70%;-3,60%;32,70%;38,80%;-22,10%;20,20%
8203;Cañete;58.659;59.334;53.121;54.533;57.727;58.210;86.440;78.026;77.164;80.586;247.228;266.158;289.798;208.622;176.598;115.684;207.609;240.252;173.204;;1,20%;-10,50%;2,70%;5,90%;0,80%;48,50%;-9,70%;-1,10%;4,40%;206,80%;7,70%;8,90%;-28,00%;-15,30%;-34,50%;79,50%;15,70%;-27,90%
;Alojamiento turístico;0;7.496;7.122;8.872;12.272;10.936;11.277;14.247;12.445;14.203;71.474;65.189;54.590;43.693;27.788;21.263;86.385;42.327;9.392;;;-5,00%;24,60%;38,30%;-10,90%;3,10%;26,30%;-12,60%;14,10%;403,20%;-8,80%;-16,30%;-20,00%;-36,40%;-23,50%;306,30%;-51,00%;-77,80%
;Actividades de provisión de alimentos y bebidas;44.067;37.462;31.774;30.961;31.723;32.551;43.661;40.305;43.544;42.892;79.686;84.077;79.097;96.238;87.447;51.559;68.661;140.261;91.513;;-15,00%;-15,20%;-2,60%;2,50%;2,60%;34,10%;-7,70%;8,00%;-1,50%;85,80%;5,50%;-5,90%;21,70%;-9,10%;-41,00%;33,20%;104,30%;-34,80%
;Transporte de pasajeros por ferrocarril;0;0;0;0;0;0;0;0;0;0;0;0;0;0;0;0;0;0;0;;;;;;;;;;;;;;;;;;;
;Transporte de pasajeros por carretera;1.000;1.210;9.431;5.732;9.261;8.795;23.866;14.161;11.840;11.867;8.577;14.948;29.380;23.001;24.221;16.548;22.996;20.632;19.304;;21,00%;679,20%;-39,20%;61,60%;-5,00%;171,40%;-40,70%;-16,40%;0,20%;-27,70%;74,30%;96,50%;-21,70%;5,30%;-31,70%;39,00%;-10,30%;-6,40%
;Transporte de pasajeros por agua;0;0;0;0;0;0;0;0;0;0;0;0;0;0;0;0;0;0;0;;;;;;;;;;;;;;;;;;;
;Transporte aéreo de pasajeros;*;0;0;0;*;*;*;*;*;*;*;*;*;*;*;*;0;*;0;;;;;;;;;;;;;;;;;;;
;Alquiler de equipos de transporte;3.406;4.354;*;3.815;*;*;*;*;*;*;10.948;11.738;12.515;3.672;*;*;3.258;*;*;;27,90%;;;;;;;;;;7,20%;6,60%;-70,70%;;;;;
;Actividades de agencias de viajes y de otros servicios de reservas;0;0;0;0;0;*;0;0;0;0;*;*;*;*;*;*;*;*;*;;;;;;;;;;;;;;;;;;;
;Actividades culturales;*;*;*;*;*;*;*;*;*;*;*;*;*;*;*;*;*;*;*;;;;;;;;;;;;;;;;;;;
;Actividades deportivas y recreativas;*;*;*;*;*;*;*;*;*;*;0;0;0;0;0;0;0;0;*;;;;;;;;;;;;;;;;;;;
;Comercio al por menor de bienes característicos del turismo;*;*;*;*;*;*;*;499;1.184;1.595;3.899;5.886;5.401;9.080;6.748;4.736;5.890;6.571;7.353;;;;;;;;;137,40%;34,70%;144,50%;51,00%;-8,20%;68,10%;-25,70%;-29,80%;24,40%;11,60%;11,90%
;Actividades relacionadas con segundos hogares y multipropiedades;10.186;8.811;4.794;5.152;4.472;5.928;7.636;8.813;8.150;10.029;72.643;84.320;108.815;32.937;30.395;21.578;20.419;30.462;45.643;;-13,50%;-45,60%;7,50%;-13,20%;32,60%;28,80%;15,40%;-7,50%;23,10%;624,30%;16,10%;29,10%;-69,70%;-7,70%;-29,00%;-5,40%;49,20%;49,80%
8204;Contulmo;1.214;1.612;2.449;2.502;2.516;1.960;1.752;1.833;2.454;2.708;10.154;12.615;12.568;18.691;18.360;10.029;23.370;17.661;13.712;;32,80%;51,90%;2,20%;0,50%;-22,10%;-10,60%;4,60%;33,90%;10,40%;274,90%;24,20%;-0,40%;48,70%;-1,80%;-45,40%;133,00%;-24,40%;-22,40%
;Alojamiento turístico;*;*;*;*;*;*;*;*;*;0;0;0;0;0;0;0;0;0;705;;;;;;;;;;;;;;;;;;;
;Actividades de provisión de alimentos y bebidas;1.214;1.612;2.449;2.502;2.516;1.960;1.752;1.833;2.454;2.708;10.154;12.615;12.568;18.691;18.360;10.029;23.370;17.661;13.007;;32,80%;51,90%;2,20%;0,50%;-22,10%;-10,60%;4,60%;33,90%;10,40%;274,90%;24,20%;-0,40%;48,70%;-1,80%;-45,40%;133,00%;-24,40%;-26,40%
;Transporte de pasajeros por ferrocarril;0;0;0;0;0;0;0;0;0;0;0;0;0;0;0;0;0;0;0;;;;;;;;;;;;;;;;;;;
;Transporte de pasajeros por carretera;*;*;*;*;0;0;0;0;0;0;0;0;0;0;0;*;*;0;0;;;;;;;;;;;;;;;;;;;
;Transporte de pasajeros por agua;0;0;0;0;0;0;0;0;0;0;*;*;*;0;0;0;0;0;0;;;;;;;;;;;;;;;;;;;
;Transporte aéreo de pasajeros;0;0;0;0;0;0;0;0;0;0;0;0;0;0;0;0;0;0;0;;;;;;;;;;;;;;;;;;;
;Alquiler de equipos de transporte;0;0;0;*;*;0;0;0;0;0;*;*;*;*;*;*;*;*;*;;;;;;;;;;;;;;;;;;;
;Actividades de agencias de viajes y de otros servicios de reservas;0;0;0;0;0;0;0;0;0;0;*;*;*;*;*;0;0;0;*;;;;;;;;;;;;;;;;;;;
;Actividades culturales;0;0;0;0;0;0;0;0;*;0;0;0;0;0;0;0;0;0;0;;;;;;;;;;;;;;;;;;;
;Actividades deportivas y recreativas;*;*;*;0;*;*;*;*;*;*;*;*;*;*;*;*;*;*;*;;;;;;;;;;;;;;;;;;;
;Comercio al por menor de bienes característicos del turismo;*;*;*;*;*;*;*;*;*;*;*;*;*;*;*;*;*;*;*;;;;;;;;;;;;;;;;;;;
;Actividades relacionadas con segundos hogares y multipropiedades;0;0;0;0;0;0;0;0;0;*;*;*;*;*;*;*;*;*;*;;;;;;;;;;;;;;;;;;;
8205;Curanilahue;49.554;52.202;46.406;52.559;58.687;56.383;73.137;55.794;62.677;72.591;144.694;142.066;124.431;140.226;135.726;76.761;109.013;116.567;100.012;;5,30%;-11,10%;13,30%;11,70%;-3,90%;29,70%;-23,70%;12,30%;15,80%;99,30%;-1,80%;-12,40%;12,70%;-3,20%;-43,40%;42,00%;6,90%;-14,20%
;Alojamiento turístico;*;*;*;*;*;0;0;0;0;0;0;0;0;0;0;0;0;0;0;;;;;;;;;;;;;;;;;;;
;Actividades de provisión de alimentos y bebidas;32.125;30.655;25.261;23.197;26.513;29.135;38.362;39.393;42.097;49.720;71.279;71.789;70.707;96.558;97.448;53.819;77.763;90.475;54.785;;-4,60%;-17,60%;-8,20%;14,30%;9,90%;31,70%;2,70%;6,90%;18,10%;43,40%;0,70%;-1,50%;36,60%;0,90%;-44,80%;44,50%;16,30%;-39,40%
;Transporte de pasajeros por ferrocarril;0;0;0;0;0;0;0;0;0;0;0;0;0;0;0;0;0;0;0;;;;;;;;;;;;;;;;;;;
;Transporte de pasajeros por carretera;8.323;12.520;15.234;21.533;15.071;10.517;13.957;12.372;17.291;18.803;45.681;46.794;34.398;32.802;31.106;10.797;6.990;19.178;32.941;;50,40%;21,70%;41,40%;-30,00%;-30,20%;32,70%;-11,40%;39,80%;8,70%;142,90%;2,40%;-26,50%;-4,60%;-5,20%;-65,30%;-35,30%;174,40%;71,80%
;Transporte de pasajeros por agua;0;0;0;0;0;0;0;0;0;0;0;0;0;0;0;0;0;0;0;;;;;;;;;;;;;;;;;;;
;Transporte aéreo de pasajeros;0;0;0;0;0;0;0;0;0;0;0;0;0;0;0;0;0;0;0;;;;;;;;;;;;;;;;;;;
;Alquiler de equipos de transporte;9.106;9.027;5.912;7.828;17.103;16.730;20.818;4.029;3.289;4.067;27.735;23.483;19.326;10.865;7.173;12.145;24.260;6.914;12.287;;-0,90%;-34,50%;32,40%;118,50%;-2,20%;24,40%;-80,60%;-18,40%;23,60%;581,90%;-15,30%;-17,70%;-43,80%;-34,00%;69,30%;99,70%;-71,50%;77,70%
;Actividades de agencias de viajes y de otros servicios de reservas;0;0;0;0;0;*;*;*;0;*;*;*;*;*;*;*;*;*;*;;;;;;;;;;;;;;;;;;;
;Actividades culturales;0;0;0;0;0;0;0;0;0;0;*;*;*;*;*;*;*;*;*;;;;;;;;;;;;;;;;;;;
;Actividades deportivas y recreativas;0;*;*;*;*;*;*;*;*;*;*;*;*;*;*;*;*;*;*;;;;;;;;;;;;;;;;;;;
;Comercio al por menor de bienes característicos del turismo;*;*;*;*;*;*;*;*;*;*;*;*;*;*;*;*;*;*;*;;;;;;;;;;;;;;;;;;;
;Actividades relacionadas con segundos hogares y multipropiedades;*;*;*;*;*;*;*;*;*;*;*;*;0;0;0;0;0;0;0;;;;;;;;;;;;;;;;;;;
8206;Los Álamos;19.725;16.110;12.089;14.901;16.970;17.796;27.503;18.839;32.614;23.438;38.978;46.470;55.598;57.349;69.503;27.971;45.901;65.729;42.465;;-18,30%;-25,00%;23,30%;13,90%;4,90%;54,50%;-31,50%;73,10%;-28,10%;66,30%;19,20%;19,60%;3,20%;21,20%;-59,80%;64,10%;43,20%;-35,40%
;Alojamiento turístico;*;*;*;*;*;*;*;*;*;*;0;0;0;0;*;*;*;0;*;;;;;;;;;;;;;;;;;;;
;Actividades de provisión de alimentos y bebidas;15.947;12.126;7.138;6.908;7.308;9.395;15.624;13.867;27.282;18.190;17.714;18.580;23.496;28.144;38.455;25.489;42.559;44.412;39.518;;-24,00%;-41,10%;-3,20%;5,80%;28,60%;66,30%;-11,20%;96,70%;-33,30%;-2,60%;4,90%;26,50%;19,80%;36,60%;-33,70%;67,00%;4,40%;-11,00%
;Transporte de pasajeros por ferrocarril;0;0;0;0;0;0;0;0;0;0;0;0;0;0;0;0;0;0;0;;;;;;;;;;;;;;;;;;;
;Transporte de pasajeros por carretera;3.779;3.984;4.951;7.993;9.662;8.400;8.724;2.600;3.179;3.179;4.535;5.535;9.285;11.400;12.132;0;0;19.725;0;;5,40%;24,20%;61,50%;20,90%;-13,10%;3,80%;-70,20%;22,30%;0,00%;42,70%;22,00%;67,80%;22,80%;6,40%;-100,00%;;;-100,00%
;Transporte de pasajeros por agua;0;0;0;0;0;0;0;0;0;0;0;0;0;0;0;0;0;0;0;;;;;;;;;;;;;;;;;;;
;Transporte aéreo de pasajeros;0;0;0;0;0;0;0;0;0;0;0;0;0;0;0;0;0;0;0;;;;;;;;;;;;;;;;;;;
;Alquiler de equipos de transporte;*;*;*;*;*;*;3.155;2.372;2.153;2.069;16.729;22.356;22.816;17.805;18.916;2.482;3.342;1.591;2.947;;;;;;;;-24,80%;-9,20%;-3,90%;708,50%;33,60%;2,10%;-22,00%;6,20%;-86,90%;34,70%;-52,40%;85,20%
;Actividades de agencias de viajes y de otros servicios de reservas;0;*;0;0;0;0;*;*;0;0;*;*;*;0;0;*;*;*;*;;;;;;;;;;;;;;;;;;;
;Actividades culturales;0;0;0;0;0;0;0;0;0;0;*;*;*;*;*;*;0;*;*;;;;;;;;;;;;;;;;;;;
;Actividades deportivas y recreativas;*;*;*;*;*;*;*;*;*;*;*;*;*;*;*;*;*;*;*;;;;;;;;;;;;;;;;;;;
;Comercio al por menor de bienes característicos del turismo;*;*;*;*;*;*;*;*;*;*;*;*;*;*;*;*;*;*;*;;;;;;;;;;;;;;;;;;;
;Actividades relacionadas con segundos hogares y multipropiedades;*;0;0;0;0;0;0;*;*;*;*;*;*;*;*;*;*;*;*;;;;;;;;;;;;;;;;;;;
8207;Tirúa;3.188;3.322;3.868;4.649;3.804;5.417;4.359;3.528;1.065;3.757;8.215;11.512;24.426;18.013;19.212;19.962;24.287;27.127;32.360;;4,20%;16,40%;20,20%;-18,20%;42,40%;-19,50%;-19,10%;-69,80%;252,80%;118,70%;40,10%;112,20%;-26,30%;6,70%;3,90%;21,70%;11,70%;19,30%
;Alojamiento turístico;*;*;0;307;0;1.515;956;457;1.065;361;2.325;5.342;5.335;4.923;2.318;1.585;346;994;0;;;;;-100,00%;;-36,90%;-52,20%;132,80%;-66,10%;544,60%;129,70%;-0,10%;-7,70%;-52,90%;-31,60%;-78,20%;187,20%;-100,00%
;Actividades de provisión de alimentos y bebidas;3.188;3.322;3.868;4.342;3.804;3.903;3.403;3.071;0;3.396;5.890;6.171;19.091;13.090;9.397;14.619;18.389;13.637;12.832;;4,20%;16,40%;12,30%;-12,40%;2,60%;-12,80%;-9,70%;-100,00%;;73,40%;4,80%;209,40%;-31,40%;-28,20%;55,60%;25,80%;-25,80%;-5,90%
;Transporte de pasajeros por ferrocarril;0;0;0;0;0;0;0;0;0;0;0;0;0;0;0;0;0;0;0;;;;;;;;;;;;;;;;;;;
;Transporte de pasajeros por carretera;*;*;0;*;0;0;0;0;0;0;0;0;0;0;7.497;3.758;5.552;12.495;19.528;;;;;;;;;;;;;;;;-49,90%;47,70%;125,10%;56,30%
;Transporte de pasajeros por agua;0;0;0;0;0;0;0;0;0;0;0;0;0;0;0;0;0;*;*;;;;;;;;;;;;;;;;;;;
;Transporte aéreo de pasajeros;0;0;0;0;0;0;0;0;0;0;0;0;0;0;0;0;0;0;0;;;;;;;;;;;;;;;;;;;
;Alquiler de equipos de transporte;0;0;0;0;0;0;0;*;*;0;*;*;*;*;*;*;*;*;*;;;;;;;;;;;;;;;;;;;
;Actividades de agencias de viajes y de otros servicios de reservas;0;0;0;0;0;0;0;0;0;0;*;*;*;*;*;0;0;0;0;;;;;;;;;;;;;;;;;;;
;Actividades culturales;0;0;0;0;0;0;0;0;0;0;0;0;0;0;0;0;0;0;*;;;;;;;;;;;;;;;;;;;
;Actividades deportivas y recreativas;0;0;0;*;0;0;*;*;0;*;*;*;*;*;0;0;0;*;*;;;;;;;;;;;;;;;;;;;
;Comercio al por menor de bienes característicos del turismo;*;*;*;*;*;*;0;0;*;*;*;*;*;*;*;*;*;*;*;;;;;;;;;;;;;;;;;;;
;Actividades relacionadas con segundos hogares y multipropiedades;0;0;0;0;0;0;0;*;*;*;*;*;*;*;*;*;*;*;*;;;;;;;;;;;;;;;;;;;
8301;Los Ángeles;1.909.307;1.512.585;1.440.521;1.474.606;1.823.359;2.152.818;2.601.089;2.194.201;2.472.187;2.838.897;5.911.519;7.933.353;8.706.731;5.948.015;4.707.483;4.243.741;5.116.613;5.052.875;5.130.212;;-20,80%;-4,80%;2,40%;23,70%;18,10%;20,80%;-15,60%;12,70%;14,80%;108,20%;34,20%;9,70%;-31,70%;-20,90%;-9,90%;20,60%;-1,20%;1,50%
;Alojamiento turístico;69.251;100.393;108.604;131.916;129.367;203.449;260.550;285.329;220.420;145.077;96.523;124.456;116.293;164.745;200.169;143.274;222.212;244.886;201.367;;45,00%;8,20%;21,50%;-1,90%;57,30%;28,10%;9,50%;-22,70%;-34,20%;-33,50%;28,90%;-6,60%;41,70%;21,50%;-28,40%;55,10%;10,20%;-17,80%
;Actividades de provisión de alimentos y bebidas;1.176.598;511.352;481.531;541.845;602.581;644.852;694.935;754.593;857.313;881.450;1.035.083;1.536.327;1.328.994;1.433.928;1.477.555;873.132;1.263.768;1.525.149;1.617.701;;-56,50%;-5,80%;12,50%;11,20%;7,00%;7,80%;8,60%;13,60%;2,80%;17,40%;48,40%;-13,50%;7,90%;3,00%;-40,90%;44,70%;20,70%;6,10%
;Transporte de pasajeros por ferrocarril;0;*;0;0;0;0;0;0;0;0;0;0;*;0;*;0;0;0;*;;;;;;;;;;;;;;;;;;;
;Transporte de pasajeros por carretera;93.230;132.115;152.313;171.563;191.297;198.600;280.009;335.345;372.947;417.967;447.591;456.572;621.086;493.887;531.308;495.885;706.776;655.206;710.409;;41,70%;15,30%;12,60%;11,50%;3,80%;41,00%;19,80%;11,20%;12,10%;7,10%;2,00%;36,00%;-20,50%;7,60%;-6,70%;42,50%;-7,30%;8,40%
;Transporte de pasajeros por agua;*;0;0;0;0;0;0;0;0;0;0;0;*;0;0;0;0;0;0;;;;;;;;;;;;;;;;;;;
;Transporte aéreo de pasajeros;0;0;0;0;0;0;0;0;0;0;0;0;0;0;0;0;0;0;0;;;;;;;;;;;;;;;;;;;
;Alquiler de equipos de transporte;59.642;82.694;57.514;47.772;122.511;428.460;139.904;57.461;54.682;52.319;542.101;625.784;950.888;294.107;172.330;169.637;229.439;244.919;293.407;;38,70%;-30,40%;-16,90%;156,40%;249,70%;-67,30%;-58,90%;-4,80%;-4,30%;936,20%;15,40%;52,00%;-69,10%;-41,40%;-1,60%;35,30%;6,70%;19,80%
;Actividades de agencias de viajes y de otros servicios de reservas;*;*;*;*;*;*;*;*;*;*;*;*;22.463;0;0;*;0;0;45.186;;;;;;;;;;;;;;-100,00%;;;;;
;Actividades culturales;*;*;0;*;0;*;*;*;*;0;42.966;56.044;46.632;32.394;44.741;3.502;3.404;25.728;18.535;;;;;;;;;;;;30,40%;-16,80%;-30,50%;38,10%;-92,20%;-2,80%;655,80%;-28,00%
;Actividades deportivas y recreativas;0;0;0;0;0;1.206;921;0;0;2.160;594.463;604.129;635.263;161.974;146.180;126.951;142.906;158.497;138.878;;;;;;;-23,60%;-100,00%;;;27426,30%;1,60%;5,20%;-74,50%;-9,80%;-13,20%;12,60%;10,90%;-12,40%
;Comercio al por menor de bienes característicos del turismo;4.785;3.651;1.895;*;2.051;1.930;1.881;3.880;3.079;3.458;3.318;8.883;10.856;7.729;8.545;9.429;9.421;6.964;13.406;;-23,70%;-48,10%;;;-5,90%;-2,60%;106,30%;-20,60%;12,30%;-4,00%;167,70%;22,20%;-28,80%;10,60%;10,30%;-0,10%;-26,10%;92,50%
;Actividades relacionadas con segundos hogares y multipropiedades;505.800;682.380;638.663;581.509;775.552;674.322;1.222.889;757.594;963.746;1.336.466;3.149.473;4.521.157;4.974.257;3.359.252;2.126.654;2.421.931;2.538.687;2.191.527;2.091.323;;34,90%;-6,40%;-8,90%;33,40%;-13,10%;81,40%;-38,00%;27,20%;38,70%;135,70%;43,60%;10,00%;-32,50%;-36,70%;13,90%;4,80%;-13,70%;-4,60%
8302;Antuco;0;0;0;0;0;0;0;0;0;0;5.554;3.665;4.851;4.791;4.071;3.700;9.564;13.338;14.275;;;;;;;;;;;;-34,00%;32,40%;-1,20%;-15,00%;-9,10%;158,50%;39,50%;7,00%
;Alojamiento turístico;*;*;*;*;*;*;*;*;*;*;0;0;0;0;0;0;0;0;0;;;;;;;;;;;;;;;;;;;
;Actividades de provisión de alimentos y bebidas;0;*;*;*;*;*;*;*;*;*;5.554;3.665;4.851;4.791;4.071;3.700;9.564;13.338;14.275;;;;;;;;;;;;-34,00%;32,40%;-1,20%;-15,00%;-9,10%;158,50%;39,50%;7,00%
;Transporte de pasajeros por ferrocarril;0;0;0;0;0;0;0;0;0;0;0;0;0;0;0;0;0;0;0;;;;;;;;;;;;;;;;;;;
;Transporte de pasajeros por carretera;*;*;*;*;*;*;*;*;*;*;*;*;*;*;*;*;*;*;*;;;;;;;;;;;;;;;;;;;
;Transporte de pasajeros por agua;0;0;0;0;0;0;0;0;0;0;0;0;0;0;0;0;0;0;0;;;;;;;;;;;;;;;;;;;
;Transporte aéreo de pasajeros;0;0;0;0;0;0;0;0;0;0;0;0;0;0;0;0;0;0;0;;;;;;;;;;;;;;;;;;;
;Alquiler de equipos de transporte;0;0;0;0;0;0;0;0;0;0;*;*;*;*;*;0;0;*;*;;;;;;;;;;;;;;;;;;;
;Actividades de agencias de viajes y de otros servicios de reservas;0;0;0;0;0;0;0;0;*;*;*;*;*;*;*;*;*;*;*;;;;;;;;;;;;;;;;;;;
;Actividades culturales;0;0;0;0;0;0;0;0;0;0;0;0;0;0;*;0;0;0;0;;;;;;;;;;;;;;;;;;;
;Actividades deportivas y recreativas;*;0;0;0;0;0;*;*;0;0;0;*;*;*;*;*;*;*;*;;;;;;;;;;;;;;;;;;;
;Comercio al por menor de bienes característicos del turismo;*;*;*;0;0;0;0;0;*;*;*;*;*;*;*;*;*;*;*;;;;;;;;;;;;;;;;;;;
;Actividades relacionadas con segundos hogares y multipropiedades;0;0;0;0;0;0;0;*;*;*;*;*;*;*;*;*;*;*;*;;;;;;;;;;;;;;;;;;;
8303;Cabrero;33.226;38.047;52.863;59.240;47.804;81.781;57.089;43.693;60.248;67.681;111.739;154.095;211.852;169.422;175.146;140.191;213.689;208.752;193.190;;14,50%;38,90%;12,10%;-19,30%;71,10%;-30,20%;-23,50%;37,90%;12,30%;65,10%;37,90%;37,50%;-20,00%;3,40%;-20,00%;52,40%;-2,30%;-7,50%
;Alojamiento turístico;*;0;8.464;8.341;8.167;11.919;9.870;7.267;0;9.484;20.077;30.272;31.208;25.886;26.045;12.434;7.740;22.694;16.744;;;;-1,50%;-2,10%;45,90%;-17,20%;-26,40%;-100,00%;;111,70%;50,80%;3,10%;-17,10%;0,60%;-52,30%;-37,80%;193,20%;-26,20%
;Actividades de provisión de alimentos y bebidas;18.934;20.352;20.083;20.318;19.787;45.704;25.045;22.481;27.497;25.453;59.346;54.979;72.491;59.575;70.174;46.757;77.519;81.985;88.362;;7,50%;-1,30%;1,20%;-2,60%;131,00%;-45,20%;-10,20%;22,30%;-7,40%;133,20%;-7,40%;31,90%;-17,80%;17,80%;-33,40%;65,80%;5,80%;7,80%
;Transporte de pasajeros por ferrocarril;0;0;0;0;0;0;0;0;0;0;0;0;0;0;0;0;0;0;0;;;;;;;;;;;;;;;;;;;
;Transporte de pasajeros por carretera;14.292;17.695;24.315;30.582;19.850;24.158;22.174;13.946;32.750;32.744;21.997;53.511;78.600;39.495;33.233;38.931;42.856;47.261;39.245;;23,80%;37,40%;25,80%;-35,10%;21,70%;-8,20%;-37,10%;134,80%;0,00%;-32,80%;143,30%;46,90%;-49,80%;-15,90%;17,10%;10,10%;10,30%;-17,00%
;Transporte de pasajeros por agua;0;0;0;0;0;0;0;0;0;0;0;0;0;0;0;0;0;0;0;;;;;;;;;;;;;;;;;;;
;Transporte aéreo de pasajeros;0;0;0;0;0;0;0;0;0;0;0;0;0;0;0;0;0;0;0;;;;;;;;;;;;;;;;;;;
;Alquiler de equipos de transporte;*;*;*;*;*;*;*;*;*;*;*;12.942;23.581;8.873;7.418;*;7.823;*;*;;;;;;;;;;;;;82,20%;-62,40%;-16,40%;;;;
;Actividades de agencias de viajes y de otros servicios de reservas;0;0;0;0;0;0;0;0;0;0;*;*;*;*;*;*;0;*;*;;;;;;;;;;;;;;;;;;;
;Actividades culturales;0;0;0;0;0;0;0;0;*;*;*;*;*;*;*;*;*;*;*;;;;;;;;;;;;;;;;;;;
;Actividades deportivas y recreativas;*;*;*;*;0;*;*;*;*;*;2.271;2.391;3.490;2.130;0;0;0;0;0;;;;;;;;;;;;5,30%;45,90%;-39,00%;-100,00%;;;;
;Comercio al por menor de bienes característicos del turismo;*;*;*;0;*;*;*;*;*;*;*;*;2.482;2.988;5.287;2.540;3.074;3.934;3.858;;;;;;;;;;;;;;20,40%;77,00%;-52,00%;21,00%;28,00%;-1,90%
;Actividades relacionadas con segundos hogares y multipropiedades;*;*;*;*;0;0;0;*;*;0;8.048;0;0;30.475;32.990;39.531;74.676;52.877;44.981;;;;;;;;;;;;-100,00%;;;8,30%;19,80%;88,90%;-29,20%;-14,90%
8304;Laja;21.682;35.196;19.054;20.467;24.498;44.612;56.141;45.532;44.700;55.142;92.238;255.911;271.978;80.975;101.545;66.085;88.369;86.186;100.849;;62,30%;-45,90%;7,40%;19,70%;82,10%;25,80%;-18,90%;-1,80%;23,40%;67,30%;177,40%;6,30%;-70,20%;25,40%;-34,90%;33,70%;-2,50%;17,00%
;Alojamiento turístico;*;*;*;0;0;7.650;12.363;12.976;11.967;5.702;36.993;6.026;19.729;5.492;7.685;11.755;11.199;8.083;19.530;;;;;;;61,60%;5,00%;-7,80%;-52,30%;548,70%;-83,70%;227,40%;-72,20%;39,90%;53,00%;-4,70%;-27,80%;141,60%
;Actividades de provisión de alimentos y bebidas;16.375;16.817;13.872;13.353;12.533;14.600;17.057;14.899;15.120;29.018;33.448;211.785;216.882;31.446;36.297;19.475;32.939;36.877;35.347;;2,70%;-17,50%;-3,70%;-6,10%;16,50%;16,80%;-12,70%;1,50%;91,90%;15,30%;533,20%;2,40%;-85,50%;15,40%;-46,30%;69,10%;12,00%;-4,10%
;Transporte de pasajeros por ferrocarril;0;0;0;0;0;0;0;0;0;0;0;0;0;0;0;0;0;0;0;;;;;;;;;;;;;;;;;;;
;Transporte de pasajeros por carretera;5.307;18.379;5.182;7.114;11.965;22.362;26.720;17.657;17.613;20.421;21.798;38.100;29.103;44.038;57.563;34.855;44.231;41.225;45.971;;246,30%;-71,80%;37,30%;68,20%;86,90%;19,50%;-33,90%;-0,30%;15,90%;6,70%;74,80%;-23,60%;51,30%;30,70%;-39,40%;26,90%;-6,80%;11,50%
;Transporte de pasajeros por agua;0;0;0;0;0;0;0;0;0;0;0;0;0;0;0;0;0;0;0;;;;;;;;;;;;;;;;;;;
;Transporte aéreo de pasajeros;0;0;0;0;0;0;0;0;0;0;0;0;0;0;0;0;0;0;0;;;;;;;;;;;;;;;;;;;
;Alquiler de equipos de transporte;*;*;*;*;*;*;*;*;*;*;*;*;*;*;*;*;*;*;*;;;;;;;;;;;;;;;;;;;
;Actividades de agencias de viajes y de otros servicios de reservas;0;0;0;0;0;0;0;0;0;0;*;*;*;0;0;0;0;0;0;;;;;;;;;;;;;;;;;;;
;Actividades culturales;0;*;0;0;*;0;0;0;0;0;*;*;*;*;*;*;*;*;*;;;;;;;;;;;;;;;;;;;
;Actividades deportivas y recreativas;*;*;*;*;*;*;*;*;*;*;*;0;0;0;0;*;*;0;0;;;;;;;;;;;;;;;;;;;
;Comercio al por menor de bienes característicos del turismo;*;*;0;*;*;*;*;*;*;*;*;*;*;*;*;*;*;*;*;;;;;;;;;;;;;;;;;;;
;Actividades relacionadas con segundos hogares y multipropiedades;*;*;*;*;*;*;*;*;*;*;*;*;6.264;0;0;*;*;0;0;;;;;;;;;;;;;;-100,00%;;;;;
8305;Mulchén;41.245;51.494;36.122;35.520;39.088;47.095;59.306;67.426;82.278;51.334;98.437;101.459;100.148;108.196;139.359;66.120;77.628;84.715;98.164;;24,80%;-29,90%;-1,70%;10,00%;20,50%;25,90%;13,70%;22,00%;-37,60%;91,80%;3,10%;-1,30%;8,00%;28,80%;-52,60%;17,40%;9,10%;15,90%
;Alojamiento turístico;*;*;*;0;*;*;*;0;0;0;13.294;17.023;11.444;11.890;9.095;5.792;0;0;0;;;;;;;;;;;;28,00%;-32,80%;3,90%;-23,50%;-36,30%;-100,00%;;
;Actividades de provisión de alimentos y bebidas;36.594;45.491;27.941;27.083;30.200;36.075;47.741;49.288;64.900;35.307;59.045;65.011;61.130;55.511;57.976;32.278;48.009;49.136;60.489;;24,30%;-38,60%;-3,10%;11,50%;19,50%;32,30%;3,20%;31,70%;-45,60%;67,20%;10,10%;-6,00%;-9,20%;4,40%;-44,30%;48,70%;2,30%;23,10%
;Transporte de pasajeros por ferrocarril;0;0;0;0;0;0;0;0;0;0;0;0;0;0;0;0;0;0;0;;;;;;;;;;;;;;;;;;;
;Transporte de pasajeros por carretera;4.652;6.003;8.182;8.437;8.888;11.021;11.565;18.138;17.378;16.027;22.929;19.425;14.753;27.696;72.288;28.051;26.284;35.578;37.674;;29,00%;36,30%;3,10%;5,40%;24,00%;4,90%;56,80%;-4,20%;-7,80%;43,10%;-15,30%;-24,10%;87,70%;161,00%;-61,20%;-6,30%;35,40%;5,90%
;Transporte de pasajeros por agua;*;0;0;0;0;0;0;0;0;0;0;0;0;0;0;0;0;0;0;;;;;;;;;;;;;;;;;;;
;Transporte aéreo de pasajeros;0;0;0;0;0;0;0;0;0;0;0;0;0;0;0;0;0;0;0;;;;;;;;;;;;;;;;;;;
;Alquiler de equipos de transporte;*;*;*;*;*;*;*;*;*;*;3.168;*;12.821;*;*;*;3.335;*;*;;;;;;;;;;;;;;;;;;;
;Actividades de agencias de viajes y de otros servicios de reservas;0;0;0;0;0;0;0;0;0;0;*;*;*;*;*;*;*;*;*;;;;;;;;;;;;;;;;;;;
;Actividades culturales;0;0;0;0;0;*;*;*;0;*;*;*;*;*;*;*;*;*;*;;;;;;;;;;;;;;;;;;;
;Actividades deportivas y recreativas;*;*;*;*;*;*;*;*;*;*;0;0;0;13.099;0;0;0;0;0;;;;;;;;;;;;;;;-100,00%;;;;
;Comercio al por menor de bienes característicos del turismo;*;*;*;*;*;*;*;*;*;*;*;*;*;*;*;*;*;*;*;;;;;;;;;;;;;;;;;;;
;Actividades relacionadas con segundos hogares y multipropiedades;*;*;*;*;*;*;*;*;*;*;*;0;0;0;0;0;0;0;0;;;;;;;;;;;;;;;;;;;
8306;Nacimiento;79.371;92.264;68.318;52.074;58.750;66.964;58.314;59.268;33.639;46.878;86.903;417.807;445.633;109.121;113.626;103.061;135.993;199.230;148.796;;16,20%;-26,00%;-23,80%;12,80%;14,00%;-12,90%;1,60%;-43,20%;39,40%;85,40%;380,80%;6,70%;-75,50%;4,10%;-9,30%;32,00%;46,50%;-25,30%
;Alojamiento turístico;6.817;7.507;11.250;9.449;15.032;20.182;18.846;21.948;0;16.727;41.435;41.376;35.816;12.293;20.590;22.632;34.048;35.626;36.364;;10,10%;49,90%;-16,00%;59,10%;34,30%;-6,60%;16,50%;-100,00%;;147,70%;-0,10%;-13,40%;-65,70%;67,50%;9,90%;50,40%;4,60%;2,10%
;Actividades de provisión de alimentos y bebidas;47.833;51.210;18.052;11.447;17.436;11.710;14.355;15.945;18.878;18.230;29.749;38.777;43.919;82.765;76.512;61.237;69.531;73.898;74.337;;7,10%;-64,70%;-36,60%;52,30%;-32,80%;22,60%;11,10%;18,40%;-3,40%;63,20%;30,30%;13,30%;88,50%;-7,60%;-20,00%;13,50%;6,30%;0,60%
;Transporte de pasajeros por ferrocarril;0;0;0;0;0;0;0;0;0;0;0;0;0;0;0;0;0;0;0;;;;;;;;;;;;;;;;;;;
;Transporte de pasajeros por carretera;24.721;33.548;39.016;31.178;26.281;35.072;25.113;21.375;14.761;11.921;15.718;13.259;6.767;12.712;15.897;18.722;23.315;89.706;37.043;;35,70%;16,30%;-20,10%;-15,70%;33,40%;-28,40%;-14,90%;-30,90%;-19,20%;31,90%;-15,60%;-49,00%;87,90%;25,10%;17,80%;24,50%;284,80%;-58,70%
;Transporte de pasajeros por agua;0;0;0;0;0;0;0;0;0;0;0;0;0;0;0;*;*;*;*;;;;;;;;;;;;;;;;;;;
;Transporte aéreo de pasajeros;0;0;0;0;0;0;0;0;0;0;0;0;0;0;0;0;0;0;0;;;;;;;;;;;;;;;;;;;
;Alquiler de equipos de transporte;*;*;*;*;*;*;*;*;*;*;*;317.972;347.402;1.350;*;*;8.021;*;*;;;;;;;;;;;;;9,30%;-99,60%;;;;;
;Actividades de agencias de viajes y de otros servicios de reservas;0;0;0;0;*;*;*;*;*;0;0;0;0;0;*;*;*;*;*;;;;;;;;;;;;;;;;;;;
;Actividades culturales;0;0;0;0;*;*;0;0;0;0;0;*;*;*;*;*;*;*;*;;;;;;;;;;;;;;;;;;;
;Actividades deportivas y recreativas;*;*;*;0;*;*;*;*;*;*;*;*;*;0;0;*;*;*;0;;;;;;;;;;;;;;;;;;;
;Comercio al por menor de bienes característicos del turismo;*;*;*;*;*;*;*;*;*;*;*;*;*;*;627;469;1.078;*;1.052;;;;;;;;;;;;;;;;-25,20%;129,90%;;
;Actividades relacionadas con segundos hogares y multipropiedades;*;*;*;*;*;*;*;*;*;*;0;6.423;11.730;0;0;0;0;0;0;;;;;;;;;;;;;82,60%;-100,00%;;;;;
8307;Negrete;0;0;0;0;0;0;0;0;0;0;9.998;15.577;18.199;30.601;21.806;35.157;44.177;58.818;60.278;;;;;;;;;;;;55,80%;16,80%;68,10%;-28,70%;61,20%;25,70%;33,10%;2,50%
;Alojamiento turístico;*;0;*;*;*;*;*;*;*;*;*;*;*;*;*;*;*;*;*;;;;;;;;;;;;;;;;;;;
;Actividades de provisión de alimentos y bebidas;*;*;*;*;*;*;*;*;*;*;5.848;14.783;13.360;27.757;21.806;30.420;38.909;52.768;60.278;;;;;;;;;;;;152,80%;-9,60%;107,80%;-21,40%;39,50%;27,90%;35,60%;14,20%
;Transporte de pasajeros por ferrocarril;0;0;0;0;0;0;0;0;0;0;0;0;0;0;0;0;0;0;0;;;;;;;;;;;;;;;;;;;
;Transporte de pasajeros por carretera;0;0;0;0;0;0;0;0;0;0;4.151;794;4.839;2.844;0;4.738;5.269;6.050;0;;;;;;;;;;;;-80,90%;509,10%;-41,20%;-100,00%;;11,20%;14,80%;-100,00%
;Transporte de pasajeros por agua;0;0;0;0;0;0;0;0;0;0;0;0;0;0;0;0;0;0;0;;;;;;;;;;;;;;;;;;;
;Transporte aéreo de pasajeros;0;0;0;0;0;0;0;0;0;0;0;0;0;0;0;0;0;0;0;;;;;;;;;;;;;;;;;;;
;Alquiler de equipos de transporte;0;0;0;0;0;0;0;0;0;0;0;0;*;*;*;*;*;0;*;;;;;;;;;;;;;;;;;;;
;Actividades de agencias de viajes y de otros servicios de reservas;0;0;0;0;0;0;0;0;0;0;0;0;0;0;0;0;0;0;0;;;;;;;;;;;;;;;;;;;
;Actividades culturales;0;0;0;0;0;0;0;0;0;0;0;0;0;0;*;*;0;0;0;;;;;;;;;;;;;;;;;;;
;Actividades deportivas y recreativas;*;*;*;*;0;0;0;0;*;*;*;*;*;*;*;*;*;*;*;;;;;;;;;;;;;;;;;;;
;Comercio al por menor de bienes característicos del turismo;0;0;0;0;0;0;0;0;0;0;0;*;*;0;0;*;*;*;*;;;;;;;;;;;;;;;;;;;
;Actividades relacionadas con segundos hogares y multipropiedades;*;*;*;0;*;0;*;*;*;*;*;*;*;*;0;0;0;0;0;;;;;;;;;;;;;;;;;;;
8308;Quilaco;0;*;*;*;*;0;0;0;0;0;0;0;3.841;5.409;8.707;6.300;9.376;6.465;8.849;;;;;;;;;;;;;;40,80%;61,00%;-27,60%;48,80%;-31,00%;36,90%
;Alojamiento turístico;0;0;0;0;*;*;*;*;*;*;*;*;*;*;*;*;2.265;0;0;;;;;;;;;;;;;;;;;;-100,00%;
;Actividades de provisión de alimentos y bebidas;*;*;*;*;*;*;*;*;*;*;*;*;3.841;5.409;8.707;6.300;7.111;6.465;8.849;;;;;;;;;;;;;;40,80%;61,00%;-27,60%;12,90%;-9,10%;36,90%
;Transporte de pasajeros por ferrocarril;0;0;0;0;0;0;0;0;0;0;0;0;0;0;0;0;0;0;0;;;;;;;;;;;;;;;;;;;
;Transporte de pasajeros por carretera;*;*;*;*;*;*;*;*;*;*;*;*;*;*;*;*;*;*;*;;;;;;;;;;;;;;;;;;;
;Transporte de pasajeros por agua;0;0;0;0;0;0;0;0;0;0;0;0;*;0;0;0;0;0;0;;;;;;;;;;;;;;;;;;;
;Transporte aéreo de pasajeros;0;0;0;0;0;0;0;0;0;0;0;0;0;0;0;0;0;0;0;;;;;;;;;;;;;;;;;;;
;Alquiler de equipos de transporte;0;0;0;0;0;0;0;0;0;0;*;*;*;*;*;*;*;*;*;;;;;;;;;;;;;;;;;;;
;Actividades de agencias de viajes y de otros servicios de reservas;0;0;0;0;0;0;0;0;0;0;0;0;0;0;0;0;0;0;0;;;;;;;;;;;;;;;;;;;
;Actividades culturales;0;0;0;0;0;0;0;0;0;0;0;0;0;0;0;0;0;0;0;;;;;;;;;;;;;;;;;;;
;Actividades deportivas y recreativas;*;*;*;*;*;*;*;*;*;0;*;*;*;*;*;*;*;*;0;;;;;;;;;;;;;;;;;;;
;Comercio al por menor de bienes característicos del turismo;0;0;0;0;0;0;0;0;0;0;0;0;0;0;0;0;0;0;0;;;;;;;;;;;;;;;;;;;
;Actividades relacionadas con segundos hogares y multipropiedades;0;0;0;0;0;0;0;0;0;0;0;0;0;0;*;*;*;*;*;;;;;;;;;;;;;;;;;;;
8309;Quilleco;4.480;3.874;7.529;2.116;1.751;2.547;3.667;2.349;1.808;2.895;4.568;5.217;6.765;5.313;4.541;3.543;4.903;9.519;8.333;;-13,50%;94,30%;-71,90%;-17,20%;45,50%;43,90%;-35,90%;-23,00%;60,10%;57,80%;14,20%;29,70%;-21,50%;-14,50%;-22,00%;38,40%;94,20%;-12,50%
;Alojamiento turístico;*;*;*;*;*;*;*;*;*;0;*;*;*;*;*;*;*;*;*;;;;;;;;;;;;;;;;;;;
;Actividades de provisión de alimentos y bebidas;4.480;3.874;2.177;2.116;1.751;2.547;3.667;2.349;1.808;2.895;4.568;5.217;6.765;5.313;4.541;3.543;4.903;9.519;8.333;;-13,50%;-43,80%;-2,80%;-17,20%;45,50%;43,90%;-35,90%;-23,00%;60,10%;57,80%;14,20%;29,70%;-21,50%;-14,50%;-22,00%;38,40%;94,20%;-12,50%
;Transporte de pasajeros por ferrocarril;0;0;0;0;0;0;0;0;0;0;0;0;0;0;0;0;0;0;0;;;;;;;;;;;;;;;;;;;
;Transporte de pasajeros por carretera;*;*;5.352;0;0;0;0;0;0;0;0;0;0;0;0;0;0;0;0;;;;-100,00%;;;;;;;;;;;;;;;
;Transporte de pasajeros por agua;0;0;0;0;0;0;0;0;0;0;0;0;0;0;0;0;0;0;0;;;;;;;;;;;;;;;;;;;
;Transporte aéreo de pasajeros;0;0;0;0;0;0;0;0;0;0;0;0;0;0;0;0;0;0;0;;;;;;;;;;;;;;;;;;;
;Alquiler de equipos de transporte;*;*;*;*;*;*;*;*;*;*;*;*;*;*;*;*;*;*;*;;;;;;;;;;;;;;;;;;;
;Actividades de agencias de viajes y de otros servicios de reservas;0;0;0;0;0;0;0;0;0;0;0;0;0;0;0;0;0;0;0;;;;;;;;;;;;;;;;;;;
;Actividades culturales;0;0;0;0;0;0;*;*;*;0;0;0;0;*;*;*;*;*;*;;;;;;;;;;;;;;;;;;;
;Actividades deportivas y recreativas;0;0;0;0;0;0;0;0;0;*;*;*;*;*;*;*;*;*;*;;;;;;;;;;;;;;;;;;;
;Comercio al por menor de bienes característicos del turismo;*;0;0;0;*;*;*;*;*;*;*;*;*;*;*;*;*;0;0;;;;;;;;;;;;;;;;;;;
;Actividades relacionadas con segundos hogares y multipropiedades;*;0;0;0;0;0;0;*;0;*;*;*;*;*;*;*;*;*;*;;;;;;;;;;;;;;;;;;;
8310;San Rosendo;1.320;1.733;1.663;1.734;0;0;0;0;0;0;2.147;1.972;0;1.334;2.126;0;0;0;3.264;;31,30%;-4,10%;4,30%;-100,00%;;;;;;;-8,10%;-100,00%;;59,30%;-100,00%;;;
;Alojamiento turístico;*;*;*;*;*;*;*;*;*;*;*;*;*;*;*;*;*;*;*;;;;;;;;;;;;;;;;;;;
;Actividades de provisión de alimentos y bebidas;1.320;1.733;1.663;1.734;*;*;*;*;*;*;2.147;1.972;*;1.334;2.126;*;*;*;3.264;;31,30%;-4,10%;4,30%;;;;;;;;-8,10%;;;59,30%;;;;
;Transporte de pasajeros por ferrocarril;0;0;0;0;0;0;0;0;0;0;0;0;0;0;0;0;0;0;0;;;;;;;;;;;;;;;;;;;
;Transporte de pasajeros por carretera;*;*;*;*;*;*;*;*;*;*;*;*;*;*;*;*;*;*;*;;;;;;;;;;;;;;;;;;;
;Transporte de pasajeros por agua;0;0;0;0;0;0;0;0;0;0;0;0;0;0;0;0;0;0;0;;;;;;;;;;;;;;;;;;;
;Transporte aéreo de pasajeros;0;0;0;0;0;0;0;0;0;0;0;0;0;0;0;0;0;0;0;;;;;;;;;;;;;;;;;;;
;Alquiler de equipos de transporte;0;0;0;0;0;0;0;*;*;*;*;*;*;*;*;*;*;*;*;;;;;;;;;;;;;;;;;;;
;Actividades de agencias de viajes y de otros servicios de reservas;0;0;0;0;0;0;0;0;0;0;0;0;0;0;0;0;0;0;0;;;;;;;;;;;;;;;;;;;
;Actividades culturales;0;0;0;0;0;0;0;0;0;0;0;0;*;0;0;0;*;*;*;;;;;;;;;;;;;;;;;;;
;Actividades deportivas y recreativas;*;*;*;*;*;0;0;0;0;*;*;*;*;*;*;*;*;*;*;;;;;;;;;;;;;;;;;;;
;Comercio al por menor de bienes característicos del turismo;0;0;0;0;0;0;0;0;*;*;*;*;0;0;0;0;*;*;*;;;;;;;;;;;;;;;;;;;
;Actividades relacionadas con segundos hogares y multipropiedades;0;0;0;0;0;0;0;0;0;0;0;0;0;0;0;*;*;*;*;;;;;;;;;;;;;;;;;;;
8311;Santa Bárbara;9.864;12.952;6.731;8.164;7.989;8.801;11.162;18.264;24.017;14.358;54.756;43.951;39.798;28.311;46.441;39.120;68.498;83.962;65.773;;31,30%;-48,00%;21,30%;-2,10%;10,20%;26,80%;63,60%;31,50%;-40,20%;281,40%;-19,70%;-9,40%;-28,90%;64,00%;-15,80%;75,10%;22,60%;-21,70%
;Alojamiento turístico;*;*;*;0;0;0;0;5.043;8.201;3.255;12.458;10.425;8.720;6.209;9.341;6.925;8.509;9.294;13.715;;;;;;;;;62,60%;-60,30%;282,80%;-16,30%;-16,40%;-28,80%;50,40%;-25,90%;22,90%;9,20%;47,60%
;Actividades de provisión de alimentos y bebidas;9.864;12.952;6.731;8.016;7.571;7.972;8.830;9.909;14.084;8.704;12.154;13.124;20.158;16.689;20.332;21.593;49.301;55.418;46.408;;31,30%;-48,00%;19,10%;-5,60%;5,30%;10,80%;12,20%;42,10%;-38,20%;39,60%;8,00%;53,60%;-17,20%;21,80%;6,20%;128,30%;12,40%;-16,30%
;Transporte de pasajeros por ferrocarril;0;0;0;0;0;0;0;0;0;0;0;0;0;0;0;0;0;0;0;;;;;;;;;;;;;;;;;;;
;Transporte de pasajeros por carretera;0;0;0;148;419;830;2.332;3.312;1.733;2.399;30.144;13.012;3.004;5.414;16.768;10.603;10.688;19.250;5.650;;;;;182,60%;98,10%;181,10%;42,00%;-47,70%;38,50%;1156,50%;-56,80%;-76,90%;80,20%;209,70%;-36,80%;0,80%;80,10%;-70,60%
;Transporte de pasajeros por agua;0;0;0;0;0;0;0;0;0;0;0;0;0;*;*;*;*;*;*;;;;;;;;;;;;;;;;;;;
;Transporte aéreo de pasajeros;0;0;0;0;0;0;0;0;0;0;0;0;0;0;0;0;0;0;0;;;;;;;;;;;;;;;;;;;
;Alquiler de equipos de transporte;*;0;0;*;*;*;*;*;*;*;*;7.390;7.916;*;*;*;*;*;*;;;;;;;;;;;;;7,10%;;;;;;
;Actividades de agencias de viajes y de otros servicios de reservas;0;0;0;0;0;0;0;0;0;0;*;0;*;*;*;*;*;*;*;;;;;;;;;;;;;;;;;;;
;Actividades culturales;0;0;0;0;0;0;*;*;*;*;*;*;*;*;*;*;*;*;*;;;;;;;;;;;;;;;;;;;
;Actividades deportivas y recreativas;*;*;*;*;*;*;*;*;*;*;*;*;*;0;0;*;*;0;0;;;;;;;;;;;;;;;;;;;
;Comercio al por menor de bienes característicos del turismo;*;0;*;*;*;*;*;*;*;*;*;*;*;*;*;*;*;*;*;;;;;;;;;;;;;;;;;;;
;Actividades relacionadas con segundos hogares y multipropiedades;*;*;*;*;*;0;*;0;*;*;*;*;*;*;*;*;*;*;0;;;;;;;;;;;;;;;;;;;
8312;Tucapel;14.836;5.346;7.113;4.808;6.525;5.676;5.831;7.518;8.170;10.612;31.559;41.144;61.073;29.673;30.981;21.612;32.669;134.850;229.931;;-64,00%;33,10%;-32,40%;35,70%;-13,00%;2,70%;28,90%;8,70%;29,90%;197,40%;30,40%;48,40%;-51,40%;4,40%;-30,20%;51,20%;312,80%;70,50%
;Alojamiento turístico;*;*;*;*;*;*;*;*;*;*;*;*;*;*;*;0;0;0;0;;;;;;;;;;;;;;;;;;;
;Actividades de provisión de alimentos y bebidas;4.831;5.346;4.537;4.808;5.553;4.818;5.831;6.590;8.170;10.612;10.633;16.989;34.780;15.980;16.707;11.670;16.697;19.511;25.248;;10,70%;-15,10%;6,00%;15,50%;-13,20%;21,00%;13,00%;24,00%;29,90%;0,20%;59,80%;104,70%;-54,10%;4,60%;-30,20%;43,10%;16,90%;29,40%
;Transporte de pasajeros por ferrocarril;0;0;0;0;0;0;0;0;0;0;0;0;0;0;0;0;0;0;0;;;;;;;;;;;;;;;;;;;
;Transporte de pasajeros por carretera;10.006;0;2.576;0;972;858;0;928;0;0;0;0;0;0;0;0;0;0;0;;-100,00%;;-100,00%;;-11,70%;-100,00%;;-100,00%;;;;;;;;;;
;Transporte de pasajeros por agua;0;0;0;0;0;0;0;0;0;0;0;0;0;0;0;0;0;0;0;;;;;;;;;;;;;;;;;;;
;Transporte aéreo de pasajeros;0;0;0;0;0;0;0;0;0;0;0;0;0;0;0;0;0;0;0;;;;;;;;;;;;;;;;;;;
;Alquiler de equipos de transporte;*;*;*;*;*;*;*;*;*;*;20.926;24.155;26.293;13.693;14.273;9.942;15.972;10.061;9.826;;;;;;;;;;;;15,40%;8,90%;-47,90%;4,20%;-30,30%;60,60%;-37,00%;-2,30%
;Actividades de agencias de viajes y de otros servicios de reservas;0;0;0;0;0;0;0;0;0;0;0;0;0;*;0;0;0;0;0;;;;;;;;;;;;;;;;;;;
;Actividades culturales;0;0;0;0;0;0;0;0;*;0;0;0;0;*;0;0;0;0;0;;;;;;;;;;;;;;;;;;;
;Actividades deportivas y recreativas;0;*;*;*;*;*;*;*;*;*;*;*;*;*;*;*;*;*;*;;;;;;;;;;;;;;;;;;;
;Comercio al por menor de bienes característicos del turismo;*;*;0;*;0;0;0;0;*;*;*;*;*;*;*;*;*;*;*;;;;;;;;;;;;;;;;;;;
;Actividades relacionadas con segundos hogares y multipropiedades;*;*;*;*;*;*;*;*;*;*;*;*;*;*;*;*;0;105.278;194.857;;;;;;;;;;;;;;;;;;;85,10%
8313;Yumbel;20.360;27.458;46.537;38.635;16.805;22.507;17.846;20.020;21.822;17.426;42.709;117.417;52.063;61.257;71.176;37.588;63.966;89.890;127.691;;34,90%;69,50%;-17,00%;-56,50%;33,90%;-20,70%;12,20%;9,00%;-20,10%;145,10%;174,90%;-55,70%;17,70%;16,20%;-47,20%;70,20%;40,50%;42,10%
;Alojamiento turístico;*;*;*;*;*;*;*;*;*;*;0;*;*;*;*;*;*;0;*;;;;;;;;;;;;;;;;;;;
;Actividades de provisión de alimentos y bebidas;13.698;12.551;23.822;24.097;12.069;13.432;14.457;16.101;17.924;15.292;37.483;38.685;44.733;55.179;66.889;36.650;58.773;89.225;109.885;;-8,40%;89,80%;1,20%;-49,90%;11,30%;7,60%;11,40%;11,30%;-14,70%;145,10%;3,20%;15,60%;23,40%;21,20%;-45,20%;60,40%;51,80%;23,20%
;Transporte de pasajeros por ferrocarril;0;0;*;*;*;*;*;*;*;*;0;0;0;0;0;0;0;0;0;;;;;;;;;;;;;;;;;;;
;Transporte de pasajeros por carretera;6.662;14.907;22.715;14.537;4.736;9.074;3.390;3.919;3.898;2.134;5.226;2.907;7.330;6.078;4.287;938;5.193;666;0;;123,70%;52,40%;-36,00%;-67,40%;91,60%;-62,60%;15,60%;-0,50%;-45,30%;144,90%;-44,40%;152,10%;-17,10%;-29,50%;-78,10%;453,80%;-87,20%;-100,00%
;Transporte de pasajeros por agua;0;0;0;0;0;0;0;0;0;0;0;0;0;0;0;0;0;0;0;;;;;;;;;;;;;;;;;;;
;Transporte aéreo de pasajeros;0;0;0;0;0;0;0;0;0;0;0;0;0;0;0;0;0;0;0;;;;;;;;;;;;;;;;;;;
;Alquiler de equipos de transporte;*;*;*;*;*;*;*;*;*;*;*;*;*;*;*;*;*;*;*;;;;;;;;;;;;;;;;;;;
;Actividades de agencias de viajes y de otros servicios de reservas;*;*;*;*;*;*;*;*;*;0;0;0;0;0;0;0;*;0;*;;;;;;;;;;;;;;;;;;;
;Actividades culturales;0;0;0;0;0;0;0;0;0;0;0;*;0;*;*;0;*;*;*;;;;;;;;;;;;;;;;;;;
;Actividades deportivas y recreativas;*;*;*;*;*;*;*;*;*;*;*;*;*;0;*;*;*;*;*;;;;;;;;;;;;;;;;;;;
;Comercio al por menor de bienes característicos del turismo;*;*;*;*;*;*;*;*;*;*;*;*;*;*;*;*;*;*;*;;;;;;;;;;;;;;;;;;;
;Actividades relacionadas con segundos hogares y multipropiedades;*;*;*;*;*;*;*;*;*;*;*;75.825;0;0;0;0;0;0;17.806;;;;;;;;;;;;;-100,00%;;;;;;
8314;Alto Biobío;*;*;*;*;0;0;0;0;0;0;0;0;0;0;1.359;742;6.652;9.075;2.254;;;;;;;;;;;;;;;;-45,40%;796,00%;36,40%;-75,20%
;Alojamiento turístico;0;0;*;*;*;*;*;*;*;*;*;*;*;0;0;0;0;0;0;;;;;;;;;;;;;;;;;;;
;Actividades de provisión de alimentos y bebidas;*;*;*;*;*;*;*;*;*;*;*;*;0;0;1.359;742;6.652;9.075;2.254;;;;;;;;;;;;;;;;-45,40%;796,00%;36,40%;-75,20%
;Transporte de pasajeros por ferrocarril;0;0;0;0;0;0;0;0;0;0;0;0;0;0;0;0;0;0;0;;;;;;;;;;;;;;;;;;;
;Transporte de pasajeros por carretera;*;*;*;*;*;*;*;*;*;*;*;*;*;*;*;*;*;*;*;;;;;;;;;;;;;;;;;;;
;Transporte de pasajeros por agua;0;0;0;0;0;0;0;0;0;0;0;0;0;0;0;0;0;0;0;;;;;;;;;;;;;;;;;;;
;Transporte aéreo de pasajeros;0;0;0;0;0;0;0;0;0;0;0;0;0;0;0;0;0;0;0;;;;;;;;;;;;;;;;;;;
;Alquiler de equipos de transporte;*;*;*;0;*;*;*;*;*;*;*;*;*;*;0;0;0;0;0;;;;;;;;;;;;;;;;;;;
;Actividades de agencias de viajes y de otros servicios de reservas;0;0;0;0;0;0;0;0;0;0;*;0;*;*;*;*;*;*;*;;;;;;;;;;;;;;;;;;;
;Actividades culturales;0;0;0;0;0;0;0;0;0;0;0;0;0;0;0;0;*;0;0;;;;;;;;;;;;;;;;;;;
;Actividades deportivas y recreativas;0;0;0;0;*;0;0;0;0;0;*;*;0;*;*;0;0;0;0;;;;;;;;;;;;;;;;;;;
;Comercio al por menor de bienes característicos del turismo;0;0;0;0;*;0;*;0;0;0;*;0;0;*;*;*;*;*;*;;;;;;;;;;;;;;;;;;;
;Actividades relacionadas con segundos hogares y multipropiedades;0;0;0;0;0;0;0;0;0;0;0;0;*;*;*;*;*;*;*;;;;;;;;;;;;;;;;;;;
Región de La Araucanía;;6.992.168;7.857.563;9.969.437;9.042.829;9.439.103;10.820.991;12.453.702;12.829.736;13.609.918;50.725.967;23.826.845;26.253.710;26.956.976;25.330.102;21.091.004;18.599.587;25.922.352;28.025.499;24.814.449;;12,40%;26,90%;-9,30%;4,40%;14,60%;15,10%;3,00%;6,10%;272,70%;-53,00%;10,20%;2,70%;-6,00%;-16,70%;-11,80%;39,40%;8,10%;-11,50%
9101;Temuco;5.649.749;5.834.714;7.272.671;6.863.730;6.939.671;8.488.546;9.631.716;9.825.538;10.280.809;9.950.480;16.762.834;17.760.496;17.373.617;16.662.282;13.932.033;11.496.211;15.116.386;15.182.208;12.607.107;;3,30%;24,60%;-5,60%;1,10%;22,30%;13,50%;2,00%;4,60%;-3,20%;68,50%;6,00%;-2,20%;-4,10%;-16,40%;-17,50%;31,50%;0,40%;-17,00%
;Alojamiento turístico;415.986;436.474;462.540;585.841;353.797;273.795;326.220;568.603;468.384;457.761;449.810;323.676;361.941;409.175;354.137;255.626;336.012;322.487;268.170;;4,90%;6,00%;26,70%;-39,60%;-22,60%;19,10%;74,30%;-17,60%;-2,30%;-1,70%;-28,00%;11,80%;13,10%;-13,50%;-27,80%;31,40%;-4,00%;-16,80%
;Actividades de provisión de alimentos y bebidas;758.580;796.709;875.239;939.284;914.741;980.685;1.209.639;1.330.242;1.483.937;1.599.660;2.141.694;2.502.715;2.609.047;2.828.666;2.574.689;1.216.615;2.200.581;2.876.766;3.022.046;;5,00%;9,90%;7,30%;-2,60%;7,20%;23,30%;10,00%;11,60%;7,80%;33,90%;16,90%;4,20%;8,40%;-9,00%;-52,70%;80,90%;30,70%;5,10%
;Transporte de pasajeros por ferrocarril;0;*;*;*;*;0;0;0;0;0;0;0;0;0;0;0;0;0;0;;;;;;;;;;;;;;;;;;;
;Transporte de pasajeros por carretera;500.658;600.393;617.168;650.030;685.407;744.122;805.594;1.278.570;1.392.448;1.473.025;1.458.424;1.527.482;1.599.290;1.520.015;1.762.672;962.120;1.353.432;1.857.229;1.955.693;;19,90%;2,80%;5,30%;5,40%;8,60%;8,30%;58,70%;8,90%;5,80%;-1,00%;4,70%;4,70%;-5,00%;16,00%;-45,40%;40,70%;37,20%;5,30%
;Transporte de pasajeros por agua;0;*;0;*;*;*;*;*;*;0;*;0;0;0;*;*;*;*;*;;;;;;;;;;;;;;;;;;;
;Transporte aéreo de pasajeros;0;0;*;*;*;*;*;*;*;*;*;*;*;*;*;0;0;*;*;;;;;;;;;;;;;;;;;;;
;Alquiler de equipos de transporte;145.899;93.387;46.391;80.453;90.018;112.236;136.631;133.286;192.038;151.667;575.367;910.680;811.392;594.431;213.115;113.771;177.622;138.611;166.161;;-36,00%;-50,30%;73,40%;11,90%;24,70%;21,70%;-2,40%;44,10%;-21,00%;279,40%;58,30%;-10,90%;-26,70%;-64,10%;-46,60%;56,10%;-22,00%;19,90%
;Actividades de agencias de viajes y de otros servicios de reservas;175.544;155.720;193.747;212.104;226.499;214.723;167.982;118.451;127.233;128.718;208.382;167.679;205.446;69.901;81.217;58.346;57.813;27.861;49.214;;-11,30%;24,40%;9,50%;6,80%;-5,20%;-21,80%;-29,50%;7,40%;1,20%;61,90%;-19,50%;22,50%;-66,00%;16,20%;-28,20%;-0,90%;-51,80%;76,60%
;Actividades culturales;*;0;3.696;4.000;10.958;9.154;9.984;10.802;14.518;16.233;82.697;83.272;100.426;157.322;179.183;98.794;97.143;147.187;183.381;;;;8,20%;174,00%;-16,50%;9,10%;8,20%;34,40%;11,80%;409,50%;0,70%;20,60%;56,70%;13,90%;-44,90%;-1,70%;51,50%;24,60%
;Actividades deportivas y recreativas;18.991;24.210;25.860;28.790;24.172;58.939;25.579;31.704;31.233;30.056;108.840;124.965;138.595;219.777;164.685;77.448;65.524;133.331;102.065;;27,50%;6,80%;11,30%;-16,00%;143,80%;-56,60%;23,90%;-1,50%;-3,80%;262,10%;14,80%;10,90%;58,60%;-25,10%;-53,00%;-15,40%;103,50%;-23,50%
;Comercio al por menor de bienes característicos del turismo;134.827;129.862;201.456;233.206;244.670;208.784;213.208;45.752;160.029;162.182;30.458;41.314;35.967;22.266;32.279;23.407;27.430;24.671;24.171;;-3,70%;55,10%;15,80%;4,90%;-14,70%;2,10%;-78,50%;249,80%;1,30%;-81,20%;35,60%;-12,90%;-38,10%;45,00%;-27,50%;17,20%;-10,10%;-2,00%
;Actividades relacionadas con segundos hogares y multipropiedades;3.499.264;3.597.958;4.846.576;4.130.023;4.389.408;5.886.108;6.736.878;6.308.127;6.410.989;5.931.178;11.707.163;12.078.714;11.511.514;10.840.727;8.570.055;8.690.084;10.800.828;9.654.064;6.836.206;;2,80%;34,70%;-14,80%;6,30%;34,10%;14,50%;-6,40%;1,60%;-7,50%;97,40%;3,20%;-4,70%;-5,80%;-20,90%;1,40%;24,30%;-10,60%;-29,20%
9102;Carahue;16.556;18.510;21.381;19.756;15.084;16.896;16.430;15.083;17.972;18.690;32.330;49.490;63.120;92.091;91.463;61.488;75.079;69.206;71.506;;11,80%;15,50%;-7,60%;-23,60%;12,00%;-2,80%;-8,20%;19,10%;4,00%;73,00%;53,10%;27,50%;45,90%;-0,70%;-32,80%;22,10%;-7,80%;3,30%
;Alojamiento turístico;*;*;*;*;*;*;*;*;*;*;0;*;0;7.276;5.595;5.769;3.225;9.340;1.125;;;;;;;;;;;;;;;-23,10%;3,10%;-44,10%;189,60%;-88,00%
;Actividades de provisión de alimentos y bebidas;16.556;18.510;21.381;19.756;15.084;16.896;15.321;13.510;17.319;16.922;24.505;30.445;35.514;48.402;45.827;37.574;49.498;39.688;53.544;;11,80%;15,50%;-7,60%;-23,60%;12,00%;-9,30%;-11,80%;28,20%;-2,30%;44,80%;24,20%;16,60%;36,30%;-5,30%;-18,00%;31,70%;-19,80%;34,90%
;Transporte de pasajeros por ferrocarril;0;0;0;*;*;0;0;0;0;0;0;0;0;0;0;0;0;0;0;;;;;;;;;;;;;;;;;;;
;Transporte de pasajeros por carretera;*;0;0;0;0;0;1.110;1.573;653;1.768;7.826;6.592;13.690;27.929;25.695;6.899;8.462;10.295;7.794;;;;;;;;41,70%;-58,50%;170,80%;342,60%;-15,80%;107,70%;104,00%;-8,00%;-73,20%;22,70%;21,70%;-24,30%
;Transporte de pasajeros por agua;0;0;0;0;0;0;0;0;0;0;0;0;0;*;*;0;0;0;0;;;;;;;;;;;;;;;;;;;
;Transporte aéreo de pasajeros;0;0;0;0;0;0;0;0;0;0;0;0;0;0;0;0;0;0;0;;;;;;;;;;;;;;;;;;;
;Alquiler de equipos de transporte;0;0;0;0;*;*;*;*;*;*;*;12.452;13.916;8.484;14.347;11.246;13.894;9.884;9.042;;;;;;;;;;;;;11,80%;-39,00%;69,10%;-21,60%;23,50%;-28,90%;-8,50%
;Actividades de agencias de viajes y de otros servicios de reservas;*;0;0;0;0;0;0;0;0;0;0;0;*;*;*;*;*;*;*;;;;;;;;;;;;;;;;;;;
;Actividades culturales;0;0;0;0;0;0;0;0;0;0;*;*;*;*;*;*;*;*;*;;;;;;;;;;;;;;;;;;;
;Actividades deportivas y recreativas;*;*;*;*;*;*;*;*;*;*;0;0;*;*;*;*;*;*;*;;;;;;;;;;;;;;;;;;;
;Comercio al por menor de bienes característicos del turismo;*;*;*;*;*;0;0;0;0;0;*;*;*;*;*;*;*;*;*;;;;;;;;;;;;;;;;;;;
;Actividades relacionadas con segundos hogares y multipropiedades;0;0;0;*;0;*;*;*;*;*;*;0;*;*;*;*;*;*;*;;;;;;;;;;;;;;;;;;;
9103;Cunco;3.133;3.923;4.696;6.019;6.780;7.116;9.934;14.778;15.207;15.864;15.126;22.394;39.744;60.863;39.376;19.604;446.584;656.260;742.910;;25,20%;19,70%;28,20%;12,60%;5,00%;39,60%;48,80%;2,90%;4,30%;-4,60%;48,10%;77,50%;53,10%;-35,30%;-50,20%;2178,00%;47,00%;13,20%
;Alojamiento turístico;*;*;*;*;*;0;0;0;0;0;0;0;4.361;9.749;7.032;4.313;4.322;7.527;8.973;;;;;;;;;;;;;;123,60%;-27,90%;-38,70%;0,20%;74,20%;19,20%
;Actividades de provisión de alimentos y bebidas;3.133;3.923;3.907;4.946;4.666;5.517;6.449;6.770;6.432;8.295;4.482;12.501;25.651;22.549;20.295;11.312;11.643;22.422;24.105;;25,20%;-0,40%;26,60%;-5,70%;18,20%;16,90%;5,00%;-5,00%;29,00%;-46,00%;178,90%;105,20%;-12,10%;-10,00%;-44,30%;2,90%;92,60%;7,50%
;Transporte de pasajeros por ferrocarril;0;0;0;0;0;0;0;0;0;0;0;0;0;0;0;0;0;0;0;;;;;;;;;;;;;;;;;;;
;Transporte de pasajeros por carretera;*;0;789;1.072;2.113;1.599;3.485;8.008;8.775;7.569;10.645;9.894;9.732;28.566;12.049;3.980;9.480;14.032;18.689;;;;36,00%;97,00%;-24,30%;118,00%;129,80%;9,60%;-13,70%;40,60%;-7,10%;-1,60%;193,50%;-57,80%;-67,00%;138,20%;48,00%;33,20%
;Transporte de pasajeros por agua;0;0;0;0;0;0;0;0;0;0;0;0;0;0;0;0;0;0;0;;;;;;;;;;;;;;;;;;;
;Transporte aéreo de pasajeros;0;0;0;0;0;0;0;0;0;0;0;0;0;0;0;0;0;0;0;;;;;;;;;;;;;;;;;;;
;Alquiler de equipos de transporte;*;*;*;0;0;0;*;*;*;0;*;*;*;*;*;*;0;*;*;;;;;;;;;;;;;;;;;;;
;Actividades de agencias de viajes y de otros servicios de reservas;*;*;*;*;0;*;0;0;0;0;0;0;*;*;*;*;*;*;*;;;;;;;;;;;;;;;;;;;
;Actividades culturales;0;0;0;0;0;0;0;0;0;0;0;*;*;*;*;*;*;*;*;;;;;;;;;;;;;;;;;;;
;Actividades deportivas y recreativas;*;*;*;*;*;*;*;*;*;*;*;*;*;*;*;*;0;0;0;;;;;;;;;;;;;;;;;;;
;Comercio al por menor de bienes característicos del turismo;0;*;*;*;*;*;*;*;*;*;*;*;*;*;*;*;*;*;1.695;;;;;;;;;;;;;;;;;;;
;Actividades relacionadas con segundos hogares y multipropiedades;*;*;*;*;*;*;*;*;*;*;*;*;*;*;0;0;421.139;612.278;689.448;;;;;;;;;;;;;;;;;;45,40%;12,60%
9104;Curarrehue;0;1.873;0;0;3.867;4.634;6.279;6.197;6.187;7.294;11.751;7.194;8.534;10.835;14.606;10.555;17.028;27.563;28.857;;;-100,00%;;;19,90%;35,50%;-1,30%;-0,20%;17,90%;61,10%;-38,80%;18,60%;27,00%;34,80%;-27,70%;61,30%;61,90%;4,70%
;Alojamiento turístico;*;*;*;*;*;*;*;*;0;0;0;0;0;0;0;0;0;0;0;;;;;;;;;;;;;;;;;;;
;Actividades de provisión de alimentos y bebidas;*;1.873;*;*;3.867;4.634;6.279;6.197;6.187;7.294;9.844;7.194;8.534;10.835;14.606;10.555;17.028;27.563;27.547;;;;;;19,90%;35,50%;-1,30%;-0,20%;17,90%;35,00%;-26,90%;18,60%;27,00%;34,80%;-27,70%;61,30%;61,90%;-0,10%
;Transporte de pasajeros por ferrocarril;0;0;0;0;0;0;0;0;0;0;0;0;0;0;0;0;0;0;0;;;;;;;;;;;;;;;;;;;
;Transporte de pasajeros por carretera;*;*;*;*;0;0;0;*;*;0;0;0;*;0;0;0;0;0;0;;;;;;;;;;;;;;;;;;;
;Transporte de pasajeros por agua;0;0;0;0;0;0;0;0;0;0;0;0;0;0;0;0;0;0;0;;;;;;;;;;;;;;;;;;;
;Transporte aéreo de pasajeros;0;0;*;0;0;0;0;0;0;0;0;0;0;0;0;0;0;0;0;;;;;;;;;;;;;;;;;;;
;Alquiler de equipos de transporte;*;*;0;0;*;*;*;*;*;0;0;0;0;0;0;0;0;0;0;;;;;;;;;;;;;;;;;;;
;Actividades de agencias de viajes y de otros servicios de reservas;0;*;*;*;*;*;*;*;*;*;*;*;*;*;*;*;*;*;*;;;;;;;;;;;;;;;;;;;
;Actividades culturales;0;0;0;0;0;0;0;0;0;0;*;0;0;*;0;*;*;*;*;;;;;;;;;;;;;;;;;;;
;Actividades deportivas y recreativas;0;*;*;*;*;0;0;*;*;*;*;*;*;*;*;*;0;*;0;;;;;;;;;;;;;;;;;;;
;Comercio al por menor de bienes característicos del turismo;0;*;0;*;*;*;*;*;*;*;1.907;*;*;*;*;*;*;*;1.310;;;;;;;;;;;;;;;;;;;
;Actividades relacionadas con segundos hogares y multipropiedades;0;*;*;0;0;0;0;0;0;0;*;*;*;*;*;*;*;*;*;;;;;;;;;;;;;;;;;;;
9105;Freire;6.850;6.619;7.274;6.530;9.529;10.553;13.055;16.496;11.451;19.516;39.986;39.071;41.348;24.632;46.386;45.766;35.200;70.505;80.439;;-3,40%;9,90%;-10,20%;45,90%;10,70%;23,70%;26,40%;-30,60%;70,40%;104,90%;-2,30%;5,80%;-40,40%;88,30%;-1,30%;-23,10%;100,30%;14,10%
;Alojamiento turístico;*;*;*;*;*;*;*;*;*;*;0;0;0;0;0;0;0;0;0;;;;;;;;;;;;;;;;;;;
;Actividades de provisión de alimentos y bebidas;6.850;6.619;7.274;6.530;9.529;10.553;13.055;16.496;11.451;19.516;39.986;39.071;41.348;24.632;46.386;17.371;34.069;52.452;52.457;;-3,40%;9,90%;-10,20%;45,90%;10,70%;23,70%;26,40%;-30,60%;70,40%;104,90%;-2,30%;5,80%;-40,40%;88,30%;-62,60%;96,10%;54,00%;0,00%
;Transporte de pasajeros por ferrocarril;0;0;0;0;0;*;*;*;*;*;0;0;0;0;0;0;0;0;0;;;;;;;;;;;;;;;;;;;
;Transporte de pasajeros por carretera;0;0;0;0;0;0;0;0;0;0;0;0;0;0;0;0;0;0;0;;;;;;;;;;;;;;;;;;;
;Transporte de pasajeros por agua;0;0;0;0;0;0;0;0;0;0;0;0;0;0;0;0;0;0;0;;;;;;;;;;;;;;;;;;;
;Transporte aéreo de pasajeros;0;0;0;0;0;0;0;0;0;0;0;0;0;0;0;0;0;0;0;;;;;;;;;;;;;;;;;;;
;Alquiler de equipos de transporte;0;0;0;0;0;0;0;*;*;*;*;0;*;*;*;*;*;*;*;;;;;;;;;;;;;;;;;;;
;Actividades de agencias de viajes y de otros servicios de reservas;0;0;0;0;0;0;0;0;0;0;*;*;0;0;0;*;0;*;*;;;;;;;;;;;;;;;;;;;
;Actividades culturales;*;0;0;0;0;0;0;0;0;0;0;0;0;0;*;0;0;0;*;;;;;;;;;;;;;;;;;;;
;Actividades deportivas y recreativas;*;*;*;*;*;0;*;*;*;*;*;*;*;*;*;*;*;*;0;;;;;;;;;;;;;;;;;;;
;Comercio al por menor de bienes característicos del turismo;0;0;0;0;0;0;0;*;*;*;*;*;*;*;*;*;*;*;*;;;;;;;;;;;;;;;;;;;
;Actividades relacionadas con segundos hogares y multipropiedades;*;*;*;*;*;*;0;*;*;*;*;*;*;0;0;28.395;1.131;18.052;27.982;;;;;;;;;;;;;;;;;-96,00%;1496,10%;55,00%
9106;Galvarino;3.206;3.165;3.073;0;3.641;4.594;5.403;5.909;3.793;3.621;0;5.730;0;4.558;0;0;12.751;21.764;18.102;;-1,30%;-2,90%;-100,00%;;26,20%;17,60%;9,30%;-35,80%;-4,50%;-100,00%;;-100,00%;;-100,00%;;;70,70%;-16,80%
;Alojamiento turístico;0;0;0;0;0;0;0;0;*;*;*;*;*;*;*;*;*;*;*;;;;;;;;;;;;;;;;;;;
;Actividades de provisión de alimentos y bebidas;3.206;3.165;3.073;0;3.641;4.594;5.403;5.909;3.793;3.621;0;0;0;0;0;0;7.480;8.428;6.504;;-1,30%;-2,90%;-100,00%;;26,20%;17,60%;9,30%;-35,80%;-4,50%;-100,00%;;;;;;;12,70%;-22,80%
;Transporte de pasajeros por ferrocarril;0;0;0;0;0;0;0;0;0;0;0;0;0;0;0;0;0;0;0;;;;;;;;;;;;;;;;;;;
;Transporte de pasajeros por carretera;*;*;*;*;*;*;*;*;0;0;0;5.730;0;4.558;0;0;5.271;13.336;11.598;;;;;;;;;;;;;-100,00%;;-100,00%;;;153,00%;-13,00%
;Transporte de pasajeros por agua;0;0;0;0;0;0;0;0;0;0;0;0;0;0;0;0;0;0;0;;;;;;;;;;;;;;;;;;;
;Transporte aéreo de pasajeros;0;0;0;0;0;0;0;0;0;0;0;0;0;0;0;0;0;0;0;;;;;;;;;;;;;;;;;;;
;Alquiler de equipos de transporte;0;0;0;0;0;0;0;0;0;0;*;*;*;*;*;*;*;*;*;;;;;;;;;;;;;;;;;;;
;Actividades de agencias de viajes y de otros servicios de reservas;0;0;0;0;0;0;0;0;0;0;0;0;*;0;0;0;*;*;*;;;;;;;;;;;;;;;;;;;
;Actividades culturales;0;0;0;0;0;0;0;0;0;0;0;0;0;0;*;*;*;*;*;;;;;;;;;;;;;;;;;;;
;Actividades deportivas y recreativas;0;0;0;0;0;0;0;0;*;*;*;*;*;*;*;*;*;*;*;;;;;;;;;;;;;;;;;;;
;Comercio al por menor de bienes característicos del turismo;0;0;0;0;0;0;0;0;0;0;0;0;0;*;*;*;*;*;0;;;;;;;;;;;;;;;;;;;
;Actividades relacionadas con segundos hogares y multipropiedades;0;*;*;*;*;*;*;0;0;*;*;*;*;*;*;*;*;*;*;;;;;;;;;;;;;;;;;;;
9107;Gorbea;7.069;8.302;5.388;4.571;4.146;3.789;4.747;19.647;4.757;5.980;38.955;25.866;24.472;32.148;22.444;15.234;24.187;29.935;34.196;;17,40%;-35,10%;-15,20%;-9,30%;-8,60%;25,30%;313,90%;-75,80%;25,70%;551,40%;-33,60%;-5,40%;31,40%;-30,20%;-32,10%;58,80%;23,80%;14,20%
;Alojamiento turístico;*;*;*;*;*;*;*;*;*;*;*;0;0;*;*;0;0;0;0;;;;;;;;;;;;;;;;;;;
;Actividades de provisión de alimentos y bebidas;6.375;7.288;4.341;4.571;4.146;3.789;4.747;19.647;4.757;5.980;38.955;25.866;24.472;24.856;22.444;15.234;23.080;26.034;32.068;;14,30%;-40,40%;5,30%;-9,30%;-8,60%;25,30%;313,90%;-75,80%;25,70%;551,40%;-33,60%;-5,40%;1,60%;-9,70%;-32,10%;51,50%;12,80%;23,20%
;Transporte de pasajeros por ferrocarril;0;0;0;0;0;0;0;0;0;0;0;0;0;0;0;0;0;0;0;;;;;;;;;;;;;;;;;;;
;Transporte de pasajeros por carretera;*;*;0;0;0;*;0;0;0;0;0;0;0;6.213;0;0;0;2.633;2.129;;;;;;;;;;;;;;;-100,00%;;;;-19,20%
;Transporte de pasajeros por agua;0;0;0;0;0;0;0;0;0;0;0;0;0;0;0;0;0;0;0;;;;;;;;;;;;;;;;;;;
;Transporte aéreo de pasajeros;0;0;0;0;0;0;0;0;0;0;0;0;0;0;0;0;0;0;0;;;;;;;;;;;;;;;;;;;
;Alquiler de equipos de transporte;*;*;*;*;*;*;*;*;*;*;*;*;*;*;*;0;0;0;0;;;;;;;;;;;;;;;;;;;
;Actividades de agencias de viajes y de otros servicios de reservas;0;0;0;*;*;*;*;0;0;0;0;0;0;0;0;0;0;*;*;;;;;;;;;;;;;;;;;;;
;Actividades culturales;*;*;0;*;*;0;0;*;*;0;*;*;*;*;*;*;*;*;0;;;;;;;;;;;;;;;;;;;
;Actividades deportivas y recreativas;*;*;*;*;*;*;*;*;*;0;*;*;0;0;*;*;*;*;*;;;;;;;;;;;;;;;;;;;
;Comercio al por menor de bienes característicos del turismo;694;1.014;1.047;*;*;*;*;*;*;*;*;*;*;1.078;*;*;1.108;1.268;*;;46,20%;3,30%;;;;;;;;;;;;;;;14,40%;
;Actividades relacionadas con segundos hogares y multipropiedades;*;*;0;*;*;*;*;*;*;*;*;*;*;0;0;0;0;0;0;;;;;;;;;;;;;;;;;;;
9108;Lautaro;13.821;16.054;15.941;13.670;16.247;15.095;20.897;23.488;27.930;38.752;118.165;369.396;846.556;179.916;187.326;157.734;332.969;361.601;361.013;;16,20%;-0,70%;-14,20%;18,90%;-7,10%;38,40%;12,40%;18,90%;38,70%;204,90%;212,60%;129,20%;-78,70%;4,10%;-15,80%;111,10%;8,60%;-0,20%
;Alojamiento turístico;*;*;0;0;*;0;0;0;0;0;10.168;7.815;8.797;0;0;0;0;0;0;;;;;;;;;;;;-23,10%;12,60%;-100,00%;;;;;
;Actividades de provisión de alimentos y bebidas;13.160;14.715;15.652;12.488;12.937;13.068;13.679;14.018;17.071;25.422;52.063;60.394;49.483;65.379;89.592;58.219;99.231;112.086;105.967;;11,80%;6,40%;-20,20%;3,60%;1,00%;4,70%;2,50%;21,80%;48,90%;104,80%;16,00%;-18,10%;32,10%;37,00%;-35,00%;70,40%;13,00%;-5,50%
;Transporte de pasajeros por ferrocarril;0;0;0;0;0;0;0;0;0;0;0;0;0;0;0;0;0;0;0;;;;;;;;;;;;;;;;;;;
;Transporte de pasajeros por carretera;660;1.338;289;1.182;3.310;2.027;7.218;9.470;10.858;13.331;16.642;30.537;30.508;33.775;32.176;21.414;30.143;48.669;64.138;;102,80%;-78,40%;308,90%;180,10%;-38,80%;256,20%;31,20%;14,70%;22,80%;24,80%;83,50%;-0,10%;10,70%;-4,70%;-33,40%;40,80%;61,50%;31,80%
;Transporte de pasajeros por agua;0;0;0;0;0;0;*;*;0;0;0;0;0;0;0;0;0;0;0;;;;;;;;;;;;;;;;;;;
;Transporte aéreo de pasajeros;0;0;0;0;0;0;0;0;0;0;0;0;0;0;0;0;0;0;0;;;;;;;;;;;;;;;;;;;
;Alquiler de equipos de transporte;*;*;*;*;*;*;*;*;*;*;*;*;*;*;9.901;*;24.003;25.193;29.006;;;;;;;;;;;;;;;;;;5,00%;15,10%
;Actividades de agencias de viajes y de otros servicios de reservas;0;0;0;0;0;0;0;0;0;0;0;0;0;*;0;*;0;*;*;;;;;;;;;;;;;;;;;;;
;Actividades culturales;0;*;*;0;0;0;0;0;*;*;*;*;*;*;*;*;*;*;*;;;;;;;;;;;;;;;;;;;
;Actividades deportivas y recreativas;*;*;*;*;*;*;*;*;*;*;*;0;6.811;0;3.536;0;0;0;0;;;;;;;;;;;;;;-100,00%;;-100,00%;;;
;Comercio al por menor de bienes característicos del turismo;*;*;*;*;*;*;*;*;*;*;*;*;*;*;*;*;*;*;*;;;;;;;;;;;;;;;;;;;
;Actividades relacionadas con segundos hogares y multipropiedades;*;*;*;*;*;*;*;*;*;0;39.291;270.651;750.958;80.762;52.122;78.101;179.593;175.653;161.902;;;;;;;;;;;;588,80%;177,50%;-89,20%;-35,50%;49,80%;130,00%;-2,20%;-7,80%
9109;Loncoche;6.980;8.976;9.994;10.786;6.475;9.600;11.625;18.245;14.501;13.851;38.648;30.566;91.316;37.688;51.420;39.377;234.086;55.782;63.060;;28,60%;11,30%;7,90%;-40,00%;48,30%;21,10%;56,90%;-20,50%;-4,50%;179,00%;-20,90%;198,80%;-58,70%;36,40%;-23,40%;494,50%;-76,20%;13,00%
;Alojamiento turístico;*;*;*;*;*;*;*;*;*;0;13.561;0;0;0;9.735;14.554;25.753;18.892;15.685;;;;;;;;;;;;-100,00%;;;;49,50%;77,00%;-26,60%;-17,00%
;Actividades de provisión de alimentos y bebidas;5.734;7.804;8.630;8.931;5.778;7.200;8.629;14.633;14.501;13.108;23.888;29.818;34.591;32.260;28.655;18.944;28.695;29.098;33.248;;36,10%;10,60%;3,50%;-35,30%;24,60%;19,80%;69,60%;-0,90%;-9,60%;82,20%;24,80%;16,00%;-6,70%;-11,20%;-33,90%;51,50%;1,40%;14,30%
;Transporte de pasajeros por ferrocarril;0;0;0;0;0;0;0;0;0;0;0;0;0;0;0;0;0;0;0;;;;;;;;;;;;;;;;;;;
;Transporte de pasajeros por carretera;1.246;1.172;1.364;1.855;697;2.401;2.996;3.611;0;743;1.200;748;1.682;5.428;13.030;5.879;7.121;7.792;14.128;;-6,00%;16,40%;36,00%;-62,40%;244,40%;24,80%;20,50%;-100,00%;;61,50%;-37,70%;124,80%;222,80%;140,00%;-54,90%;21,10%;9,40%;81,30%
;Transporte de pasajeros por agua;0;0;0;0;0;0;0;0;0;0;0;0;0;0;0;0;0;0;0;;;;;;;;;;;;;;;;;;;
;Transporte aéreo de pasajeros;0;0;0;0;0;0;0;0;0;0;0;0;0;0;0;0;0;0;0;;;;;;;;;;;;;;;;;;;
;Alquiler de equipos de transporte;*;*;*;*;*;*;*;*;*;*;*;*;55.043;*;*;*;*;*;*;;;;;;;;;;;;;;;;;;;
;Actividades de agencias de viajes y de otros servicios de reservas;*;*;*;*;*;*;*;*;*;*;0;0;*;*;0;*;*;*;*;;;;;;;;;;;;;;;;;;;
;Actividades culturales;0;0;0;0;0;*;0;0;0;0;0;0;0;*;*;*;*;*;*;;;;;;;;;;;;;;;;;;;
;Actividades deportivas y recreativas;*;*;*;*;*;*;*;*;*;0;*;*;*;*;0;0;0;*;*;;;;;;;;;;;;;;;;;;;
;Comercio al por menor de bienes característicos del turismo;*;*;*;*;*;*;*;*;*;*;*;*;*;*;*;*;*;*;*;;;;;;;;;;;;;;;;;;;
;Actividades relacionadas con segundos hogares y multipropiedades;*;*;*;*;*;*;*;*;*;*;*;*;0;0;0;0;172.517;0;0;;;;;;;;;;;;;;;;;;-100,00%;
9110;Melipeuco;0;0;0;0;0;0;0;0;0;0;0;9.310;5.080;34.042;13.808;15.326;25.371;28.180;29.631;;;;;;;;;;;;;-45,40%;570,10%;-59,40%;11,00%;65,50%;11,10%;5,10%
;Alojamiento turístico;*;*;*;*;*;0;0;0;0;0;0;0;0;2.193;4.663;9.336;10.475;10.375;10.078;;;;;;;;;;;;;;;112,70%;100,20%;12,20%;-0,90%;-2,90%
;Actividades de provisión de alimentos y bebidas;*;*;*;*;*;*;0;*;*;*;0;9.310;5.080;31.850;9.145;5.989;14.896;17.805;19.554;;;;;;;;;;;;;-45,40%;527,00%;-71,30%;-34,50%;148,70%;19,50%;9,80%
;Transporte de pasajeros por ferrocarril;0;0;0;0;0;0;0;0;0;0;0;0;0;0;0;0;0;0;0;;;;;;;;;;;;;;;;;;;
;Transporte de pasajeros por carretera;0;0;*;*;*;*;*;*;*;*;*;*;*;0;0;0;0;0;0;;;;;;;;;;;;;;;;;;;
;Transporte de pasajeros por agua;0;0;0;0;0;0;0;0;0;0;0;0;0;0;0;0;0;0;0;;;;;;;;;;;;;;;;;;;
;Transporte aéreo de pasajeros;0;0;0;0;0;0;0;0;0;0;0;0;0;0;0;0;0;0;0;;;;;;;;;;;;;;;;;;;
;Alquiler de equipos de transporte;*;0;0;0;0;0;*;0;0;0;0;0;0;0;0;0;*;*;*;;;;;;;;;;;;;;;;;;;
;Actividades de agencias de viajes y de otros servicios de reservas;0;0;0;0;*;*;0;0;0;0;*;*;*;*;*;*;*;*;0;;;;;;;;;;;;;;;;;;;
;Actividades culturales;0;0;0;0;0;0;0;0;0;0;0;0;0;0;0;0;0;0;0;;;;;;;;;;;;;;;;;;;
;Actividades deportivas y recreativas;0;*;*;*;*;0;0;0;0;0;*;*;*;*;*;*;*;*;*;;;;;;;;;;;;;;;;;;;
;Comercio al por menor de bienes característicos del turismo;*;*;*;*;*;*;*;*;*;*;*;*;*;*;*;*;*;*;*;;;;;;;;;;;;;;;;;;;
;Actividades relacionadas con segundos hogares y multipropiedades;0;0;0;0;0;0;*;*;*;0;*;*;*;*;*;*;*;*;*;;;;;;;;;;;;;;;;;;;
9111;Nueva Imperial;10.109;7.927;9.912;11.865;9.898;7.354;9.703;14.498;11.392;15.116;34.922;472.361;52.092;61.371;73.566;55.639;70.245;128.344;130.564;;-21,60%;25,00%;19,70%;-16,60%;-25,70%;31,90%;49,40%;-21,40%;32,70%;131,00%;1252,60%;-89,00%;17,80%;19,90%;-24,40%;26,30%;82,70%;1,70%
;Alojamiento turístico;*;*;*;0;0;*;*;*;*;*;*;*;9.851;6.145;7.792;7.731;5.627;5.502;6.333;;;;;;;;;;;;;;-37,60%;26,80%;-0,80%;-27,20%;-2,20%;15,10%
;Actividades de provisión de alimentos y bebidas;9.465;7.867;9.627;11.758;9.898;7.089;9.396;12.738;9.665;12.198;33.220;36.610;40.231;27.627;24.925;14.334;26.351;42.902;43.538;;-16,90%;22,40%;22,10%;-15,80%;-28,40%;32,50%;35,60%;-24,10%;26,20%;172,30%;10,20%;9,90%;-31,30%;-9,80%;-42,50%;83,80%;62,80%;1,50%
;Transporte de pasajeros por ferrocarril;0;0;0;0;0;0;0;0;0;0;0;0;0;0;0;0;0;0;0;;;;;;;;;;;;;;;;;;;
;Transporte de pasajeros por carretera;644;60;285;107;0;264;307;1.760;1.727;2.918;1.701;3.493;2.011;11.162;18.011;15.600;12.817;34.453;34.426;;-90,70%;375,40%;-62,60%;-100,00%;;16,10%;473,60%;-1,90%;69,00%;-41,70%;105,30%;-42,40%;455,10%;61,40%;-13,40%;-17,80%;168,80%;-0,10%
;Transporte de pasajeros por agua;0;0;0;0;0;0;0;0;0;0;0;0;0;0;0;0;0;0;0;;;;;;;;;;;;;;;;;;;
;Transporte aéreo de pasajeros;0;0;0;0;0;0;0;0;0;0;0;0;0;0;0;0;0;0;0;;;;;;;;;;;;;;;;;;;
;Alquiler de equipos de transporte;*;*;*;*;*;*;*;*;*;*;*;*;*;888;*;*;*;*;*;;;;;;;;;;;;;;;;;;;
;Actividades de agencias de viajes y de otros servicios de reservas;0;0;0;0;0;0;0;0;0;0;0;0;0;0;*;*;*;*;*;;;;;;;;;;;;;;;;;;;
;Actividades culturales;*;0;0;*;0;0;*;0;0;0;*;*;*;*;*;*;*;*;*;;;;;;;;;;;;;;;;;;;
;Actividades deportivas y recreativas;*;*;*;*;*;*;*;*;*;*;0;0;0;0;0;0;0;0;0;;;;;;;;;;;;;;;;;;;
;Comercio al por menor de bienes característicos del turismo;*;*;*;*;*;*;*;*;*;*;*;*;*;*;*;*;1.888;3.279;1.914;;;;;;;;;;;;;;;;;;73,70%;-41,60%
;Actividades relacionadas con segundos hogares y multipropiedades;*;*;*;*;*;*;*;*;*;0;0;432.258;0;15.550;22.839;17.974;23.562;42.208;44.352;;;;;;;;;;;;;-100,00%;;46,90%;-21,30%;31,10%;79,10%;5,10%
9112;Padre Las Casas;24.186;45.404;41.980;51.883;20.997;71.850;177.677;138.844;90.449;194.824;961.635;669.333;828.881;499.270;399.678;455.329;443.989;525.771;382.173;;87,70%;-7,50%;23,60%;-59,50%;242,20%;147,30%;-21,90%;-34,90%;115,40%;393,60%;-30,40%;23,80%;-39,80%;-19,90%;13,90%;-2,50%;18,40%;-27,30%
;Alojamiento turístico;*;*;*;*;0;0;0;0;0;0;0;0;0;0;0;*;0;0;0;;;;;;;;;;;;;;;;;;;
;Actividades de provisión de alimentos y bebidas;23.886;27.462;25.605;18.464;17.334;10.861;11.785;14.134;11.714;10.367;143.194;170.693;103.347;78.189;46.646;58.184;96.048;70.514;54.093;;15,00%;-6,80%;-27,90%;-6,10%;-37,30%;8,50%;19,90%;-17,10%;-11,50%;1281,20%;19,20%;-39,50%;-24,30%;-40,30%;24,70%;65,10%;-26,60%;-23,30%
;Transporte de pasajeros por ferrocarril;0;0;0;0;0;0;0;0;0;0;0;0;0;0;0;0;0;0;0;;;;;;;;;;;;;;;;;;;
;Transporte de pasajeros por carretera;300;327;663;2.775;3.664;6.541;5.283;7.523;9.947;9.721;23.509;30.166;39.812;63.769;67.354;67.508;57.884;73.267;73.360;;9,20%;102,60%;318,60%;32,00%;78,50%;-19,20%;42,40%;32,20%;-2,30%;141,80%;28,30%;32,00%;60,20%;5,60%;0,20%;-14,30%;26,60%;0,10%
;Transporte de pasajeros por agua;0;0;0;0;0;0;0;0;0;0;0;0;0;0;0;0;0;0;0;;;;;;;;;;;;;;;;;;;
;Transporte aéreo de pasajeros;0;0;0;0;0;0;0;0;*;*;0;*;*;*;*;0;*;*;*;;;;;;;;;;;;;;;;;;;
;Alquiler de equipos de transporte;*;*;*;*;*;*;*;5.876;5.554;8.164;87.638;59.005;114.101;109.599;91.951;90.682;*;101.840;7.648;;;;;;;;;-5,50%;47,00%;973,50%;-32,70%;93,40%;-3,90%;-16,10%;-1,40%;;;-92,50%
;Actividades de agencias de viajes y de otros servicios de reservas;*;*;*;*;0;0;*;*;*;*;*;*;*;*;*;*;*;*;*;;;;;;;;;;;;;;;;;;;
;Actividades culturales;0;*;*;*;*;*;*;*;*;*;*;*;*;*;*;*;*;*;*;;;;;;;;;;;;;;;;;;;
;Actividades deportivas y recreativas;*;*;*;*;*;*;*;*;*;*;3.855;7.236;5.161;3.476;2.500;1.253;0;950;1.508;;;;;;;;;;;;87,70%;-28,70%;-32,60%;-28,10%;-49,90%;-100,00%;;58,80%
;Comercio al por menor de bienes característicos del turismo;*;*;*;*;*;*;*;*;*;*;3.067;*;1.658;1.114;1.218;*;*;*;*;;;;;;;;;;;;;;-32,80%;9,30%;;;;
;Actividades relacionadas con segundos hogares y multipropiedades;*;17.615;15.711;30.643;0;54.448;160.609;111.310;63.235;166.572;700.373;402.233;564.803;243.123;190.008;237.701;290.057;279.199;245.563;;;-10,80%;95,00%;-100,00%;;195,00%;-30,70%;-43,20%;163,40%;320,50%;-42,60%;40,40%;-57,00%;-21,80%;25,10%;22,00%;-3,70%;-12,00%
9113;Perquenco;*;0;0;0;*;0;0;0;0;0;0;9.082;10.997;3.662;4.611;4.054;6.676;8.267;6.862;;;;;;;;;;;;;21,10%;-66,70%;25,90%;-12,10%;64,70%;23,80%;-17,00%
;Alojamiento turístico;0;0;0;0;0;0;0;0;0;0;*;*;*;*;*;*;*;*;*;;;;;;;;;;;;;;;;;;;
;Actividades de provisión de alimentos y bebidas;*;*;*;*;*;*;*;*;*;*;*;9.082;10.997;3.662;4.611;4.054;6.676;8.267;6.862;;;;;;;;;;;;;21,10%;-66,70%;25,90%;-12,10%;64,70%;23,80%;-17,00%
;Transporte de pasajeros por ferrocarril;0;0;0;0;0;0;0;0;0;0;0;0;0;0;0;0;0;0;0;;;;;;;;;;;;;;;;;;;
;Transporte de pasajeros por carretera;*;*;*;*;*;*;*;*;*;*;*;*;*;*;*;*;*;*;*;;;;;;;;;;;;;;;;;;;
;Transporte de pasajeros por agua;0;0;0;0;0;0;0;0;0;0;0;0;0;0;0;0;0;0;0;;;;;;;;;;;;;;;;;;;
;Transporte aéreo de pasajeros;0;0;0;0;0;0;0;0;0;0;0;0;0;0;0;0;0;0;0;;;;;;;;;;;;;;;;;;;
;Alquiler de equipos de transporte;0;0;0;0;0;0;0;0;0;0;0;*;*;*;*;0;0;0;0;;;;;;;;;;;;;;;;;;;
;Actividades de agencias de viajes y de otros servicios de reservas;0;0;0;0;0;0;0;0;0;0;0;*;*;*;*;0;0;0;0;;;;;;;;;;;;;;;;;;;
;Actividades culturales;0;0;0;0;0;0;0;0;0;0;0;0;0;*;*;*;*;*;*;;;;;;;;;;;;;;;;;;;
;Actividades deportivas y recreativas;0;*;*;*;0;0;0;0;0;0;0;*;*;*;*;*;*;*;*;;;;;;;;;;;;;;;;;;;
;Comercio al por menor de bienes característicos del turismo;0;0;0;0;0;0;*;0;0;0;0;0;0;*;*;0;*;*;*;;;;;;;;;;;;;;;;;;;
;Actividades relacionadas con segundos hogares y multipropiedades;*;*;*;*;*;*;*;*;*;*;*;*;*;*;*;*;*;*;*;;;;;;;;;;;;;;;;;;;
9114;Pitrufquén;9.135;12.670;11.157;13.122;13.656;6.052;11.939;13.708;13.305;16.866;21.892;151.238;77.514;84.976;92.362;52.973;109.527;89.148;243.314;;38,70%;-11,90%;17,60%;4,10%;-55,70%;97,30%;14,80%;-2,90%;26,80%;29,80%;590,80%;-48,70%;9,60%;8,70%;-42,60%;106,80%;-18,60%;172,90%
;Alojamiento turístico;*;*;0;0;0;0;0;0;0;0;0;0;0;0;0;0;0;0;0;;;;;;;;;;;;;;;;;;;
;Actividades de provisión de alimentos y bebidas;8.474;6.710;5.416;6.542;7.099;5.496;10.689;10.959;11.295;14.183;18.860;51.453;20.155;36.082;39.172;24.441;41.728;56.339;64.810;;-20,80%;-19,30%;20,80%;8,50%;-22,60%;94,50%;2,50%;3,10%;25,60%;33,00%;172,80%;-60,80%;79,00%;8,60%;-37,60%;70,70%;35,00%;15,00%
;Transporte de pasajeros por ferrocarril;0;0;0;0;0;0;0;0;0;0;0;0;0;0;0;0;0;0;0;;;;;;;;;;;;;;;;;;;
;Transporte de pasajeros por carretera;661;5.960;5.741;6.580;6.557;556;1.251;2.749;2.010;2.683;3.032;2.751;7.046;12.593;10.129;13.537;19.950;32.809;46.589;;801,50%;-3,70%;14,60%;-0,30%;-91,50%;124,90%;119,80%;-26,90%;33,50%;13,00%;-9,30%;156,10%;78,70%;-19,60%;33,60%;47,40%;64,50%;42,00%
;Transporte de pasajeros por agua;0;0;0;0;0;0;0;0;0;0;0;0;0;0;0;0;0;0;0;;;;;;;;;;;;;;;;;;;
;Transporte aéreo de pasajeros;0;0;0;0;0;0;0;0;0;0;0;0;0;0;0;0;0;0;0;;;;;;;;;;;;;;;;;;;
;Alquiler de equipos de transporte;*;*;*;*;*;*;*;*;*;*;*;17.849;12.018;*;1.485;*;*;*;*;;;;;;;;;;;;;-32,70%;;;;;;
;Actividades de agencias de viajes y de otros servicios de reservas;*;*;0;*;*;*;*;*;0;0;0;0;0;*;*;*;*;*;*;;;;;;;;;;;;;;;;;;;
;Actividades culturales;0;0;0;0;0;0;0;0;0;0;*;*;*;*;*;*;*;*;*;;;;;;;;;;;;;;;;;;;
;Actividades deportivas y recreativas;*;*;*;0;0;*;0;*;*;*;*;*;*;*;0;0;*;*;*;;;;;;;;;;;;;;;;;;;
;Comercio al por menor de bienes característicos del turismo;0;*;0;0;0;*;0;0;*;*;*;*;*;*;*;*;*;*;*;;;;;;;;;;;;;;;;;;;
;Actividades relacionadas con segundos hogares y multipropiedades;*;*;*;*;*;*;*;*;*;*;*;79.186;38.295;36.301;41.576;14.995;47.849;0;131.914;;;;;;;;;;;;;-51,60%;-5,20%;14,50%;-63,90%;219,10%;-100,00%;
9115;Pucón;521.077;1.156.568;1.718.122;1.226.676;1.371.683;1.227.967;1.502.356;1.493.797;1.505.309;1.720.141;1.479.986;1.771.747;1.947.402;2.330.657;2.593.772;2.296.774;3.126.847;3.422.226;3.586.676;;122,00%;48,60%;-28,60%;11,80%;-10,50%;22,30%;-0,60%;0,80%;14,30%;-14,00%;19,70%;9,90%;19,70%;11,30%;-11,50%;36,10%;9,40%;4,80%
;Alojamiento turístico;154.746;168.310;202.233;793.130;898.062;736.336;777.567;910.035;879.570;893.189;329.426;471.644;590.062;481.907;455.460;262.266;353.006;565.711;425.243;;8,80%;20,20%;292,20%;13,20%;-18,00%;5,60%;17,00%;-3,30%;1,50%;-63,10%;43,20%;25,10%;-18,30%;-5,50%;-42,40%;34,60%;60,30%;-24,80%
;Actividades de provisión de alimentos y bebidas;178.879;777.272;928.230;191.874;187.493;219.590;259.653;319.754;343.438;369.312;421.211;535.683;631.099;801.079;695.925;558.914;761.239;1.114.919;982.592;;334,50%;19,40%;-79,30%;-2,30%;17,10%;18,20%;23,10%;7,40%;7,50%;14,10%;27,20%;17,80%;26,90%;-13,10%;-19,70%;36,20%;46,50%;-11,90%
;Transporte de pasajeros por ferrocarril;0;0;0;0;0;0;0;0;0;0;0;0;0;0;0;0;0;0;0;;;;;;;;;;;;;;;;;;;
;Transporte de pasajeros por carretera;0;2.503;2.404;1.548;339;5.019;6.352;15.153;23.852;34.613;59.541;40.067;66.833;37.826;41.372;19.592;19.161;394.673;293.453;;;-3,90%;-35,60%;-78,10%;1380,10%;26,50%;138,60%;57,40%;45,10%;72,00%;-32,70%;66,80%;-43,40%;9,40%;-52,60%;-2,20%;1959,70%;-25,60%
;Transporte de pasajeros por agua;*;*;*;0;0;0;0;0;0;0;0;0;*;*;0;*;*;*;*;;;;;;;;;;;;;;;;;;;
;Transporte aéreo de pasajeros;0;0;0;0;0;0;0;0;0;0;0;0;0;0;0;0;0;0;0;;;;;;;;;;;;;;;;;;;
;Alquiler de equipos de transporte;*;*;*;*;*;*;*;*;*;*;1.636;14.154;4.262;13.286;14.422;10.754;24.515;13.927;12.767;;;;;;;;;;;;764,90%;-69,90%;211,70%;8,60%;-25,40%;128,00%;-43,20%;-8,30%
;Actividades de agencias de viajes y de otros servicios de reservas;43.650;46.383;55.569;57.608;71.892;58.505;86.161;43.254;42.810;50.625;91.618;84.200;107.946;139.268;85.175;51.114;57.401;82.983;128.022;;6,30%;19,80%;3,70%;24,80%;-18,60%;47,30%;-49,80%;-1,00%;18,30%;81,00%;-8,10%;28,20%;29,00%;-38,80%;-40,00%;12,30%;44,60%;54,30%
;Actividades culturales;*;*;*;*;*;0;*;*;*;*;*;*;*;*;*;*;0;0;0;;;;;;;;;;;;;;;;;;;
;Actividades deportivas y recreativas;8.360;5.084;5.885;5.264;5.987;0;6.201;5.979;18.696;22.562;38.466;51.202;57.621;71.090;110.999;83.903;401.015;162.749;145.304;;-39,20%;15,80%;-10,60%;13,70%;-100,00%;;-3,60%;212,70%;20,70%;70,50%;33,10%;12,50%;23,40%;56,10%;-24,40%;378,00%;-59,40%;-10,70%
;Comercio al por menor de bienes característicos del turismo;16.607;15.083;12.857;10.113;10.548;10.141;12.210;26.350;27.302;29.701;25.921;30.371;32.770;42.329;37.105;32.649;45.680;41.486;32.882;;-9,20%;-14,80%;-21,30%;4,30%;-3,90%;20,40%;115,80%;3,60%;8,80%;-12,70%;17,20%;7,90%;29,20%;-12,30%;-12,00%;39,90%;-9,20%;-20,70%
;Actividades relacionadas con segundos hogares y multipropiedades;118.836;141.932;510.944;167.140;197.362;198.377;354.210;173.273;169.640;320.140;512.164;544.426;456.809;743.872;1.153.315;1.277.581;1.464.829;1.045.777;1.566.414;;19,40%;260,00%;-67,30%;18,10%;0,50%;78,60%;-51,10%;-2,10%;88,70%;60,00%;6,30%;-16,10%;62,80%;55,00%;10,80%;14,70%;-28,60%;49,80%
9116;Saavedra;2.475;1.868;0;2.966;3.951;6.425;5.505;8.191;11.108;9.334;12.766;17.758;40.089;44.343;45.837;31.153;50.994;68.789;67.834;;-24,50%;-100,00%;;33,20%;62,60%;-14,30%;48,80%;35,60%;-16,00%;36,80%;39,10%;125,80%;10,60%;3,40%;-32,00%;63,70%;34,90%;-1,40%
;Alojamiento turístico;*;*;*;*;*;*;*;*;0;0;0;0;4.554;0;0;0;0;0;0;;;;;;;;;;;;;;-100,00%;;;;;
;Actividades de provisión de alimentos y bebidas;2.475;1.868;0;2.966;3.951;6.425;5.505;8.191;11.108;9.334;12.766;14.555;30.737;39.617;41.073;29.303;47.671;59.973;59.589;;-24,50%;-100,00%;;33,20%;62,60%;-14,30%;48,80%;35,60%;-16,00%;36,80%;14,00%;111,20%;28,90%;3,70%;-28,70%;62,70%;25,80%;-0,60%
;Transporte de pasajeros por ferrocarril;0;0;0;0;0;0;0;0;0;0;0;0;0;0;0;0;0;0;0;;;;;;;;;;;;;;;;;;;
;Transporte de pasajeros por carretera;*;0;0;0;0;0;*;0;0;0;0;3.203;4.797;4.726;4.764;1.850;3.323;8.815;8.245;;;;;;;;;;;;;49,80%;-1,50%;0,80%;-61,20%;79,60%;165,30%;-6,50%
;Transporte de pasajeros por agua;0;0;0;0;0;0;0;0;*;*;*;*;*;*;*;*;*;*;*;;;;;;;;;;;;;;;;;;;
;Transporte aéreo de pasajeros;0;0;0;0;0;0;0;0;0;0;0;0;0;0;0;0;0;0;0;;;;;;;;;;;;;;;;;;;
;Alquiler de equipos de transporte;0;0;0;0;0;0;0;0;0;0;0;*;*;*;*;*;*;*;*;;;;;;;;;;;;;;;;;;;
;Actividades de agencias de viajes y de otros servicios de reservas;0;0;0;0;0;0;0;0;0;0;0;*;*;*;*;*;*;*;*;;;;;;;;;;;;;;;;;;;
;Actividades culturales;*;*;*;*;*;*;*;*;*;*;*;*;*;*;*;*;*;*;*;;;;;;;;;;;;;;;;;;;
;Actividades deportivas y recreativas;0;0;0;0;0;0;0;0;0;0;*;*;*;*;*;*;*;*;*;;;;;;;;;;;;;;;;;;;
;Comercio al por menor de bienes característicos del turismo;*;*;*;*;*;0;0;*;*;*;*;*;*;*;*;*;*;*;*;;;;;;;;;;;;;;;;;;;
;Actividades relacionadas con segundos hogares y multipropiedades;*;*;*;*;*;*;*;*;*;*;*;*;*;*;*;*;*;*;*;;;;;;;;;;;;;;;;;;;
9117;Teodoro Schmidt;9.100;9.451;8.134;6.474;6.295;7.184;3.987;6.234;4.954;4.233;12.453;11.716;16.227;11.299;10.547;4.836;11.369;21.765;27.368;;3,90%;-13,90%;-20,40%;-2,80%;14,10%;-44,50%;56,40%;-20,50%;-14,60%;194,20%;-5,90%;38,50%;-30,40%;-6,70%;-54,20%;135,10%;91,40%;25,70%
;Alojamiento turístico;*;*;*;*;*;*;*;*;*;*;*;0;7.215;2.612;0;0;0;6.000;10.774;;;;;;;;;;;;;;-63,80%;-100,00%;;;;79,60%
;Actividades de provisión de alimentos y bebidas;9.100;9.451;8.134;6.474;6.295;7.184;3.987;6.234;4.954;4.233;12.453;11.716;9.012;8.687;10.547;4.836;11.369;15.765;16.594;;3,90%;-13,90%;-20,40%;-2,80%;14,10%;-44,50%;56,40%;-20,50%;-14,60%;194,20%;-5,90%;-23,10%;-3,60%;21,40%;-54,20%;135,10%;38,70%;5,30%
;Transporte de pasajeros por ferrocarril;0;0;0;0;0;0;0;0;0;0;0;0;0;0;0;0;0;0;0;;;;;;;;;;;;;;;;;;;
;Transporte de pasajeros por carretera;*;*;*;*;*;*;*;*;0;0;0;0;0;0;0;0;0;0;0;;;;;;;;;;;;;;;;;;;
;Transporte de pasajeros por agua;0;0;0;0;0;0;0;0;0;0;0;0;0;0;0;0;0;0;0;;;;;;;;;;;;;;;;;;;
;Transporte aéreo de pasajeros;0;0;0;0;0;0;0;0;0;0;0;0;0;0;0;0;0;0;0;;;;;;;;;;;;;;;;;;;
;Alquiler de equipos de transporte;0;*;*;*;*;0;0;0;0;0;0;*;*;*;0;*;*;*;*;;;;;;;;;;;;;;;;;;;
;Actividades de agencias de viajes y de otros servicios de reservas;0;0;0;0;0;0;0;0;0;0;0;0;0;*;*;*;*;*;*;;;;;;;;;;;;;;;;;;;
;Actividades culturales;0;0;0;0;0;0;0;0;0;0;*;*;*;*;*;*;*;*;*;;;;;;;;;;;;;;;;;;;
;Actividades deportivas y recreativas;*;*;*;*;*;*;*;0;0;0;*;*;*;*;*;*;*;*;*;;;;;;;;;;;;;;;;;;;
;Comercio al por menor de bienes característicos del turismo;0;0;0;*;*;0;0;*;0;0;*;*;*;*;*;*;*;*;*;;;;;;;;;;;;;;;;;;;
;Actividades relacionadas con segundos hogares y multipropiedades;0;*;*;0;0;*;*;*;*;*;*;*;*;*;*;*;*;*;*;;;;;;;;;;;;;;;;;;;
9118;Toltén;5.384;5.711;4.875;4.369;5.777;5.285;5.325;6.113;5.486;5.262;8.217;17.273;19.509;15.668;14.054;8.538;22.659;30.104;37.982;;6,10%;-14,60%;-10,40%;32,20%;-8,50%;0,80%;14,80%;-10,20%;-4,10%;56,20%;110,20%;12,90%;-19,70%;-10,30%;-39,20%;165,40%;32,90%;26,20%
;Alojamiento turístico;*;*;*;*;*;*;*;*;0;0;0;*;0;0;0;0;0;4.592;6.887;;;;;;;;;;;;;;;;;;;50,00%
;Actividades de provisión de alimentos y bebidas;5.384;5.711;4.875;4.369;5.777;5.285;5.325;6.113;5.486;5.262;8.217;17.273;19.509;15.668;14.054;8.538;20.385;22.937;28.550;;6,10%;-14,60%;-10,40%;32,20%;-8,50%;0,80%;14,80%;-10,20%;-4,10%;56,20%;110,20%;12,90%;-19,70%;-10,30%;-39,20%;138,80%;12,50%;24,50%
;Transporte de pasajeros por ferrocarril;0;0;0;0;0;0;0;0;0;0;0;0;0;0;0;0;0;0;0;;;;;;;;;;;;;;;;;;;
;Transporte de pasajeros por carretera;*;*;*;*;*;*;*;*;*;*;0;0;0;0;0;*;0;0;*;;;;;;;;;;;;;;;;;;;
;Transporte de pasajeros por agua;0;0;0;0;0;0;0;0;0;0;0;0;0;0;0;0;0;0;0;;;;;;;;;;;;;;;;;;;
;Transporte aéreo de pasajeros;0;0;0;0;0;0;0;0;0;0;0;0;0;0;0;0;0;0;0;;;;;;;;;;;;;;;;;;;
;Alquiler de equipos de transporte;0;0;0;0;0;0;0;0;0;0;0;0;0;0;0;0;0;0;0;;;;;;;;;;;;;;;;;;;
;Actividades de agencias de viajes y de otros servicios de reservas;*;0;0;0;0;0;0;0;0;0;*;*;*;*;*;*;2.274;2.575;2.059;;;;;;;;;;;;;;;;;;13,20%;-20,00%
;Actividades culturales;0;0;0;0;0;0;*;*;*;0;*;0;0;0;0;*;*;*;*;;;;;;;;;;;;;;;;;;;
;Actividades deportivas y recreativas;*;0;*;*;*;*;*;0;0;0;*;*;*;*;*;*;*;*;*;;;;;;;;;;;;;;;;;;;
;Comercio al por menor de bienes característicos del turismo;0;0;0;0;0;*;*;*;*;*;*;*;*;*;*;*;*;*;486;;;;;;;;;;;;;;;;;;;
;Actividades relacionadas con segundos hogares y multipropiedades;0;0;0;0;*;*;*;*;*;0;*;*;*;*;*;*;*;*;*;;;;;;;;;;;;;;;;;;;
9119;Vilcún;4.201;4.398;5.043;6.124;5.071;4.760;6.943;20.090;20.044;16.800;104.113;80.004;139.856;81.437;102.787;82.321;104.565;111.608;135.535;;4,70%;14,70%;21,40%;-17,20%;-6,10%;45,90%;189,40%;-0,20%;-16,20%;519,70%;-23,20%;74,80%;-41,80%;26,20%;-19,90%;27,00%;6,70%;21,40%
;Alojamiento turístico;*;*;*;*;*;0;0;*;*;*;*;*;*;0;0;3.162;0;0;0;;;;;;;;;;;;;;;;;-100,00%;;
;Actividades de provisión de alimentos y bebidas;4.201;4.398;5.043;6.124;5.071;4.760;6.943;19.695;16.780;14.911;14.248;16.626;16.486;26.911;21.885;16.880;26.280;25.027;51.371;;4,70%;14,70%;21,40%;-17,20%;-6,10%;45,90%;183,70%;-14,80%;-11,10%;-4,40%;16,70%;-0,80%;63,20%;-18,70%;-22,90%;55,70%;-4,80%;105,30%
;Transporte de pasajeros por ferrocarril;0;0;0;0;0;0;0;0;0;0;0;0;0;0;0;0;0;0;0;;;;;;;;;;;;;;;;;;;
;Transporte de pasajeros por carretera;0;0;0;0;0;0;0;395;3.264;1.889;8.303;13.119;8.785;35.817;29.403;26.397;45.540;51.755;51.021;;;;;;;;;727,20%;-42,10%;339,60%;58,00%;-33,00%;307,70%;-17,90%;-10,20%;72,50%;13,60%;-1,40%
;Transporte de pasajeros por agua;0;0;0;0;0;0;0;0;0;0;0;0;0;0;0;0;0;0;0;;;;;;;;;;;;;;;;;;;
;Transporte aéreo de pasajeros;0;0;0;0;0;0;0;0;*;*;0;0;0;*;*;*;0;*;*;;;;;;;;;;;;;;;;;;;
;Alquiler de equipos de transporte;*;*;0;0;*;*;*;*;*;*;*;*;*;*;*;*;*;*;*;;;;;;;;;;;;;;;;;;;
;Actividades de agencias de viajes y de otros servicios de reservas;*;*;*;*;*;*;*;*;0;0;0;*;*;*;*;*;*;*;*;;;;;;;;;;;;;;;;;;;
;Actividades culturales;0;0;0;0;0;0;0;0;0;0;*;*;*;*;0;*;0;*;*;;;;;;;;;;;;;;;;;;;
;Actividades deportivas y recreativas;*;*;*;*;*;*;*;*;*;*;*;*;0;*;*;0;0;0;0;;;;;;;;;;;;;;;;;;;
;Comercio al por menor de bienes característicos del turismo;*;*;*;*;*;*;*;*;*;*;*;*;*;*;*;*;*;*;*;;;;;;;;;;;;;;;;;;;
;Actividades relacionadas con segundos hogares y multipropiedades;*;*;*;*;*;*;*;*;*;*;81.562;50.259;114.585;18.708;51.499;35.883;32.745;34.826;33.143;;;;;;;;;;;;-38,40%;128,00%;-83,70%;175,30%;-30,30%;-8,70%;6,40%;-4,80%
9120;Villarrica;469.000;418.703;572.185;525.066;692.502;646.416;651.263;797.348;1.033.686;889.775;2.215.902;2.772.554;2.925.687;3.402.425;1.831.809;2.287.241;3.732.284;4.900.901;4.072.578;;-10,70%;36,70%;-8,20%;31,90%;-6,70%;0,70%;22,40%;29,60%;-13,90%;149,00%;25,10%;5,50%;16,30%;-46,20%;24,90%;63,20%;31,30%;-16,90%
;Alojamiento turístico;170.000;184.091;186.435;175.103;238.728;226.816;238.217;304.264;269.143;304.413;169.231;224.649;214.643;246.090;199.531;137.628;244.960;241.422;175.524;;8,30%;1,30%;-6,10%;36,30%;-5,00%;5,00%;27,70%;-11,50%;13,10%;-44,40%;32,70%;-4,50%;14,70%;-18,90%;-31,00%;78,00%;-1,40%;-27,30%
;Actividades de provisión de alimentos y bebidas;79.465;97.251;91.246;111.363;121.311;149.989;147.323;89.178;104.014;144.003;439.345;565.442;443.409;404.439;502.097;309.040;485.923;614.757;666.031;;22,40%;-6,20%;22,00%;8,90%;23,60%;-1,80%;-39,50%;16,60%;38,40%;205,10%;28,70%;-21,60%;-8,80%;24,10%;-38,50%;57,20%;26,50%;8,30%
;Transporte de pasajeros por ferrocarril;0;0;0;0;0;0;0;0;0;0;0;0;0;0;0;0;0;0;0;;;;;;;;;;;;;;;;;;;
;Transporte de pasajeros por carretera;5.103;5.329;5.469;6.298;7.675;11.138;12.400;14.854;18.559;24.639;50.492;43.087;65.384;60.159;80.593;62.165;70.839;123.264;115.937;;4,40%;2,60%;15,10%;21,90%;45,10%;11,30%;19,80%;24,90%;32,80%;104,90%;-14,70%;51,70%;-8,00%;34,00%;-22,90%;14,00%;74,00%;-5,90%
;Transporte de pasajeros por agua;*;*;*;*;*;*;0;*;*;*;*;*;*;*;*;*;*;*;*;;;;;;;;;;;;;;;;;;;
;Transporte aéreo de pasajeros;0;0;0;0;0;0;0;0;0;0;0;0;0;0;0;0;0;0;0;;;;;;;;;;;;;;;;;;;
;Alquiler de equipos de transporte;*;*;*;*;*;*;*;*;*;*;193.865;125.320;43.534;27.541;*;3.154;*;10.081;9.301;;;;;;;;;;;;-35,40%;-65,30%;-36,70%;;;;;-7,70%
;Actividades de agencias de viajes y de otros servicios de reservas;*;*;*;*;*;*;*;*;*;*;21.809;18.845;20.521;8.915;6.363;4.445;3.285;11.480;33.235;;;;;;;;;;;;-13,60%;8,90%;-56,60%;-28,60%;-30,10%;-26,10%;249,50%;189,50%
;Actividades culturales;*;*;*;0;0;0;0;0;0;0;*;*;*;*;0;*;0;0;8.872;;;;;;;;;;;;;;;;;;;
;Actividades deportivas y recreativas;*;*;*;*;0;0;*;*;0;0;12.971;21.781;24.275;22.686;9.744;9.454;12.944;10.310;13.740;;;;;;;;;;;;67,90%;11,40%;-6,50%;-57,10%;-3,00%;36,90%;-20,40%;33,30%
;Comercio al por menor de bienes característicos del turismo;16.378;24.566;17.593;15.093;22.646;24.530;23.535;108.461;25.793;24.234;57.917;68.467;72.575;47.948;35.452;25.141;34.547;34.180;24.719;;50,00%;-28,40%;-14,20%;50,00%;8,30%;-4,10%;360,80%;-76,20%;-6,00%;139,00%;18,20%;6,00%;-33,90%;-26,10%;-29,10%;37,40%;-1,10%;-27,70%
;Actividades relacionadas con segundos hogares y multipropiedades;198.054;107.466;271.443;217.210;302.142;233.943;229.788;280.591;616.178;392.486;1.270.272;1.704.962;2.041.346;2.584.647;998.029;1.736.214;2.879.786;3.855.406;3.025.219;;-45,70%;152,60%;-20,00%;39,10%;-22,60%;-1,80%;22,10%;119,60%;-36,30%;223,60%;34,20%;19,70%;26,60%;-61,40%;74,00%;65,90%;33,90%;-21,50%
9121;Cholchol;*;*;0;*;0;0;0;0;0;0;0;7.443;4.049;6.741;5.736;1.660;5.018;3.420;9.555;;;;;;;;;;;;;-45,60%;66,50%;-14,90%;-71,10%;202,40%;-31,80%;179,40%
;Alojamiento turístico;0;0;*;*;*;*;*;*;*;*;*;*;*;*;*;*;*;*;*;;;;;;;;;;;;;;;;;;;
;Actividades de provisión de alimentos y bebidas;*;*;*;*;*;*;*;*;*;*;*;7.443;4.049;6.741;5.736;1.660;5.018;3.420;9.555;;;;;;;;;;;;;-45,60%;66,50%;-14,90%;-71,10%;202,40%;-31,80%;179,40%
;Transporte de pasajeros por ferrocarril;0;0;0;0;0;0;0;0;0;0;0;0;0;0;0;0;0;0;0;;;;;;;;;;;;;;;;;;;
;Transporte de pasajeros por carretera;0;0;*;*;*;*;*;*;*;*;*;0;0;0;0;0;0;0;0;;;;;;;;;;;;;;;;;;;
;Transporte de pasajeros por agua;0;0;0;0;0;0;0;0;0;0;0;0;0;0;0;0;0;0;0;;;;;;;;;;;;;;;;;;;
;Transporte aéreo de pasajeros;0;0;0;0;0;0;0;0;0;0;0;0;0;0;0;0;0;0;0;;;;;;;;;;;;;;;;;;;
;Alquiler de equipos de transporte;0;0;0;0;0;0;*;*;*;*;*;*;*;*;*;*;*;*;*;;;;;;;;;;;;;;;;;;;
;Actividades de agencias de viajes y de otros servicios de reservas;*;*;*;0;0;0;0;0;0;0;0;0;0;*;0;0;*;*;0;;;;;;;;;;;;;;;;;;;
;Actividades culturales;0;0;0;0;0;0;0;0;0;0;0;0;*;0;*;0;0;*;*;;;;;;;;;;;;;;;;;;;
;Actividades deportivas y recreativas;0;*;*;*;*;*;*;*;*;0;0;0;0;*;*;*;*;*;*;;;;;;;;;;;;;;;;;;;
;Comercio al por menor de bienes característicos del turismo;0;*;*;*;*;*;*;*;*;*;*;*;*;*;*;*;*;*;*;;;;;;;;;;;;;;;;;;;
;Actividades relacionadas con segundos hogares y multipropiedades;0;0;0;0;0;0;*;*;*;*;*;*;*;*;*;*;*;*;*;;;;;;;;;;;;;;;;;;;
9201;Angol;121.765;151.889;137.464;134.253;166.032;138.574;198.502;221.184;326.070;37.528.275;1.051.650;896.803;675.311;565.235;720.755;655.996;909.652;1.016.213;860.267;;24,70%;-9,50%;-2,30%;23,70%;-16,50%;43,20%;11,40%;47,40%;11409,30%;-97,20%;-14,70%;-24,70%;-16,30%;27,50%;-9,00%;38,70%;11,70%;-15,30%
;Alojamiento turístico;0;0;0;0;5.991;0;5.566;8.276;10.788;18.753;20.088;35.312;29.271;59.478;36.851;31.942;39.425;50.643;33.516;;;;;;-100,00%;;48,70%;30,40%;73,80%;7,10%;75,80%;-17,10%;103,20%;-38,00%;-13,30%;23,40%;28,50%;-33,80%
;Actividades de provisión de alimentos y bebidas;55.903;68.107;87.712;82.982;68.651;68.014;70.767;104.108;86.658;86.336;273.107;126.962;127.843;201.589;201.842;257.172;164.216;251.331;274.557;;21,80%;28,80%;-5,40%;-17,30%;-0,90%;4,00%;47,10%;-16,80%;-0,40%;216,30%;-53,50%;0,70%;57,70%;0,10%;27,40%;-36,10%;53,00%;9,20%
;Transporte de pasajeros por ferrocarril;0;0;0;0;0;0;0;0;0;0;0;0;0;0;0;0;0;0;0;;;;;;;;;;;;;;;;;;;
;Transporte de pasajeros por carretera;12.306;6.013;3.759;3.719;20.880;30.193;28.541;42.545;71.235;37.319.381;296.368;233.113;170.069;86.197;101.510;72.223;73.495;107.398;115.881;;-51,10%;-37,50%;-1,10%;461,50%;44,60%;-5,50%;49,10%;67,40%;52289,40%;-99,20%;-21,30%;-27,00%;-49,30%;17,80%;-28,90%;1,80%;46,10%;7,90%
;Transporte de pasajeros por agua;*;0;0;0;0;0;0;0;0;0;0;0;0;0;0;0;0;0;0;;;;;;;;;;;;;;;;;;;
;Transporte aéreo de pasajeros;0;0;0;0;0;0;*;*;*;*;0;0;0;0;0;0;0;0;0;;;;;;;;;;;;;;;;;;;
;Alquiler de equipos de transporte;*;*;*;*;*;*;*;2.994;3.200;5.441;33.106;78.501;86.319;27.478;30.934;48.726;67.727;50.750;55.458;;;;;;;;;6,90%;70,00%;508,40%;137,10%;10,00%;-68,20%;12,60%;57,50%;39,00%;-25,10%;9,30%
;Actividades de agencias de viajes y de otros servicios de reservas;0;0;0;0;0;*;*;*;*;*;*;0;0;*;*;*;*;*;*;;;;;;;;;;;;;;;;;;;
;Actividades culturales;*;*;*;*;*;*;*;0;*;*;*;*;*;*;*;*;*;*;0;;;;;;;;;;;;;;;;;;;
;Actividades deportivas y recreativas;0;0;*;*;*;*;*;*;*;*;8.530;9.451;9.419;7.651;2.942;3.877;3.176;0;4.752;;;;;;;;;;;;10,80%;-0,30%;-18,80%;-61,50%;31,80%;-18,10%;-100,00%;
;Comercio al por menor de bienes característicos del turismo;*;*;*;*;488;*;*;*;*;*;1.296;1.723;1.768;*;*;*;2.362;1.157;3.318;;;;;;;;;;;;33,00%;2,60%;;;;;-51,00%;186,70%
;Actividades relacionadas con segundos hogares y multipropiedades;53.556;77.769;45.992;47.553;70.022;40.367;93.628;63.261;154.189;98.363;419.156;411.741;250.621;182.841;346.676;242.056;559.251;554.934;372.784;;45,20%;-40,90%;3,40%;47,30%;-42,40%;131,90%;-32,40%;143,70%;-36,20%;326,10%;-1,80%;-39,10%;-27,00%;89,60%;-30,20%;131,00%;-0,80%;-32,80%
9202;Collipulli;15.733;34.756;19.509;17.418;17.036;22.957;30.127;32.227;42.524;44.365;127.987;180.136;242.042;179.456;206.411;149.166;176.050;214.008;235.503;;120,90%;-43,90%;-10,70%;-2,20%;34,80%;31,20%;7,00%;32,00%;4,30%;188,50%;40,70%;34,40%;-25,90%;15,00%;-27,70%;18,00%;21,60%;10,00%
;Alojamiento turístico;*;*;*;0;0;0;0;0;0;0;0;27.489;28.485;10.998;0;0;0;0;0;;;;;;;;;;;;;3,60%;-61,40%;-100,00%;;;;
;Actividades de provisión de alimentos y bebidas;15.733;27.570;19.509;17.418;17.036;22.957;30.127;32.227;34.772;34.294;78.924;99.507;63.704;118.038;147.441;99.822;134.609;163.304;187.757;;75,20%;-29,20%;-10,70%;-2,20%;34,80%;31,20%;7,00%;7,90%;-1,40%;130,10%;26,10%;-36,00%;85,30%;24,90%;-32,30%;34,80%;21,30%;15,00%
;Transporte de pasajeros por ferrocarril;0;0;0;0;0;0;0;0;0;0;0;0;0;0;0;0;0;0;0;;;;;;;;;;;;;;;;;;;
;Transporte de pasajeros por carretera;0;7.186;0;0;0;0;0;0;7.751;10.071;41.971;30.743;49.543;50.420;58.970;49.344;41.440;50.704;47.746;;;-100,00%;;;;;;;29,90%;316,80%;-26,80%;61,20%;1,80%;17,00%;-16,30%;-16,00%;22,40%;-5,80%
;Transporte de pasajeros por agua;0;0;0;0;0;0;0;0;0;0;0;0;0;0;0;0;0;0;0;;;;;;;;;;;;;;;;;;;
;Transporte aéreo de pasajeros;0;0;0;0;0;0;0;0;0;0;0;0;0;0;0;0;0;0;0;;;;;;;;;;;;;;;;;;;
;Alquiler de equipos de transporte;*;*;*;*;*;*;*;*;*;*;7.092;22.397;*;*;*;*;*;*;*;;;;;;;;;;;;215,80%;;;;;;;
;Actividades de agencias de viajes y de otros servicios de reservas;0;0;0;0;0;0;0;0;0;0;*;*;*;*;*;*;*;*;*;;;;;;;;;;;;;;;;;;;
;Actividades culturales;0;0;0;0;0;0;0;0;0;0;0;*;0;*;*;*;*;*;*;;;;;;;;;;;;;;;;;;;
;Actividades deportivas y recreativas;*;*;*;*;*;*;*;*;*;*;*;0;0;0;0;0;*;*;*;;;;;;;;;;;;;;;;;;;
;Comercio al por menor de bienes característicos del turismo;*;*;*;*;*;*;*;0;0;*;*;*;*;*;*;*;*;*;*;;;;;;;;;;;;;;;;;;;
;Actividades relacionadas con segundos hogares y multipropiedades;*;*;*;*;*;*;*;*;*;*;0;0;100.310;0;*;0;0;0;0;;;;;;;;;;;;;;-100,00%;;;;;
9203;Curacautín;29.111;29.155;30.702;31.214;26.983;33.406;41.342;48.263;43.902;60.856;139.721;121.081;214.951;424.865;137.758;281.472;393.975;392.928;398.653;;0,20%;5,30%;1,70%;-13,60%;23,80%;23,80%;16,70%;-9,00%;38,60%;129,60%;-13,30%;77,50%;97,70%;-67,60%;104,30%;40,00%;-0,30%;1,50%
;Alojamiento turístico;21.832;22.841;24.543;25.763;22.011;27.833;30.127;31.681;34.267;41.168;107.423;60.481;71.567;35.246;32.858;17.144;216.064;237.665;229.172;;4,60%;7,40%;5,00%;-14,60%;26,40%;8,20%;5,20%;8,20%;20,10%;160,90%;-43,70%;18,30%;-50,80%;-6,80%;-47,80%;1160,30%;10,00%;-3,60%
;Actividades de provisión de alimentos y bebidas;7.279;6.314;6.159;5.451;4.972;5.573;6.750;5.864;6.376;8.479;21.706;39.507;43.958;47.583;54.065;34.166;82.546;90.304;78.314;;-13,30%;-2,50%;-11,50%;-8,80%;12,10%;21,10%;-13,10%;8,70%;33,00%;156,00%;82,00%;11,30%;8,20%;13,60%;-36,80%;141,60%;9,40%;-13,30%
;Transporte de pasajeros por ferrocarril;*;0;0;0;0;0;0;0;0;0;0;0;0;0;0;0;0;0;0;;;;;;;;;;;;;;;;;;;
;Transporte de pasajeros por carretera;0;0;0;0;0;0;4.464;7.367;0;6.482;8.219;10.540;8.324;26.859;6.715;3.627;4.934;10.006;10.719;;;;;;;;65,00%;-100,00%;;26,80%;28,20%;-21,00%;222,70%;-75,00%;-46,00%;36,00%;102,80%;7,10%
;Transporte de pasajeros por agua;0;0;0;0;0;0;0;0;0;0;0;0;0;0;0;0;0;0;0;;;;;;;;;;;;;;;;;;;
;Transporte aéreo de pasajeros;0;0;0;0;0;0;0;0;0;0;0;0;0;0;0;0;0;0;0;;;;;;;;;;;;;;;;;;;
;Alquiler de equipos de transporte;*;*;*;*;*;*;*;*;*;*;*;*;*;*;*;*;*;*;*;;;;;;;;;;;;;;;;;;;
;Actividades de agencias de viajes y de otros servicios de reservas;0;0;0;0;0;0;*;*;*;*;*;6.398;8.196;0;0;0;0;0;3.714;;;;;;;;;;;;;28,10%;-100,00%;;;;;
;Actividades culturales;*;0;0;*;0;0;0;0;0;0;0;0;*;*;*;*;*;*;*;;;;;;;;;;;;;;;;;;;
;Actividades deportivas y recreativas;*;*;*;*;*;*;*;*;*;*;*;0;0;0;0;0;0;0;0;;;;;;;;;;;;;;;;;;;
;Comercio al por menor de bienes característicos del turismo;*;*;*;*;*;*;*;3.351;3.260;4.727;2.372;4.155;5.237;813;890;930;1.467;1.083;1.069;;;;;;;;;-2,70%;45,00%;-49,80%;75,10%;26,10%;-84,50%;9,50%;4,50%;57,70%;-26,10%;-1,30%
;Actividades relacionadas con segundos hogares y multipropiedades;*;*;*;*;*;0;*;*;*;*;0;0;77.670;314.364;43.230;225.604;88.964;53.869;75.664;;;;;;;;;;;;;;304,70%;-86,20%;421,90%;-60,60%;-39,40%;40,50%
9204;Ercilla;0;0;0;0;0;0;0;0;0;0;0;0;0;7.453;19.223;15.854;8.931;17.942;21.077;;;;;;;;;;;;;;;157,90%;-17,50%;-43,70%;100,90%;17,50%
;Alojamiento turístico;*;*;*;*;*;*;*;*;*;*;*;*;*;*;*;*;*;*;*;;;;;;;;;;;;;;;;;;;
;Actividades de provisión de alimentos y bebidas;*;*;*;*;*;*;*;*;*;*;*;*;0;0;1.979;1.652;2.738;2.501;5.704;;;;;;;;;;;;;;;;-16,50%;65,70%;-8,70%;128,10%
;Transporte de pasajeros por ferrocarril;0;0;0;0;0;0;0;0;0;0;0;0;0;0;0;0;0;0;0;;;;;;;;;;;;;;;;;;;
;Transporte de pasajeros por carretera;*;*;*;*;*;*;*;*;*;0;0;0;0;7.453;17.244;14.202;6.192;15.441;15.372;;;;;;;;;;;;;;;131,40%;-17,60%;-56,40%;149,40%;-0,40%
;Transporte de pasajeros por agua;0;0;0;0;0;0;0;0;0;0;0;0;0;0;0;0;0;0;0;;;;;;;;;;;;;;;;;;;
;Transporte aéreo de pasajeros;0;0;0;0;0;0;0;0;0;0;0;0;0;0;0;0;0;0;0;;;;;;;;;;;;;;;;;;;
;Alquiler de equipos de transporte;*;0;0;0;0;0;0;0;0;0;0;*;*;*;*;*;*;*;*;;;;;;;;;;;;;;;;;;;
;Actividades de agencias de viajes y de otros servicios de reservas;0;0;0;0;0;0;0;0;0;0;0;0;0;0;*;*;*;*;*;;;;;;;;;;;;;;;;;;;
;Actividades culturales;0;0;0;0;0;0;0;0;0;0;*;*;*;*;0;0;0;*;*;;;;;;;;;;;;;;;;;;;
;Actividades deportivas y recreativas;0;0;0;0;0;0;0;0;0;0;0;0;0;0;*;0;*;*;*;;;;;;;;;;;;;;;;;;;
;Comercio al por menor de bienes característicos del turismo;*;*;*;*;*;*;*;*;*;*;0;0;0;0;0;0;0;0;0;;;;;;;;;;;;;;;;;;;
;Actividades relacionadas con segundos hogares y multipropiedades;*;*;*;*;*;*;*;*;*;*;*;*;*;*;*;*;*;*;*;;;;;;;;;;;;;;;;;;;
9205;Lonquimay;0;0;0;1.080;1.386;2.682;0;0;3.009;4.009;9.011;12.171;17.712;30.138;28.365;17.509;31.763;63.202;39.289;;;;;28,30%;93,60%;-100,00%;;;33,20%;124,70%;35,10%;45,50%;70,20%;-5,90%;-38,30%;81,40%;99,00%;-37,80%
;Alojamiento turístico;*;*;0;0;0;0;0;0;0;0;2.694;3.567;9.198;9.590;10.451;4.858;6.779;5.490;5.532;;;;;;;;;;;;32,40%;157,80%;4,30%;9,00%;-53,50%;39,50%;-19,00%;0,80%
;Actividades de provisión de alimentos y bebidas;*;0;0;1.080;1.386;2.682;*;0;3.009;4.009;6.316;8.604;8.514;17.192;17.914;12.651;24.984;30.491;30.145;;;;;28,30%;93,60%;;;;33,20%;57,50%;36,20%;-1,00%;101,90%;4,20%;-29,40%;97,50%;22,00%;-1,10%
;Transporte de pasajeros por ferrocarril;0;0;0;0;0;0;0;0;0;0;0;0;0;0;0;0;0;0;0;;;;;;;;;;;;;;;;;;;
;Transporte de pasajeros por carretera;*;*;*;*;*;*;*;*;*;*;0;0;0;0;0;*;0;*;*;;;;;;;;;;;;;;;;;;;
;Transporte de pasajeros por agua;0;0;0;0;0;0;0;0;0;0;0;0;0;0;0;0;0;0;0;;;;;;;;;;;;;;;;;;;
;Transporte aéreo de pasajeros;0;0;0;0;0;0;0;0;0;0;0;0;0;0;0;0;0;0;0;;;;;;;;;;;;;;;;;;;
;Alquiler de equipos de transporte;0;0;0;0;0;0;0;0;0;0;0;*;*;*;*;*;*;*;*;;;;;;;;;;;;;;;;;;;
;Actividades de agencias de viajes y de otros servicios de reservas;0;0;0;0;0;0;*;*;*;*;*;*;*;*;*;*;*;22.711;528;;;;;;;;;;;;;;;;;;;-97,70%
;Actividades culturales;0;0;0;0;0;0;0;0;0;0;0;0;0;*;*;*;*;*;*;;;;;;;;;;;;;;;;;;;
;Actividades deportivas y recreativas;0;0;0;0;0;0;0;*;0;0;*;*;*;*;0;*;*;*;*;;;;;;;;;;;;;;;;;;;
;Comercio al por menor de bienes característicos del turismo;*;*;*;*;*;*;*;*;*;*;*;*;*;*;*;*;*;3.514;2.266;;;;;;;;;;;;;;;;;;;-35,50%
;Actividades relacionadas con segundos hogares y multipropiedades;0;*;*;*;*;*;*;*;*;*;*;*;*;3.356;0;0;*;995;817;;;;;;;;;;;;;;;-100,00%;;;;-17,90%
9206;Los Sauces;0;0;7.857;0;0;0;0;3.185;2.554;0;5.504;4.915;5.988;7.981;24.882;19.251;17.422;19.110;19.972;;;;-100,00%;;;;;-19,80%;-100,00%;;-10,70%;21,80%;33,30%;211,80%;-22,60%;-9,50%;9,70%;4,50%
;Alojamiento turístico;*;*;*;*;*;*;*;*;*;*;*;*;*;*;*;*;*;*;*;;;;;;;;;;;;;;;;;;;
;Actividades de provisión de alimentos y bebidas;0;0;7.857;0;0;0;*;3.185;2.554;*;*;*;0;0;14.757;7.919;7.435;9.479;10.523;;;;-100,00%;;;;;-19,80%;;;;;;;-46,30%;-6,10%;27,50%;11,00%
;Transporte de pasajeros por ferrocarril;0;0;0;0;0;0;0;0;0;0;0;0;0;0;0;0;0;0;0;;;;;;;;;;;;;;;;;;;
;Transporte de pasajeros por carretera;*;*;*;*;*;*;*;0;0;0;5.504;4.915;5.988;7.981;10.125;11.331;9.987;9.631;9.449;;;;;;;;;;;;-10,70%;21,80%;33,30%;26,90%;11,90%;-11,90%;-3,60%;-1,90%
;Transporte de pasajeros por agua;0;0;0;0;0;0;0;0;0;0;0;0;0;0;0;0;0;0;0;;;;;;;;;;;;;;;;;;;
;Transporte aéreo de pasajeros;0;0;0;0;0;0;0;0;0;0;0;0;0;0;0;0;0;0;0;;;;;;;;;;;;;;;;;;;
;Alquiler de equipos de transporte;*;*;*;*;*;0;*;0;0;0;*;*;*;*;*;*;*;*;*;;;;;;;;;;;;;;;;;;;
;Actividades de agencias de viajes y de otros servicios de reservas;0;0;0;0;0;0;0;0;0;0;0;0;0;0;0;0;0;*;0;;;;;;;;;;;;;;;;;;;
;Actividades culturales;0;0;0;0;0;0;0;0;0;*;*;*;*;*;*;*;*;*;*;;;;;;;;;;;;;;;;;;;
;Actividades deportivas y recreativas;*;0;0;0;*;*;*;0;0;*;*;*;*;*;0;0;0;*;*;;;;;;;;;;;;;;;;;;;
;Comercio al por menor de bienes característicos del turismo;0;0;0;0;0;*;*;*;*;*;*;*;*;*;*;*;*;*;*;;;;;;;;;;;;;;;;;;;
;Actividades relacionadas con segundos hogares y multipropiedades;0;0;0;0;0;0;0;*;*;*;*;*;*;*;*;*;*;*;*;;;;;;;;;;;;;;;;;;;
9207;Lumaco;5.745;6.078;1.866;1.419;1.380;1.456;1.844;2.530;2.175;2.038;5.349;6.296;14.099;35.215;26.054;16.230;31.455;64.111;59.622;;5,80%;-69,30%;-24,00%;-2,70%;5,50%;26,60%;37,20%;-14,00%;-6,30%;162,50%;17,70%;123,90%;149,80%;-26,00%;-37,70%;93,80%;103,80%;-7,00%
;Alojamiento turístico;*;*;0;0;*;*;*;*;*;*;0;*;0;*;0;0;0;0;0;;;;;;;;;;;;;;;;;;;
;Actividades de provisión de alimentos y bebidas;5.745;6.078;1.866;1.419;1.380;1.456;1.844;2.530;2.175;2.038;5.349;6.296;7.513;32.051;23.236;13.887;20.473;28.157;21.414;;5,80%;-69,30%;-24,00%;-2,70%;5,50%;26,60%;37,20%;-14,00%;-6,30%;162,50%;17,70%;19,30%;326,60%;-27,50%;-40,20%;47,40%;37,50%;-23,90%
;Transporte de pasajeros por ferrocarril;0;0;0;0;0;0;0;0;0;0;0;0;0;0;0;0;0;0;0;;;;;;;;;;;;;;;;;;;
;Transporte de pasajeros por carretera;*;0;0;0;0;0;0;0;*;0;0;0;6.586;3.164;2.818;2.343;10.982;17.234;21.226;;;;;;;;;;;;;;-52,00%;-10,90%;-16,90%;368,70%;56,90%;23,20%
;Transporte de pasajeros por agua;0;0;0;0;0;0;0;0;0;0;0;0;0;0;0;0;0;0;0;;;;;;;;;;;;;;;;;;;
;Transporte aéreo de pasajeros;0;0;0;0;0;0;0;0;0;0;0;0;0;0;0;0;0;0;0;;;;;;;;;;;;;;;;;;;
;Alquiler de equipos de transporte;0;0;0;*;0;0;0;0;0;0;*;*;*;*;*;*;*;18.720;16.982;;;;;;;;;;;;;;;;;;;-9,30%
;Actividades de agencias de viajes y de otros servicios de reservas;0;0;0;0;0;0;*;*;0;0;*;*;*;*;*;*;*;*;*;;;;;;;;;;;;;;;;;;;
;Actividades culturales;0;0;0;0;0;0;0;0;*;0;*;*;*;*;*;*;*;*;*;;;;;;;;;;;;;;;;;;;
;Actividades deportivas y recreativas;*;*;*;*;*;*;*;*;*;*;*;*;*;*;*;*;*;*;*;;;;;;;;;;;;;;;;;;;
;Comercio al por menor de bienes característicos del turismo;*;*;0;0;*;*;*;*;*;*;*;*;*;*;*;*;*;*;*;;;;;;;;;;;;;;;;;;;
;Actividades relacionadas con segundos hogares y multipropiedades;0;0;0;0;0;0;0;0;0;0;*;*;*;*;*;*;*;*;*;;;;;;;;;;;;;;;;;;;
9208;Purén;5.411;6.512;7.123;15.485;13.940;5.639;5.438;7.260;4.465;3.824;4.675;17.681;11.586;13.102;16.630;11.215;14.610;49.809;19.139;;20,30%;9,40%;117,40%;-10,00%;-59,60%;-3,60%;33,50%;-38,50%;-14,30%;22,20%;278,20%;-34,50%;13,10%;26,90%;-32,60%;30,30%;240,90%;-61,60%
;Alojamiento turístico;*;*;*;*;*;*;*;*;*;*;*;*;*;*;*;*;*;*;*;;;;;;;;;;;;;;;;;;;
;Actividades de provisión de alimentos y bebidas;5.411;6.512;7.123;15.485;13.940;5.639;5.438;7.260;4.465;3.824;4.675;8.838;11.586;6.864;9.589;6.289;6.666;11.353;14.205;;20,30%;9,40%;117,40%;-10,00%;-59,60%;-3,60%;33,50%;-38,50%;-14,30%;22,20%;89,00%;31,10%;-40,80%;39,70%;-34,40%;6,00%;70,30%;25,10%
;Transporte de pasajeros por ferrocarril;0;0;0;0;0;0;0;0;0;0;0;0;0;0;0;0;0;0;0;;;;;;;;;;;;;;;;;;;
;Transporte de pasajeros por carretera;*;*;*;0;0;0;0;0;0;0;0;8.844;0;6.238;7.041;4.925;7.944;38.455;4.933;;;;;;;;;;;;;-100,00%;;12,90%;-30,10%;61,30%;384,10%;-87,20%
;Transporte de pasajeros por agua;0;0;0;0;0;0;0;0;0;0;0;0;0;0;0;0;0;0;0;;;;;;;;;;;;;;;;;;;
;Transporte aéreo de pasajeros;0;0;0;0;0;0;0;0;0;0;0;0;0;0;0;0;0;0;0;;;;;;;;;;;;;;;;;;;
;Alquiler de equipos de transporte;0;0;0;0;0;0;0;0;0;0;*;*;*;*;*;*;*;*;*;;;;;;;;;;;;;;;;;;;
;Actividades de agencias de viajes y de otros servicios de reservas;0;0;0;0;0;0;0;0;0;0;*;*;*;*;*;*;*;0;0;;;;;;;;;;;;;;;;;;;
;Actividades culturales;0;*;*;*;0;*;0;0;0;0;*;*;*;0;*;*;*;*;*;;;;;;;;;;;;;;;;;;;
;Actividades deportivas y recreativas;*;*;*;*;*;*;*;*;*;*;*;*;*;*;*;*;*;*;*;;;;;;;;;;;;;;;;;;;
;Comercio al por menor de bienes característicos del turismo;*;0;0;0;0;*;*;*;*;*;*;*;*;*;*;*;*;*;*;;;;;;;;;;;;;;;;;;;
;Actividades relacionadas con segundos hogares y multipropiedades;*;*;*;*;*;*;*;*;*;*;*;*;*;*;*;*;*;*;*;;;;;;;;;;;;;;;;;;;
9209;Renaico;3.562;3.951;5.257;5.048;5.157;7.311;6.024;5.419;6.036;5.884;25.694;27.340;59.403;34.831;32.103;26.158;36.761;29.039;25.347;;10,90%;33,10%;-4,00%;2,20%;41,80%;-17,60%;-10,10%;11,40%;-2,50%;336,70%;6,40%;117,30%;-41,40%;-7,80%;-18,50%;40,50%;-21,00%;-12,70%
;Alojamiento turístico;*;*;*;*;*;*;*;*;*;*;0;*;*;0;0;0;0;0;*;;;;;;;;;;;;;;;;;;;
;Actividades de provisión de alimentos y bebidas;3.562;3.951;5.257;5.048;5.157;7.311;6.024;5.419;6.036;5.884;25.694;27.340;38.734;34.831;32.103;26.158;36.761;29.039;25.347;;10,90%;33,10%;-4,00%;2,20%;41,80%;-17,60%;-10,10%;11,40%;-2,50%;336,70%;6,40%;41,70%;-10,10%;-7,80%;-18,50%;40,50%;-21,00%;-12,70%
;Transporte de pasajeros por ferrocarril;0;0;0;0;0;0;0;0;0;0;0;0;0;0;0;0;0;0;0;;;;;;;;;;;;;;;;;;;
;Transporte de pasajeros por carretera;*;*;*;*;*;*;*;0;0;0;0;0;20.670;0;0;0;0;0;0;;;;;;;;;;;;;;-100,00%;;;;;
;Transporte de pasajeros por agua;0;0;0;0;0;0;0;0;0;0;0;0;0;0;0;0;0;0;0;;;;;;;;;;;;;;;;;;;
;Transporte aéreo de pasajeros;0;0;0;0;0;0;0;0;0;0;0;0;0;0;0;0;0;0;0;;;;;;;;;;;;;;;;;;;
;Alquiler de equipos de transporte;0;0;0;0;0;0;0;0;0;0;*;*;*;*;*;*;*;*;*;;;;;;;;;;;;;;;;;;;
;Actividades de agencias de viajes y de otros servicios de reservas;0;0;0;0;0;0;0;0;0;0;0;0;0;0;0;0;0;0;0;;;;;;;;;;;;;;;;;;;
;Actividades culturales;0;0;0;0;0;0;0;0;0;0;*;0;0;0;0;*;*;*;*;;;;;;;;;;;;;;;;;;;
;Actividades deportivas y recreativas;*;*;*;*;*;*;*;*;*;*;*;*;*;*;*;*;*;*;*;;;;;;;;;;;;;;;;;;;
;Comercio al por menor de bienes característicos del turismo;0;0;0;0;0;0;0;0;0;0;0;*;*;0;*;*;*;*;*;;;;;;;;;;;;;;;;;;;
;Actividades relacionadas con segundos hogares y multipropiedades;0;0;0;0;0;*;*;0;0;0;*;*;*;*;*;*;*;*;*;;;;;;;;;;;;;;;;;;;
9210;Traiguén;14.706;14.572;10.646;12.746;12.147;11.835;12.308;11.650;13.913;14.206;53.786;27.396;91.122;75.359;63.779;69.097;41.270;51.171;94.260;;-0,90%;-26,90%;19,70%;-4,70%;-2,60%;4,00%;-5,40%;19,40%;2,10%;278,60%;-49,10%;232,60%;-17,30%;-15,40%;8,30%;-40,30%;24,00%;84,20%
;Alojamiento turístico;*;*;*;*;*;*;*;*;*;*;*;*;*;*;*;*;*;*;0;;;;;;;;;;;;;;;;;;;
;Actividades de provisión de alimentos y bebidas;13.705;13.688;9.519;9.792;9.748;9.333;9.951;8.986;9.407;9.732;45.039;20.852;20.964;35.814;41.227;58.474;23.534;31.207;72.782;;-0,10%;-30,50%;2,90%;-0,40%;-4,30%;6,60%;-9,70%;4,70%;3,50%;362,80%;-53,70%;0,50%;70,80%;15,10%;41,80%;-59,80%;32,60%;133,20%
;Transporte de pasajeros por ferrocarril;0;0;0;0;0;0;0;0;0;0;0;0;0;0;0;0;0;0;0;;;;;;;;;;;;;;;;;;;
;Transporte de pasajeros por carretera;1.001;883;1.127;2.954;2.399;2.503;2.358;2.663;4.507;4.474;8.747;6.545;7.796;39.545;22.552;10.623;17.737;19.964;21.478;;-11,70%;27,60%;162,00%;-18,80%;4,30%;-5,80%;13,00%;69,20%;-0,70%;95,50%;-25,20%;19,10%;407,30%;-43,00%;-52,90%;67,00%;12,60%;7,60%
;Transporte de pasajeros por agua;0;0;0;0;0;0;0;0;0;0;0;0;0;0;0;0;0;0;0;;;;;;;;;;;;;;;;;;;
;Transporte aéreo de pasajeros;0;0;0;0;0;0;0;0;0;0;0;0;0;0;0;0;0;0;0;;;;;;;;;;;;;;;;;;;
;Alquiler de equipos de transporte;*;*;*;*;*;*;*;0;0;0;*;*;*;*;*;*;*;*;*;;;;;;;;;;;;;;;;;;;
;Actividades de agencias de viajes y de otros servicios de reservas;0;0;0;0;0;0;0;0;0;0;0;0;*;0;0;0;0;0;0;;;;;;;;;;;;;;;;;;;
;Actividades culturales;*;0;0;0;0;0;0;0;0;0;*;*;*;*;*;*;*;*;*;;;;;;;;;;;;;;;;;;;
;Actividades deportivas y recreativas;*;*;*;*;*;*;*;*;*;*;0;*;0;0;*;0;*;*;*;;;;;;;;;;;;;;;;;;;
;Comercio al por menor de bienes característicos del turismo;*;*;0;*;0;*;*;0;0;*;*;*;*;*;*;*;*;*;*;;;;;;;;;;;;;;;;;;;
;Actividades relacionadas con segundos hogares y multipropiedades;0;*;*;*;*;*;*;*;*;*;0;*;62.363;*;0;*;0;*;*;;;;;;;;;;;;;;;;;;;
9211;Victoria;34.103;45.815;37.187;50.559;59.771;53.015;63.334;53.816;86.931;116.113;493.788;659.868;1.068.671;275.565;241.422;195.827;256.649;294.622;304.061;;34,30%;-18,80%;36,00%;18,20%;-11,30%;19,50%;-15,00%;61,50%;33,60%;325,30%;33,60%;62,00%;-74,20%;-12,40%;-18,90%;31,10%;14,80%;3,20%
;Alojamiento turístico;0;0;0;0;0;0;0;0;0;0;0;0;16.842;19.527;20.160;13.218;17.426;11.102;12.019;;;;;;;;;;;;;;15,90%;3,20%;-34,40%;31,80%;-36,30%;8,30%
;Actividades de provisión de alimentos y bebidas;14.048;19.220;14.836;26.313;30.349;22.053;29.604;24.216;28.495;32.220;87.336;98.066;111.443;107.008;109.436;66.534;108.740;143.202;157.459;;36,80%;-22,80%;77,40%;15,30%;-27,30%;34,20%;-18,20%;17,70%;13,10%;171,10%;12,30%;13,60%;-4,00%;2,30%;-39,20%;63,40%;31,70%;10,00%
;Transporte de pasajeros por ferrocarril;0;0;0;0;0;0;0;0;0;0;0;0;0;0;0;0;0;0;0;;;;;;;;;;;;;;;;;;;
;Transporte de pasajeros por carretera;3.978;5.916;7.398;5.507;6.894;7.030;5.727;7.735;10.852;7.481;19.623;16.165;33.152;28.018;29.764;27.336;32.208;37.675;38.040;;48,70%;25,00%;-25,60%;25,20%;2,00%;-18,50%;35,10%;40,30%;-31,10%;162,30%;-17,60%;105,10%;-15,50%;6,20%;-8,20%;17,80%;17,00%;1,00%
;Transporte de pasajeros por agua;0;0;0;0;0;0;0;0;0;0;0;0;0;0;0;0;0;0;0;;;;;;;;;;;;;;;;;;;
;Transporte aéreo de pasajeros;0;0;0;0;0;0;0;0;0;0;0;0;0;0;0;0;0;0;0;;;;;;;;;;;;;;;;;;;
;Alquiler de equipos de transporte;*;*;*;*;*;*;*;*;*;*;20.026;*;*;*;*;*;*;*;*;;;;;;;;;;;;;;;;;;;
;Actividades de agencias de viajes y de otros servicios de reservas;0;0;*;*;*;*;*;*;*;*;*;*;*;*;*;*;*;*;*;;;;;;;;;;;;;;;;;;;
;Actividades culturales;*;0;*;0;*;0;*;*;*;*;*;*;*;*;*;*;*;*;*;;;;;;;;;;;;;;;;;;;
;Actividades deportivas y recreativas;*;*;*;*;*;*;*;*;*;*;0;0;181.813;0;0;0;*;0;0;;;;;;;;;;;;;;-100,00%;;;;;
;Comercio al por menor de bienes característicos del turismo;*;*;*;*;*;*;*;*;*;*;*;*;*;*;*;*;4.073;*;2.799;;;;;;;;;;;;;;;;;;;
;Actividades relacionadas con segundos hogares y multipropiedades;16.077;20.679;14.953;18.740;22.528;23.932;28.002;21.865;47.583;76.412;366.804;545.637;725.421;121.012;82.062;88.739;94.203;102.643;93.745;;28,60%;-27,70%;25,30%;20,20%;6,20%;17,00%;-21,90%;117,60%;60,60%;380,00%;48,80%;32,90%;-83,30%;-32,20%;8,10%;6,20%;9,00%;-8,70%
Región de Los Lagos;;10.136.469;10.265.146;11.837.732;15.516.884;10.865.424;34.896.685;13.304.476;12.626.407;13.805.529;15.341.962;29.844.407;33.885.476;72.032.146;32.054.276;53.125.439;26.513.261;52.352.557;32.308.022;26.387.433;;1,30%;15,30%;31,10%;-30,00%;221,20%;-61,90%;-5,10%;9,30%;11,10%;94,50%;13,50%;112,60%;-55,50%;65,70%;-50,10%;97,50%;-38,30%;-18,30%
10101;Puerto Montt;6.866.203;6.449.124;6.875.280;10.483.617;6.340.129;30.342.430;6.681.656;6.152.053;6.637.045;7.322.804;18.150.403;19.015.649;56.284.331;17.734.221;39.789.735;15.994.790;35.875.658;12.621.555;10.068.989;;-6,10%;6,60%;52,50%;-39,50%;378,60%;-78,00%;-7,90%;7,90%;10,30%;147,90%;4,80%;196,00%;-68,50%;124,40%;-59,80%;124,30%;-64,80%;-20,20%
;Alojamiento turístico;198.622;235.324;666.665;365.667;429.311;25.885.598;337.340;446.844;490.926;465.022;453.938;296.149;396.660;430.196;465.146;247.304;317.927;506.690;417.336;;18,50%;183,30%;-45,10%;17,40%;5929,60%;-98,70%;32,50%;9,90%;-5,30%;-2,40%;-34,80%;33,90%;8,50%;8,10%;-46,80%;28,60%;59,40%;-17,60%
;Actividades de provisión de alimentos y bebidas;624.335;616.364;603.273;606.875;791.134;523.736;676.985;711.957;745.855;797.892;1.050.399;1.319.328;1.351.407;1.872.743;2.042.626;808.624;1.517.180;1.978.834;1.873.427;;-1,30%;-2,10%;0,60%;30,40%;-33,80%;29,30%;5,20%;4,80%;7,00%;31,60%;25,60%;2,40%;38,60%;9,10%;-60,40%;87,60%;30,40%;-5,30%
;Transporte de pasajeros por ferrocarril;0;0;0;0;*;*;*;*;*;*;0;0;0;0;0;0;0;0;0;;;;;;;;;;;;;;;;;;;
;Transporte de pasajeros por carretera;287.686;370.216;557.516;623.078;576.707;537.005;601.141;825.806;854.115;944.535;1.479.974;1.994.056;2.204.307;2.321.066;2.533.748;1.779.711;1.974.387;2.349.438;2.302.938;;28,70%;50,60%;11,80%;-7,40%;-6,90%;11,90%;37,40%;3,40%;10,60%;56,70%;34,70%;10,50%;5,30%;9,20%;-29,80%;10,90%;19,00%;-2,00%
;Transporte de pasajeros por agua;2.109.144;2.136.615;1.491.389;2.370.475;2.325.538;1.525.569;2.311.288;1.791.722;2.469.743;3.215.169;3.502.808;2.341.941;2.272.941;1.491.566;1.917.035;700.140;1.269.497;1.497.049;748.759;;1,30%;-30,20%;58,90%;-1,90%;-34,40%;51,50%;-22,50%;37,80%;30,20%;8,90%;-33,10%;-2,90%;-34,40%;28,50%;-63,50%;81,30%;17,90%;-50,00%
;Transporte aéreo de pasajeros;25.045;66.513;181.228;322.182;151.668;138.827;175.506;380.382;236.804;*;*;*;*;*;*;*;*;*;*;;165,60%;172,50%;77,80%;-52,90%;-8,50%;26,40%;116,70%;-37,70%;;;;;;;;;;
;Alquiler de equipos de transporte;311.704;415.305;224.116;198.954;170.312;188.864;344.164;236.290;216.043;213.222;617.430;1.052.736;2.181.169;518.121;419.013;450.959;503.271;516.922;502.739;;33,20%;-46,00%;-11,20%;-14,40%;10,90%;82,20%;-31,30%;-8,60%;-1,30%;189,60%;70,50%;107,20%;-76,20%;-19,10%;7,60%;11,60%;2,70%;-2,70%
;Actividades de agencias de viajes y de otros servicios de reservas;169.740;162.245;218.416;202.586;140.706;169.785;144.645;167.361;35.706;34.218;62.587;79.423;73.809;75.557;78.116;65.957;23.032;82.434;119.495;;-4,40%;34,60%;-7,20%;-30,50%;20,70%;-14,80%;15,70%;-78,70%;-4,20%;82,90%;26,90%;-7,10%;2,40%;3,40%;-15,60%;-65,10%;257,90%;45,00%
;Actividades culturales;*;*;*;0;*;0;0;*;0;*;7.931;9.520;16.150;28.631;34.757;12.703;10.353;31.181;25.214;;;;;;;;;;;;20,00%;69,60%;77,30%;21,40%;-63,50%;-18,50%;201,20%;-19,10%
;Actividades deportivas y recreativas;27.668;0;4.948;0;0;3.066;6.173;9.757;0;0;42.125;107.479;87.023;69.255;78.185;16.847;40.613;78.202;77.696;;-100,00%;;-100,00%;;;101,30%;58,10%;-100,00%;;;155,10%;-19,00%;-20,40%;12,90%;-78,50%;141,10%;92,60%;-0,60%
;Comercio al por menor de bienes característicos del turismo;28.962;31.518;27.457;25.959;28.180;58.691;74.791;28.360;45.105;64.456;52.914;56.001;49.239;60.058;45.255;52.767;50.867;34.685;126.837;;8,80%;-12,90%;-5,50%;8,60%;108,30%;27,40%;-62,10%;59,00%;42,90%;-17,90%;5,80%;-12,10%;22,00%;-24,60%;16,60%;-3,60%;-31,80%;265,70%
;Actividades relacionadas con segundos hogares y multipropiedades;3.083.297;2.415.025;2.900.271;5.767.841;1.726.574;1.311.289;2.009.622;1.553.575;1.542.747;1.588.290;10.880.297;11.759.017;47.651.625;10.867.029;32.175.854;11.859.778;30.168.531;5.546.120;3.874.547;;-21,70%;20,10%;98,90%;-70,10%;-24,10%;53,30%;-22,70%;-0,70%;3,00%;585,00%;8,10%;305,20%;-77,20%;196,10%;-63,10%;154,40%;-81,60%;-30,10%
10102;Calbuco;18.232;13.693;12.732;20.769;14.173;13.937;16.498;13.427;13.635;36.260;53.400;53.045;86.703;136.577;127.601;73.268;129.535;182.488;202.075;;-24,90%;-7,00%;63,10%;-31,80%;-1,70%;18,40%;-18,60%;1,50%;165,90%;47,30%;-0,70%;63,50%;57,50%;-6,60%;-42,60%;76,80%;40,90%;10,70%
;Alojamiento turístico;*;*;0;7.553;5.482;5.574;6.966;0;0;0;5.292;5.164;6.551;4.804;0;3.487;13.151;18.630;19.120;;;;;-27,40%;1,70%;25,00%;-100,00%;;;;-2,40%;26,90%;-26,70%;-100,00%;;277,20%;41,70%;2,60%
;Actividades de provisión de alimentos y bebidas;16.965;12.833;9.220;6.472;5.521;6.393;5.847;7.523;7.904;15.368;23.375;26.623;38.989;37.197;52.319;21.560;32.868;75.575;80.421;;-24,40%;-28,20%;-29,80%;-14,70%;15,80%;-8,50%;28,70%;5,10%;94,40%;52,10%;13,90%;46,40%;-4,60%;40,70%;-58,80%;52,40%;129,90%;6,40%
;Transporte de pasajeros por ferrocarril;0;0;0;0;0;0;0;0;0;0;0;0;0;0;0;0;0;0;0;;;;;;;;;;;;;;;;;;;
;Transporte de pasajeros por carretera;1.267;860;3.512;6.744;3.170;1.969;3.686;5.904;5.731;20.892;24.733;21.258;41.163;94.577;71.553;41.301;72.995;73.726;78.194;;-32,10%;308,20%;92,00%;-53,00%;-37,90%;87,10%;60,20%;-2,90%;264,50%;18,40%;-14,10%;93,60%;129,80%;-24,30%;-42,30%;76,70%;1,00%;6,10%
;Transporte de pasajeros por agua;*;*;*;*;*;*;*;*;*;*;*;*;*;*;*;*;*;0;*;;;;;;;;;;;;;;;;;;;
;Transporte aéreo de pasajeros;0;0;0;0;0;0;0;0;0;0;0;0;0;0;0;0;0;0;0;;;;;;;;;;;;;;;;;;;
;Alquiler de equipos de transporte;0;0;0;0;0;0;0;0;0;*;*;*;*;*;*;*;*;0;*;;;;;;;;;;;;;;;;;;;
;Actividades de agencias de viajes y de otros servicios de reservas;*;*;*;0;0;*;*;0;0;0;0;*;*;*;0;0;*;*;*;;;;;;;;;;;;;;;;;;;
;Actividades culturales;0;*;*;0;0;0;0;0;0;*;*;*;*;*;*;*;*;*;*;;;;;;;;;;;;;;;;;;;
;Actividades deportivas y recreativas;*;*;*;*;*;*;*;*;*;*;*;*;0;*;*;*;*;*;*;;;;;;;;;;;;;;;;;;;
;Comercio al por menor de bienes característicos del turismo;*;*;*;*;*;*;*;*;*;*;*;*;*;*;*;*;*;*;*;;;;;;;;;;;;;;;;;;;
;Actividades relacionadas con segundos hogares y multipropiedades;*;*;*;*;*;*;*;*;*;*;*;0;0;0;3.729;6.920;10.521;14.558;24.340;;;;;;;;;;;;;;;;85,60%;52,00%;38,40%;67,20%
10103;Cochamó;0;0;0;0;0;0;6.790;0;0;2.099;1.401;5.589;10.813;13.269;19.768;10.451;14.087;36.630;40.768;;;;;;;;-100,00%;;;-33,30%;299,00%;93,50%;22,70%;49,00%;-47,10%;34,80%;160,00%;11,30%
;Alojamiento turístico;*;0;0;0;0;0;6.790;0;0;2.099;1.401;5.589;8.776;4.839;3.011;2.330;8.894;20.194;16.195;;;;;;;;-100,00%;;;-33,30%;299,00%;57,00%;-44,90%;-37,80%;-22,60%;281,80%;127,10%;-19,80%
;Actividades de provisión de alimentos y bebidas;*;*;*;*;*;*;*;*;*;*;*;*;0;4.175;12.151;8.121;5.193;16.436;24.574;;;;;;;;;;;;;;;191,00%;-33,20%;-36,10%;216,50%;49,50%
;Transporte de pasajeros por ferrocarril;0;0;0;0;0;0;0;0;0;0;0;0;0;0;0;0;0;0;0;;;;;;;;;;;;;;;;;;;
;Transporte de pasajeros por carretera;*;*;*;*;*;*;*;*;0;0;0;0;2.037;4.255;4.605;0;0;0;0;;;;;;;;;;;;;;108,90%;8,20%;-100,00%;;;
;Transporte de pasajeros por agua;*;*;*;*;*;*;*;*;*;*;*;*;*;*;*;*;*;*;*;;;;;;;;;;;;;;;;;;;
;Transporte aéreo de pasajeros;0;*;0;*;*;0;0;0;0;0;0;0;0;0;0;0;*;0;0;;;;;;;;;;;;;;;;;;;
;Alquiler de equipos de transporte;0;*;0;0;0;0;0;0;0;0;0;0;0;0;*;*;*;0;0;;;;;;;;;;;;;;;;;;;
;Actividades de agencias de viajes y de otros servicios de reservas;0;0;0;0;0;0;0;0;0;*;*;*;*;*;*;*;*;*;*;;;;;;;;;;;;;;;;;;;
;Actividades culturales;0;0;0;0;0;0;0;0;0;0;0;*;*;0;*;*;*;0;*;;;;;;;;;;;;;;;;;;;
;Actividades deportivas y recreativas;0;0;0;*;*;*;*;*;*;*;*;*;*;*;*;*;*;*;*;;;;;;;;;;;;;;;;;;;
;Comercio al por menor de bienes característicos del turismo;0;0;0;0;0;*;*;*;*;*;0;0;0;0;0;0;0;*;*;;;;;;;;;;;;;;;;;;;
;Actividades relacionadas con segundos hogares y multipropiedades;0;*;0;0;0;0;0;0;*;*;*;*;*;*;*;*;*;*;0;;;;;;;;;;;;;;;;;;;
10104;Fresia;5.709;6.274;5.243;4.990;4.956;4.072;5.687;6.984;6.036;5.390;6.224;13.456;11.739;14.152;12.042;6.515;12.972;14.605;13.330;;9,90%;-16,40%;-4,80%;-0,70%;-17,80%;39,70%;22,80%;-13,60%;-10,70%;15,50%;116,20%;-12,80%;20,60%;-14,90%;-45,90%;99,10%;12,60%;-8,70%
;Alojamiento turístico;*;*;*;*;*;*;*;*;*;*;*;*;*;*;*;*;0;0;0;;;;;;;;;;;;;;;;;;;
;Actividades de provisión de alimentos y bebidas;5.709;6.274;5.243;4.990;4.956;4.072;5.687;6.984;6.036;5.390;6.224;13.456;11.739;14.152;12.042;6.515;12.972;14.605;13.330;;9,90%;-16,40%;-4,80%;-0,70%;-17,80%;39,70%;22,80%;-13,60%;-10,70%;15,50%;116,20%;-12,80%;20,60%;-14,90%;-45,90%;99,10%;12,60%;-8,70%
;Transporte de pasajeros por ferrocarril;0;0;0;0;0;0;0;0;0;0;0;0;0;0;0;0;0;0;0;;;;;;;;;;;;;;;;;;;
;Transporte de pasajeros por carretera;*;*;*;*;*;*;*;0;0;0;0;0;0;0;0;0;0;0;0;;;;;;;;;;;;;;;;;;;
;Transporte de pasajeros por agua;0;0;*;*;*;0;0;0;0;0;*;*;*;*;*;*;*;*;*;;;;;;;;;;;;;;;;;;;
;Transporte aéreo de pasajeros;0;0;0;0;0;0;0;0;0;0;0;0;0;0;0;0;0;0;0;;;;;;;;;;;;;;;;;;;
;Alquiler de equipos de transporte;*;0;0;0;0;0;*;*;0;*;*;*;*;*;*;*;*;*;0;;;;;;;;;;;;;;;;;;;
;Actividades de agencias de viajes y de otros servicios de reservas;0;0;0;0;0;0;0;0;0;0;0;*;*;*;*;*;*;*;*;;;;;;;;;;;;;;;;;;;
;Actividades culturales;0;0;0;0;0;0;0;0;0;0;*;*;*;*;*;*;*;*;0;;;;;;;;;;;;;;;;;;;
;Actividades deportivas y recreativas;*;*;*;0;0;0;0;0;0;0;*;*;*;*;*;*;*;*;*;;;;;;;;;;;;;;;;;;;
;Comercio al por menor de bienes característicos del turismo;*;*;0;*;*;0;0;0;0;*;*;*;*;*;*;*;*;*;*;;;;;;;;;;;;;;;;;;;
;Actividades relacionadas con segundos hogares y multipropiedades;*;*;*;*;*;*;*;*;*;*;*;*;*;*;*;*;*;*;*;;;;;;;;;;;;;;;;;;;
10105;Frutillar;119.432;108.335;88.552;75.584;45.206;58.055;90.857;201.879;183.878;280.144;477.912;836.674;698.616;779.012;717.822;791.190;1.031.493;1.562.929;1.327.788;;-9,30%;-18,30%;-14,60%;-40,20%;28,40%;56,50%;122,20%;-8,90%;52,40%;70,60%;75,10%;-16,50%;11,50%;-7,90%;10,20%;30,40%;51,50%;-15,00%
;Alojamiento turístico;35.995;48.657;55.036;21.232;15.087;15.247;18.218;85.193;83.516;95.234;24.121;52.104;21.772;58.778;55.103;27.033;44.622;63.576;57.447;;35,20%;13,10%;-61,40%;-28,90%;1,10%;19,50%;367,60%;-2,00%;14,00%;-74,70%;116,00%;-58,20%;170,00%;-6,30%;-50,90%;65,10%;42,50%;-9,60%
;Actividades de provisión de alimentos y bebidas;26.276;27.422;29.685;30.696;24.426;36.813;43.226;51.090;62.633;61.100;94.948;99.266;109.816;125.517;152.884;75.073;148.303;197.346;203.352;;4,40%;8,30%;3,40%;-20,40%;50,70%;17,40%;18,20%;22,60%;-2,40%;55,40%;4,50%;10,60%;14,30%;21,80%;-50,90%;97,50%;33,10%;3,00%
;Transporte de pasajeros por ferrocarril;0;0;0;0;0;0;0;0;0;0;0;0;0;0;0;0;0;0;0;;;;;;;;;;;;;;;;;;;
;Transporte de pasajeros por carretera;1.472;1.381;0;1.669;1.593;0;2.439;4.481;3.698;1.629;7.492;23.563;11.168;21.322;16.477;6.275;7.485;5.159;5.189;;-6,20%;-100,00%;;-4,50%;-100,00%;;83,70%;-17,50%;-56,00%;359,90%;214,50%;-52,60%;90,90%;-22,70%;-61,90%;19,30%;-31,10%;0,60%
;Transporte de pasajeros por agua;0;0;0;0;0;0;0;0;0;0;0;0;0;0;0;*;*;*;*;;;;;;;;;;;;;;;;;;;
;Transporte aéreo de pasajeros;0;0;0;0;0;0;0;0;0;0;0;0;0;0;0;0;0;0;0;;;;;;;;;;;;;;;;;;;
;Alquiler de equipos de transporte;*;*;*;*;*;*;*;*;*;*;*;*;*;61.706;10.890;44.827;94.248;*;45.909;;;;;;;;;;;;;;;-82,40%;311,60%;110,30%;;
;Actividades de agencias de viajes y de otros servicios de reservas;0;0;*;*;*;*;*;*;*;*;*;*;*;*;*;*;*;*;*;;;;;;;;;;;;;;;;;;;
;Actividades culturales;*;*;*;*;0;*;*;*;*;*;*;*;*;*;*;*;0;*;0;;;;;;;;;;;;;;;;;;;
;Actividades deportivas y recreativas;*;*;*;*;*;*;*;*;*;*;*;*;*;0;0;*;0;*;0;;;;;;;;;;;;;;;;;;;
;Comercio al por menor de bienes característicos del turismo;7.526;10.716;3.832;5.326;4.100;5.995;8.065;10.247;9.772;23.615;41.406;20.546;16.552;5.262;5.638;2.832;2.416;4.841;6.948;;42,40%;-64,20%;39,00%;-23,00%;46,20%;34,50%;27,10%;-4,60%;141,60%;75,30%;-50,40%;-19,40%;-68,20%;7,10%;-49,80%;-14,70%;100,30%;43,50%
;Actividades relacionadas con segundos hogares y multipropiedades;48.163;20.159;0;16.661;0;0;18.909;50.868;24.259;98.567;309.945;641.194;539.307;506.427;476.830;635.150;734.418;1.292.007;1.008.944;;-58,10%;-100,00%;;-100,00%;;;169,00%;-52,30%;306,30%;214,50%;106,90%;-15,90%;-6,10%;-5,80%;33,20%;15,60%;75,90%;-21,90%
10106;Los Muermos;6.539;7.796;8.891;9.864;10.203;10.353;10.340;9.923;9.993;9.168;29.919;78.628;754.403;71.523;84.126;57.249;84.362;64.188;71.126;;19,20%;14,10%;10,90%;3,40%;1,50%;-0,10%;-4,00%;0,70%;-8,30%;226,30%;162,80%;859,50%;-90,50%;17,60%;-31,90%;47,40%;-23,90%;10,80%
;Alojamiento turístico;*;*;*;*;*;*;*;*;*;0;*;*;*;*;0;0;0;6.287;0;;;;;;;;;;;;;;;;;;;-100,00%
;Actividades de provisión de alimentos y bebidas;6.539;7.796;8.891;9.864;10.203;10.353;10.340;9.923;9.993;9.168;15.121;14.995;20.950;24.468;28.794;10.526;30.261;27.542;31.054;;19,20%;14,10%;10,90%;3,40%;1,50%;-0,10%;-4,00%;0,70%;-8,30%;64,90%;-0,80%;39,70%;16,80%;17,70%;-63,40%;187,50%;-9,00%;12,80%
;Transporte de pasajeros por ferrocarril;0;0;0;0;0;0;0;0;0;0;0;0;0;0;0;0;0;0;0;;;;;;;;;;;;;;;;;;;
;Transporte de pasajeros por carretera;*;0;*;*;0;0;0;0;0;0;14.798;12.590;13.562;40.362;44.385;32.873;35.741;13.234;11.826;;;;;;;;;;;;-14,90%;7,70%;197,60%;10,00%;-25,90%;8,70%;-63,00%;-10,60%
;Transporte de pasajeros por agua;0;0;0;0;0;0;0;0;0;0;0;0;*;0;0;0;0;0;0;;;;;;;;;;;;;;;;;;;
;Transporte aéreo de pasajeros;0;0;0;0;0;0;0;0;0;0;0;0;0;0;0;0;0;0;0;;;;;;;;;;;;;;;;;;;
;Alquiler de equipos de transporte;*;*;*;*;0;0;0;0;0;*;*;*;*;*;*;*;*;*;*;;;;;;;;;;;;;;;;;;;
;Actividades de agencias de viajes y de otros servicios de reservas;0;0;0;0;0;0;0;0;0;0;0;0;0;0;*;*;0;*;*;;;;;;;;;;;;;;;;;;;
;Actividades culturales;0;0;0;0;0;0;0;0;0;0;0;0;*;*;*;0;0;*;*;;;;;;;;;;;;;;;;;;;
;Actividades deportivas y recreativas;*;0;0;0;0;*;0;0;0;0;*;*;*;*;*;*;*;*;*;;;;;;;;;;;;;;;;;;;
;Comercio al por menor de bienes característicos del turismo;*;*;0;0;0;0;0;0;*;*;*;*;*;*;*;*;*;*;*;;;;;;;;;;;;;;;;;;;
;Actividades relacionadas con segundos hogares y multipropiedades;*;*;*;*;*;*;*;*;*;*;0;51.043;719.891;6.692;10.947;13.851;18.360;17.125;28.246;;;;;;;;;;;;;1310,40%;-99,10%;63,60%;26,50%;32,60%;-6,70%;64,90%
10107;Llanquihue;20.879;19.067;25.035;27.825;24.521;42.015;44.405;37.595;34.513;51.000;86.297;235.953;174.749;122.468;141.844;121.772;177.514;445.589;192.249;;-8,70%;31,30%;11,10%;-11,90%;71,30%;5,70%;-15,30%;-8,20%;47,80%;69,20%;173,40%;-25,90%;-29,90%;15,80%;-14,20%;45,80%;151,00%;-56,90%
;Alojamiento turístico;*;0;0;0;0;0;0;0;0;9.352;24.687;0;0;25.942;6.243;12.772;6.117;4.694;10.195;;;;;;;;;;;164,00%;-100,00%;;;-75,90%;104,60%;-52,10%;-23,30%;117,20%
;Actividades de provisión de alimentos y bebidas;6.399;6.408;5.976;5.447;4.747;4.938;6.038;5.341;7.841;11.406;20.082;25.226;78.683;30.036;30.397;24.304;32.919;40.087;62.711;;0,10%;-6,70%;-8,90%;-12,80%;4,00%;22,30%;-11,60%;46,80%;45,50%;76,10%;25,60%;211,90%;-61,80%;1,20%;-20,00%;35,40%;21,80%;56,40%
;Transporte de pasajeros por ferrocarril;0;0;0;0;0;0;0;0;0;0;0;0;0;0;0;0;0;0;0;;;;;;;;;;;;;;;;;;;
;Transporte de pasajeros por carretera;5.041;3.204;4.427;5.609;4.935;5.816;8.390;7.745;5.160;6.392;14.933;11.188;11.076;21.717;25.809;11.150;15.325;16.959;15.746;;-36,40%;38,20%;26,70%;-12,00%;17,90%;44,20%;-7,70%;-33,40%;23,90%;133,60%;-25,10%;-1,00%;96,10%;18,80%;-56,80%;37,40%;10,70%;-7,20%
;Transporte de pasajeros por agua;0;0;0;0;0;0;0;0;0;0;0;*;*;*;*;*;*;*;*;;;;;;;;;;;;;;;;;;;
;Transporte aéreo de pasajeros;0;0;0;0;0;0;0;0;0;0;0;0;0;0;0;0;0;0;0;;;;;;;;;;;;;;;;;;;
;Alquiler de equipos de transporte;*;*;0;0;0;0;0;*;*;*;*;*;*;*;*;*;*;*;*;;;;;;;;;;;;;;;;;;;
;Actividades de agencias de viajes y de otros servicios de reservas;*;0;0;0;0;0;0;0;0;0;0;*;*;*;*;*;*;*;*;;;;;;;;;;;;;;;;;;;
;Actividades culturales;0;0;0;0;0;0;0;*;0;0;0;0;*;*;*;*;*;0;*;;;;;;;;;;;;;;;;;;;
;Actividades deportivas y recreativas;*;*;*;*;*;*;*;*;*;*;*;*;*;*;*;*;*;*;*;;;;;;;;;;;;;;;;;;;
;Comercio al por menor de bienes característicos del turismo;*;*;*;*;*;*;*;*;1.083;2.379;1.419;1.622;1.565;1.566;1.500;*;*;417;711;;;;;;;;;;119,60%;-40,30%;14,30%;-3,50%;0,10%;-4,20%;;;;70,70%
;Actividades relacionadas con segundos hogares y multipropiedades;9.438;9.455;14.632;16.769;14.839;31.261;29.976;24.509;20.429;21.471;25.176;197.917;83.425;43.207;77.895;73.546;123.153;383.432;102.885;;0,20%;54,80%;14,60%;-11,50%;110,70%;-4,10%;-18,20%;-16,60%;5,10%;17,30%;686,10%;-57,80%;-48,20%;80,30%;-5,60%;67,50%;211,30%;-73,20%
10108;Maullín;8.591;8.287;8.921;7.957;5.603;8.698;9.548;5.073;6.575;6.551;15.358;21.889;20.236;18.191;12.104;7.687;18.352;32.786;31.340;;-3,50%;7,70%;-10,80%;-29,60%;55,20%;9,80%;-46,90%;29,60%;-0,40%;134,50%;42,50%;-7,60%;-10,10%;-33,50%;-36,50%;138,70%;78,70%;-4,40%
;Alojamiento turístico;*;*;*;*;*;*;*;*;*;*;*;*;*;*;*;*;0;0;0;;;;;;;;;;;;;;;;;;;
;Actividades de provisión de alimentos y bebidas;8.591;8.287;8.921;7.957;5.603;8.698;9.548;5.073;6.575;6.551;15.358;13.473;13.441;13.193;12.104;7.687;10.543;19.765;17.608;;-3,50%;7,70%;-10,80%;-29,60%;55,20%;9,80%;-46,90%;29,60%;-0,40%;134,50%;-12,30%;-0,20%;-1,80%;-8,30%;-36,50%;37,20%;87,50%;-10,90%
;Transporte de pasajeros por ferrocarril;0;0;0;0;0;0;0;0;0;0;0;0;0;0;0;0;0;0;0;;;;;;;;;;;;;;;;;;;
;Transporte de pasajeros por carretera;*;0;0;*;0;0;0;0;0;0;0;8.415;6.795;4.998;0;0;7.808;13.021;13.732;;;;;;;;;;;;;-19,30%;-26,40%;-100,00%;;;66,80%;5,50%
;Transporte de pasajeros por agua;*;0;0;*;*;*;*;*;*;*;*;*;*;*;*;*;*;*;*;;;;;;;;;;;;;;;;;;;
;Transporte aéreo de pasajeros;0;0;0;0;0;0;0;0;0;0;0;0;0;0;0;0;0;0;0;;;;;;;;;;;;;;;;;;;
;Alquiler de equipos de transporte;0;*;0;0;0;0;0;0;0;0;*;*;*;0;0;0;0;0;0;;;;;;;;;;;;;;;;;;;
;Actividades de agencias de viajes y de otros servicios de reservas;0;0;0;0;0;0;0;0;0;0;0;0;*;*;*;*;0;*;*;;;;;;;;;;;;;;;;;;;
;Actividades culturales;0;0;0;0;0;*;0;0;0;0;*;*;0;0;*;0;*;*;*;;;;;;;;;;;;;;;;;;;
;Actividades deportivas y recreativas;*;*;*;*;*;*;*;*;*;*;*;*;*;*;0;*;*;*;*;;;;;;;;;;;;;;;;;;;
;Comercio al por menor de bienes característicos del turismo;0;0;0;*;*;*;*;*;*;*;*;*;*;*;*;*;*;*;*;;;;;;;;;;;;;;;;;;;
;Actividades relacionadas con segundos hogares y multipropiedades;*;*;*;*;*;*;*;*;*;*;*;*;*;*;*;*;*;*;*;;;;;;;;;;;;;;;;;;;
10109;Puerto Varas;1.246.320;1.377.847;1.999.678;1.922.642;1.562.100;1.698.358;1.524.665;1.993.890;2.073.703;2.430.926;3.402.525;4.030.767;3.779.758;4.437.769;4.054.109;3.434.410;6.191.098;6.036.845;5.028.577;;10,60%;45,10%;-3,90%;-18,80%;8,70%;-10,20%;30,80%;4,00%;17,20%;40,00%;18,50%;-6,20%;17,40%;-8,60%;-15,30%;80,30%;-2,50%;-16,70%
;Alojamiento turístico;408.152;402.242;364.051;1.040.184;419.496;673.650;458.616;1.031.450;896.497;954.331;613.614;498.237;240.273;960.579;1.009.783;429.315;561.157;922.008;891.111;;-1,40%;-9,50%;185,70%;-59,70%;60,60%;-31,90%;124,90%;-13,10%;6,50%;-35,70%;-18,80%;-51,80%;299,80%;5,10%;-57,50%;30,70%;64,30%;-3,40%
;Actividades de provisión de alimentos y bebidas;200.755;240.153;799.510;279.614;235.100;281.995;308.150;167.256;214.315;272.927;282.677;724.054;349.551;915.614;888.522;632.673;1.071.685;1.453.922;1.430.202;;19,60%;232,90%;-65,00%;-15,90%;19,90%;9,30%;-45,70%;28,10%;27,30%;3,60%;156,10%;-51,70%;161,90%;-3,00%;-28,80%;69,40%;35,70%;-1,60%
;Transporte de pasajeros por ferrocarril;0;0;0;0;0;0;*;*;*;*;*;0;0;0;0;0;0;0;0;;;;;;;;;;;;;;;;;;;
;Transporte de pasajeros por carretera;44.723;34.046;41.601;54.307;55.453;46.602;32.592;31.699;37.703;77.158;95.384;80.394;93.530;274.597;293.967;175.695;179.228;262.364;300.719;;-23,90%;22,20%;30,50%;2,10%;-16,00%;-30,10%;-2,70%;18,90%;104,60%;23,60%;-15,70%;16,30%;193,60%;7,10%;-40,20%;2,00%;46,40%;14,60%
;Transporte de pasajeros por agua;*;*;*;*;*;*;*;*;*;*;*;0;0;7.907;23.949;22.592;0;25.730;0;;;;;;;;;;;;;;;202,90%;-5,70%;-100,00%;;-100,00%
;Transporte aéreo de pasajeros;0;0;*;*;*;*;*;*;*;*;*;*;*;*;*;*;*;*;*;;;;;;;;;;;;;;;;;;;
;Alquiler de equipos de transporte;21.319;33.137;32.062;31.889;36.171;64.363;75.955;46.094;111.049;113.402;493.293;270.576;612.830;187.184;143.104;59.779;88.663;126.521;153.834;;55,40%;-3,20%;-0,50%;13,40%;77,90%;18,00%;-39,30%;140,90%;2,10%;335,00%;-45,10%;126,50%;-69,50%;-23,50%;-58,20%;48,30%;42,70%;21,60%
;Actividades de agencias de viajes y de otros servicios de reservas;89.650;149.122;104.977;115.553;89.690;76.245;105.731;106.929;108.913;97.410;137.666;125.491;98.158;107.091;199.380;125.096;66.647;111.945;163.793;;66,30%;-29,60%;10,10%;-22,40%;-15,00%;38,70%;1,10%;1,90%;-10,60%;41,30%;-8,80%;-21,80%;9,10%;86,20%;-37,30%;-46,70%;68,00%;46,30%
;Actividades culturales;*;*;*;*;*;*;*;*;*;*;0;0;0;24.579;0;0;5.260;10.805;1.009;;;;;;;;;;;;;;;-100,00%;;;105,40%;-90,70%
;Actividades deportivas y recreativas;0;0;11.431;8.427;5.310;0;0;*;*;0;667.909;697.105;711.272;85.731;91.972;21.470;28.235;98.472;118.731;;;;-26,30%;-37,00%;-100,00%;;;;;;4,40%;2,00%;-87,90%;7,30%;-76,70%;31,50%;248,80%;20,60%
;Comercio al por menor de bienes característicos del turismo;45.421;179.010;155.051;152.990;146.915;116.964;134.236;293.803;316.647;341.068;194.856;192.316;258.806;60.882;33.318;10.896;14.238;35.277;12.404;;294,10%;-13,40%;-1,30%;-4,00%;-20,40%;14,80%;118,90%;7,80%;7,70%;-42,90%;-1,30%;34,60%;-76,50%;-45,30%;-67,30%;30,70%;147,80%;-64,80%
;Actividades relacionadas con segundos hogares y multipropiedades;436.301;340.136;490.996;239.678;573.965;438.539;409.387;316.658;388.579;574.630;917.126;1.442.595;1.415.338;1.813.604;1.370.114;1.956.893;4.175.985;2.989.800;1.956.776;;-22,00%;44,40%;-51,20%;139,50%;-23,60%;-6,60%;-22,70%;22,70%;47,90%;59,60%;57,30%;-1,90%;28,10%;-24,50%;42,80%;113,40%;-28,40%;-34,60%
10201;Castro;319.038;389.342;336.950;349.864;326.000;315.179;987.180;1.080.422;1.221.837;1.467.176;1.384.670;1.560.705;1.818.165;1.503.616;1.518.794;947.226;1.265.117;1.284.986;1.594.734;;22,00%;-13,50%;3,80%;-6,80%;-3,30%;213,20%;9,40%;13,10%;20,10%;-5,60%;12,70%;16,50%;-17,30%;1,00%;-37,60%;33,60%;1,60%;24,10%
;Alojamiento turístico;60.484;61.709;48.485;77.195;89.335;86.362;95.433;122.842;129.270;135.101;107.699;167.001;117.029;160.810;173.949;85.306;113.742;164.798;356.790;;2,00%;-21,40%;59,20%;15,70%;-3,30%;10,50%;28,70%;5,20%;4,50%;-20,30%;55,10%;-29,90%;37,40%;8,20%;-51,00%;33,30%;44,90%;116,50%
;Actividades de provisión de alimentos y bebidas;154.502;186.593;183.412;175.387;161.417;149.111;152.115;175.228;202.318;251.307;362.052;400.177;451.893;497.576;562.732;288.128;392.756;564.940;603.546;;20,80%;-1,70%;-4,40%;-8,00%;-7,60%;2,00%;15,20%;15,50%;24,20%;44,10%;10,50%;12,90%;10,10%;13,10%;-48,80%;36,30%;43,80%;6,80%
;Transporte de pasajeros por ferrocarril;0;0;0;0;0;0;0;0;0;0;0;0;0;0;0;0;0;0;0;;;;;;;;;;;;;;;;;;;
;Transporte de pasajeros por carretera;38.674;49.906;40.726;40.626;22.117;20.233;17.628;33.836;42.212;176.317;334.167;245.738;272.366;281.004;287.931;136.185;187.075;227.491;224.805;;29,00%;-18,40%;-0,20%;-45,60%;-8,50%;-12,90%;91,90%;24,80%;317,70%;89,50%;-26,50%;10,80%;3,20%;2,50%;-52,70%;37,40%;21,60%;-1,20%
;Transporte de pasajeros por agua;*;*;*;*;0;0;*;*;*;*;0;*;0;*;0;*;*;*;*;;;;;;;;;;;;;;;;;;;
;Transporte aéreo de pasajeros;*;*;*;*;*;*;*;*;*;*;*;*;*;*;*;*;*;*;*;;;;;;;;;;;;;;;;;;;
;Alquiler de equipos de transporte;22.751;22.595;*;11.973;4.490;4.193;12.256;4.030;5.871;7.484;82.929;67.786;83.942;38.958;55.060;33.440;38.498;16.884;83.743;;-0,70%;;;-62,50%;-6,60%;192,30%;-67,10%;45,70%;27,50%;1008,10%;-18,30%;23,80%;-53,60%;41,30%;-39,30%;15,10%;-56,10%;396,00%
;Actividades de agencias de viajes y de otros servicios de reservas;*;*;*;*;*;*;*;11.003;8.798;*;139.243;146.106;264.434;8.982;9.617;2.742;2.881;13.984;28.901;;;;;;;;;-20,00%;;;4,90%;81,00%;-96,60%;7,10%;-71,50%;5,10%;385,40%;106,70%
;Actividades culturales;0;*;*;*;*;*;*;*;*;*;*;*;0;0;0;*;0;0;0;;;;;;;;;;;;;;;;;;;
;Actividades deportivas y recreativas;*;*;*;*;*;*;*;*;*;*;0;0;6.701;2.917;3.147;0;0;0;0;;;;;;;;;;;;;;-56,50%;7,90%;-100,00%;;;
;Comercio al por menor de bienes característicos del turismo;5.404;4.638;4.311;5.974;5.726;5.195;6.027;13.283;19.845;23.996;23.570;27.362;21.113;14.222;13.778;16.732;27.416;34.966;25.623;;-14,20%;-7,00%;38,60%;-4,20%;-9,30%;16,00%;120,40%;49,40%;20,90%;-1,80%;16,10%;-22,80%;-32,60%;-3,10%;21,40%;63,90%;27,50%;-26,70%
;Actividades relacionadas con segundos hogares y multipropiedades;37.223;63.901;60.015;38.710;42.915;50.085;703.722;720.199;813.524;872.971;335.010;506.535;600.688;499.148;412.580;384.692;502.750;261.924;271.326;;71,70%;-6,10%;-35,50%;10,90%;16,70%;1305,10%;2,30%;13,00%;7,30%;-61,60%;51,20%;18,60%;-16,90%;-17,30%;-6,80%;30,70%;-47,90%;3,60%
10202;Ancud;242.593;326.343;701.012;456.765;190.168;181.022;352.947;157.077;450.318;399.042;568.243;839.920;1.077.359;506.796;432.164;326.051;393.938;493.598;507.290;;34,50%;114,80%;-34,80%;-58,40%;-4,80%;95,00%;-55,50%;186,70%;-11,40%;42,40%;47,80%;28,30%;-53,00%;-14,70%;-24,60%;20,80%;25,30%;2,80%
;Alojamiento turístico;20.803;22.283;39.797;45.138;40.088;32.789;39.270;40.529;64.349;63.943;117.351;105.093;107.934;77.832;98.604;54.832;65.951;55.711;89.597;;7,10%;78,60%;13,40%;-11,20%;-18,20%;19,80%;3,20%;58,80%;-0,60%;83,50%;-10,40%;2,70%;-27,90%;26,70%;-44,40%;20,30%;-15,50%;60,80%
;Actividades de provisión de alimentos y bebidas;89.323;98.889;406.085;64.013;62.602;63.939;282.969;80.213;299.010;72.255;198.044;466.555;501.169;167.555;153.890;105.967;133.506;179.560;186.540;;10,70%;310,60%;-84,20%;-2,20%;2,10%;342,60%;-71,70%;272,80%;-75,80%;174,10%;135,60%;7,40%;-66,60%;-8,20%;-31,10%;26,00%;34,50%;3,90%
;Transporte de pasajeros por ferrocarril;0;0;0;0;0;0;0;0;0;0;0;0;0;0;0;0;0;0;0;;;;;;;;;;;;;;;;;;;
;Transporte de pasajeros por carretera;10.608;15.093;19.308;14.743;12.718;10.421;13.603;17.849;20.886;19.659;53.418;43.174;44.841;56.460;55.332;31.521;32.080;60.437;60.815;;42,30%;27,90%;-23,60%;-13,70%;-18,10%;30,50%;31,20%;17,00%;-5,90%;171,70%;-19,20%;3,90%;25,90%;-2,00%;-43,00%;1,80%;88,40%;0,60%
;Transporte de pasajeros por agua;*;*;*;*;*;*;*;*;*;*;0;0;22.603;*;*;*;*;*;0;;;;;;;;;;;;;;;;;;;
;Transporte aéreo de pasajeros;0;0;0;0;0;0;0;0;0;0;0;0;0;0;0;0;0;0;0;;;;;;;;;;;;;;;;;;;
;Alquiler de equipos de transporte;*;*;*;*;*;*;*;*;*;*;112.921;136.058;285.514;104.307;22.652;19.746;38.823;5.350;5.809;;;;;;;;;;;;20,50%;109,80%;-63,50%;-78,30%;-12,80%;96,60%;-86,20%;8,60%
;Actividades de agencias de viajes y de otros servicios de reservas;*;*;*;*;*;*;*;*;*;*;10.688;13.976;12.444;*;*;*;*;0;0;;;;;;;;;;;;30,80%;-11,00%;;;;;;
;Actividades culturales;0;*;*;*;*;*;*;*;*;*;*;*;*;*;*;*;*;0;0;;;;;;;;;;;;;;;;;;;
;Actividades deportivas y recreativas;*;0;0;*;0;*;0;0;*;*;0;0;4.984;11.549;0;0;2.213;0;2.950;;;;;;;;;;;;;;131,70%;-100,00%;;;-100,00%;
;Comercio al por menor de bienes característicos del turismo;3.768;4.863;5.090;5.951;3.133;3.927;5.004;2.148;5.414;2.918;7.033;9.074;11.713;5.462;5.424;2.674;3.679;10.071;1.585;;29,00%;4,70%;16,90%;-47,40%;25,40%;27,40%;-57,10%;152,00%;-46,10%;141,00%;29,00%;29,10%;-53,40%;-0,70%;-50,70%;37,60%;173,70%;-84,30%
;Actividades relacionadas con segundos hogares y multipropiedades;118.091;185.215;230.732;326.921;71.628;69.946;12.100;16.338;60.658;240.267;68.788;65.990;86.159;83.631;96.262;111.311;117.686;182.470;159.993;;56,80%;24,60%;41,70%;-78,10%;-2,30%;-82,70%;35,00%;271,30%;296,10%;-71,40%;-4,10%;30,60%;-2,90%;15,10%;15,60%;5,70%;55,00%;-12,30%
10203;Chonchi;27.677;51.178;43.309;39.475;21.861;18.983;25.480;30.754;32.234;42.334;90.124;129.897;124.960;145.456;166.606;148.849;192.982;242.040;111.882;;84,90%;-15,40%;-8,90%;-44,60%;-13,20%;34,20%;20,70%;4,80%;31,30%;112,90%;44,10%;-3,80%;16,40%;14,50%;-10,70%;29,60%;25,40%;-53,80%
;Alojamiento turístico;0;0;0;4.781;2.039;355;706;5.100;6.750;7.467;14.834;17.295;18.597;10.018;6.976;4.121;15.143;27.935;8.253;;;;;-57,30%;-82,60%;98,90%;622,10%;32,40%;10,60%;98,70%;16,60%;7,50%;-46,10%;-30,40%;-40,90%;267,50%;84,50%;-70,50%
;Actividades de provisión de alimentos y bebidas;14.756;26.376;11.489;11.476;9.001;7.705;9.728;9.175;9.042;11.274;33.165;46.945;51.797;45.185;51.979;28.021;35.817;43.237;37.700;;78,70%;-56,40%;-0,10%;-21,60%;-14,40%;26,30%;-5,70%;-1,40%;24,70%;194,20%;41,50%;10,30%;-12,80%;15,00%;-46,10%;27,80%;20,70%;-12,80%
;Transporte de pasajeros por ferrocarril;0;0;0;0;0;0;0;0;0;0;0;0;0;0;0;0;0;0;0;;;;;;;;;;;;;;;;;;;
;Transporte de pasajeros por carretera;12.921;24.803;31.820;23.218;10.821;10.923;15.046;16.480;16.442;23.594;18.417;31.977;28.685;50.558;40.301;50.450;61.987;56.079;53.208;;92,00%;28,30%;-27,00%;-53,40%;1,00%;37,70%;9,50%;-0,20%;43,50%;-21,90%;73,60%;-10,30%;76,30%;-20,30%;25,20%;22,90%;-9,50%;-5,10%
;Transporte de pasajeros por agua;0;0;0;0;0;0;0;0;0;0;0;0;0;*;*;*;*;*;*;;;;;;;;;;;;;;;;;;;
;Transporte aéreo de pasajeros;0;0;0;0;0;0;0;0;0;0;0;0;0;0;0;0;0;0;0;;;;;;;;;;;;;;;;;;;
;Alquiler de equipos de transporte;*;*;0;*;*;*;*;*;*;*;*;*;*;*;*;*;*;*;*;;;;;;;;;;;;;;;;;;;
;Actividades de agencias de viajes y de otros servicios de reservas;*;*;*;*;*;*;*;*;*;*;*;*;*;*;*;*;*;*;*;;;;;;;;;;;;;;;;;;;
;Actividades culturales;0;0;0;0;0;0;0;0;0;0;*;0;0;*;*;*;*;*;*;;;;;;;;;;;;;;;;;;;
;Actividades deportivas y recreativas;0;0;0;0;*;*;*;*;*;*;*;*;*;*;*;*;*;*;*;;;;;;;;;;;;;;;;;;;
;Comercio al por menor de bienes característicos del turismo;*;*;*;*;*;*;*;*;*;*;4.128;5.063;5.232;3.232;4.388;3.367;5.381;*;6.048;;;;;;;;;;;;22,60%;3,30%;-38,20%;35,80%;-23,30%;59,80%;;
;Actividades relacionadas con segundos hogares y multipropiedades;*;*;*;*;*;*;*;*;*;*;19.581;28.617;20.650;36.463;62.962;62.890;74.654;114.788;6.674;;;;;;;;;;;;46,20%;-27,80%;76,60%;72,70%;-0,10%;18,70%;53,80%;-94,20%
10204;Curaco de Vélez;0;0;0;0;0;0;0;0;0;0;0;0;0;0;0;0;0;2.616;0;;;;;;;;;;;;;;;;;;;-100,00%
;Alojamiento turístico;0;0;0;0;0;*;*;*;*;*;*;*;*;*;*;*;*;*;*;;;;;;;;;;;;;;;;;;;
;Actividades de provisión de alimentos y bebidas;*;*;0;*;*;*;*;*;*;*;0;*;*;0;*;*;*;2.616;0;;;;;;;;;;;;;;;;;;;-100,00%
;Transporte de pasajeros por ferrocarril;0;0;0;0;0;0;0;0;0;0;0;0;0;0;0;0;0;0;0;;;;;;;;;;;;;;;;;;;
;Transporte de pasajeros por carretera;*;*;*;*;*;*;0;0;0;0;0;0;0;0;0;0;0;0;0;;;;;;;;;;;;;;;;;;;
;Transporte de pasajeros por agua;0;*;*;0;0;0;0;0;0;0;0;0;*;0;0;0;0;*;*;;;;;;;;;;;;;;;;;;;
;Transporte aéreo de pasajeros;0;0;0;0;0;0;0;0;0;0;0;0;0;0;0;0;0;0;0;;;;;;;;;;;;;;;;;;;
;Alquiler de equipos de transporte;*;*;*;*;*;*;*;0;*;*;*;0;0;0;0;0;0;0;0;;;;;;;;;;;;;;;;;;;
;Actividades de agencias de viajes y de otros servicios de reservas;0;0;0;0;0;0;0;0;*;0;0;0;0;0;0;0;0;0;0;;;;;;;;;;;;;;;;;;;
;Actividades culturales;0;0;0;0;0;0;0;0;0;0;0;0;*;0;0;0;0;0;0;;;;;;;;;;;;;;;;;;;
;Actividades deportivas y recreativas;*;*;*;*;*;*;0;0;0;0;0;0;0;*;0;0;0;0;0;;;;;;;;;;;;;;;;;;;
;Comercio al por menor de bienes característicos del turismo;0;0;0;0;0;0;*;*;0;*;0;*;*;*;*;*;*;0;*;;;;;;;;;;;;;;;;;;;
;Actividades relacionadas con segundos hogares y multipropiedades;0;0;*;0;0;0;0;0;0;0;*;*;*;*;*;*;*;*;*;;;;;;;;;;;;;;;;;;;
10205;Dalcahue;10.409;11.815;5.833;14.076;16.521;23.806;26.954;21.798;34.403;53.823;100.281;84.504;244.920;137.430;156.240;120.803;144.877;224.149;177.820;;13,50%;-50,60%;141,30%;17,40%;44,10%;13,20%;-19,10%;57,80%;56,40%;86,30%;-15,70%;189,80%;-43,90%;13,70%;-22,70%;19,90%;54,70%;-20,70%
;Alojamiento turístico;*;*;0;0;941;2.614;1.639;2.594;3.809;3.307;23.836;28.173;37.246;16.001;12.236;4.265;10.787;11.198;14.583;;;;;;177,90%;-37,30%;58,20%;46,80%;-13,20%;620,70%;18,20%;32,20%;-57,00%;-23,50%;-65,10%;152,90%;3,80%;30,20%
;Actividades de provisión de alimentos y bebidas;10.409;11.815;2.344;10.581;11.287;16.552;20.824;12.872;20.440;25.975;44.461;36.753;41.859;66.564;78.138;45.557;58.404;84.037;76.536;;13,50%;-80,20%;351,40%;6,70%;46,70%;25,80%;-38,20%;58,80%;27,10%;71,20%;-17,30%;13,90%;59,00%;17,40%;-41,70%;28,20%;43,90%;-8,90%
;Transporte de pasajeros por ferrocarril;0;0;0;0;0;0;0;0;0;0;0;0;0;0;0;0;0;0;0;;;;;;;;;;;;;;;;;;;
;Transporte de pasajeros por carretera;0;0;3.489;3.495;4.294;4.639;4.490;6.332;10.154;18.502;31.984;16.075;24.649;51.259;59.877;56.539;42.491;98.855;79.621;;;;0,20%;22,80%;8,10%;-3,20%;41,00%;60,30%;82,20%;72,90%;-49,70%;53,30%;108,00%;16,80%;-5,60%;-24,80%;132,60%;-19,50%
;Transporte de pasajeros por agua;0;*;*;*;*;*;*;*;*;*;*;*;*;*;*;*;*;*;*;;;;;;;;;;;;;;;;;;;
;Transporte aéreo de pasajeros;0;0;0;0;0;0;0;0;0;0;0;0;0;0;0;0;0;0;0;;;;;;;;;;;;;;;;;;;
;Alquiler de equipos de transporte;*;*;*;*;*;*;*;*;*;*;*;*;*;*;*;*;*;*;*;;;;;;;;;;;;;;;;;;;
;Actividades de agencias de viajes y de otros servicios de reservas;*;*;0;0;*;*;*;0;*;0;*;*;14.746;*;*;*;*;*;*;;;;;;;;;;;;;;;;;;;
;Actividades culturales;0;0;0;0;0;0;0;0;0;0;0;*;*;*;*;*;*;0;*;;;;;;;;;;;;;;;;;;;
;Actividades deportivas y recreativas;*;*;*;0;*;*;*;*;*;*;*;*;*;*;*;*;*;*;*;;;;;;;;;;;;;;;;;;;
;Comercio al por menor de bienes característicos del turismo;*;*;*;*;*;*;*;*;*;6.039;*;3.503;4.171;3.606;5.988;1.709;3.583;7.015;7.080;;;;;;;;;;;;;19,00%;-13,50%;66,10%;-71,50%;109,60%;95,80%;0,90%
;Actividades relacionadas con segundos hogares y multipropiedades;*;*;*;*;*;*;0;*;*;*;0;0;122.249;0;0;12.731;29.611;23.044;0;;;;;;;;;;;;;;-100,00%;;;132,60%;-22,20%;-100,00%
10206;Puqueldón;0;1.289;2.230;1.534;1.530;1.039;0;0;0;0;0;5.225;10.746;13.692;2.836;13.035;3.170;6.856;7.692;;;73,00%;-31,20%;-0,30%;-32,10%;-100,00%;;;;;;105,60%;27,40%;-79,30%;359,60%;-75,70%;116,30%;12,20%
;Alojamiento turístico;*;0;*;*;*;*;*;*;*;*;*;5.225;10.746;13.692;0;9.212;0;1.686;2.216;;;;;;;;;;;;;105,60%;27,40%;-100,00%;;-100,00%;;31,50%
;Actividades de provisión de alimentos y bebidas;*;1.289;2.230;1.534;1.530;1.039;*;*;*;*;*;*;0;0;2.836;3.823;3.170;5.170;5.476;;;73,00%;-31,20%;-0,30%;-32,10%;;;;;;;;;;34,80%;-17,10%;63,10%;5,90%
;Transporte de pasajeros por ferrocarril;0;0;0;0;0;0;0;0;0;0;0;0;0;0;0;0;0;0;0;;;;;;;;;;;;;;;;;;;
;Transporte de pasajeros por carretera;*;*;0;*;*;*;*;*;*;*;0;0;0;0;0;0;0;0;0;;;;;;;;;;;;;;;;;;;
;Transporte de pasajeros por agua;0;0;0;0;0;0;0;0;0;0;0;*;*;0;0;*;*;*;*;;;;;;;;;;;;;;;;;;;
;Transporte aéreo de pasajeros;0;0;0;0;0;0;0;0;0;0;0;0;0;0;0;0;0;0;0;;;;;;;;;;;;;;;;;;;
;Alquiler de equipos de transporte;0;0;0;0;0;0;0;0;0;0;0;0;0;0;0;0;0;0;0;;;;;;;;;;;;;;;;;;;
;Actividades de agencias de viajes y de otros servicios de reservas;0;0;0;0;0;0;0;0;*;*;*;*;*;*;*;*;0;0;*;;;;;;;;;;;;;;;;;;;
;Actividades culturales;0;0;0;0;0;0;0;0;0;0;0;0;0;0;0;*;*;*;*;;;;;;;;;;;;;;;;;;;
;Actividades deportivas y recreativas;0;0;0;0;0;0;0;0;0;0;0;0;0;*;*;*;*;*;*;;;;;;;;;;;;;;;;;;;
;Comercio al por menor de bienes característicos del turismo;0;0;0;*;*;*;*;*;*;*;*;*;*;*;*;*;*;*;0;;;;;;;;;;;;;;;;;;;
;Actividades relacionadas con segundos hogares y multipropiedades;0;0;0;0;0;0;0;0;0;0;*;*;*;*;0;*;*;*;*;;;;;;;;;;;;;;;;;;;
10207;Queilén;0;0;0;0;0;0;0;0;0;0;0;1.372;1.313;2.839;17.102;13.484;17.928;17.145;17.365;;;;;;;;;;;;;-4,40%;116,30%;502,30%;-21,20%;33,00%;-4,40%;1,30%
;Alojamiento turístico;*;*;*;*;*;*;*;*;*;*;*;*;0;0;*;*;*;0;0;;;;;;;;;;;;;;;;;;;
;Actividades de provisión de alimentos y bebidas;*;*;*;*;*;*;*;*;*;*;*;1.372;1.313;2.839;17.102;13.484;17.928;17.145;17.365;;;;;;;;;;;;;-4,40%;116,30%;502,30%;-21,20%;33,00%;-4,40%;1,30%
;Transporte de pasajeros por ferrocarril;0;0;0;0;0;0;0;0;0;0;0;0;0;0;0;0;0;0;0;;;;;;;;;;;;;;;;;;;
;Transporte de pasajeros por carretera;*;*;*;*;*;*;*;*;*;*;0;0;0;0;0;0;0;0;0;;;;;;;;;;;;;;;;;;;
;Transporte de pasajeros por agua;*;*;*;*;*;*;*;*;*;*;*;*;*;*;*;*;*;*;*;;;;;;;;;;;;;;;;;;;
;Transporte aéreo de pasajeros;0;0;0;0;0;0;0;0;0;0;0;0;0;0;0;0;0;0;0;;;;;;;;;;;;;;;;;;;
;Alquiler de equipos de transporte;*;*;0;*;0;0;0;0;0;0;*;*;*;*;*;*;*;*;*;;;;;;;;;;;;;;;;;;;
;Actividades de agencias de viajes y de otros servicios de reservas;*;*;*;*;*;*;*;*;*;*;*;*;*;*;*;*;*;*;*;;;;;;;;;;;;;;;;;;;
;Actividades culturales;0;0;0;0;0;0;0;0;0;0;0;0;0;0;0;0;0;0;0;;;;;;;;;;;;;;;;;;;
;Actividades deportivas y recreativas;0;0;0;0;0;0;0;0;0;0;*;*;*;*;*;0;0;*;*;;;;;;;;;;;;;;;;;;;
;Comercio al por menor de bienes característicos del turismo;*;0;0;0;*;*;*;*;0;0;*;*;*;*;*;*;*;*;*;;;;;;;;;;;;;;;;;;;
;Actividades relacionadas con segundos hogares y multipropiedades;0;0;0;0;0;0;0;0;0;0;*;*;*;*;*;*;*;*;*;;;;;;;;;;;;;;;;;;;
10208;Quellón;31.520;40.138;45.489;55.715;50.561;35.222;42.253;60.079;81.838;83.224;208.011;475.185;416.044;175.687;286.589;144.602;179.264;247.917;222.566;;27,30%;13,30%;22,50%;-9,30%;-30,30%;20,00%;42,20%;36,20%;1,70%;149,90%;128,40%;-12,40%;-57,80%;63,10%;-49,50%;24,00%;38,30%;-10,20%
;Alojamiento turístico;0;0;18.519;27.193;17.103;10.167;9.541;5.629;9.664;11.945;43.650;193.379;59.272;16.690;43.869;28.095;36.221;42.194;47.714;;;;46,80%;-37,10%;-40,60%;-6,20%;-41,00%;71,70%;23,60%;265,40%;343,00%;-69,30%;-71,80%;162,80%;-36,00%;28,90%;16,50%;13,10%
;Actividades de provisión de alimentos y bebidas;21.150;27.046;21.241;21.429;27.270;16.427;19.657;26.546;36.356;34.004;58.891;92.718;102.913;88.872;83.492;54.936;85.009;139.234;113.727;;27,90%;-21,50%;0,90%;27,30%;-39,80%;19,70%;35,00%;37,00%;-6,50%;73,20%;57,40%;11,00%;-13,60%;-6,10%;-34,20%;54,70%;63,80%;-18,30%
;Transporte de pasajeros por ferrocarril;0;0;0;0;0;0;0;0;0;0;0;0;0;0;0;0;0;0;0;;;;;;;;;;;;;;;;;;;
;Transporte de pasajeros por carretera;10.370;13.092;5.730;7.093;5.753;8.105;12.744;27.904;35.819;37.275;35.430;40.488;37.187;43.737;46.638;32.071;38.367;48.415;36.482;;26,20%;-56,20%;23,80%;-18,90%;40,90%;57,20%;119,00%;28,40%;4,10%;-4,90%;14,30%;-8,20%;17,60%;6,60%;-31,20%;19,60%;26,20%;-24,60%
;Transporte de pasajeros por agua;*;*;*;*;*;*;*;*;*;*;0;0;0;0;56.194;0;0;0;0;;;;;;;;;;;;;;;;-100,00%;;;
;Transporte aéreo de pasajeros;0;0;0;0;0;0;0;0;0;0;0;0;0;0;0;0;0;0;0;;;;;;;;;;;;;;;;;;;
;Alquiler de equipos de transporte;*;*;*;*;*;*;*;*;*;*;*;*;67.032;*;*;*;*;*;*;;;;;;;;;;;;;;;;;;;
;Actividades de agencias de viajes y de otros servicios de reservas;0;0;0;0;0;*;*;0;0;*;*;*;*;*;*;*;*;*;*;;;;;;;;;;;;;;;;;;;
;Actividades culturales;0;0;0;0;0;0;0;0;0;0;0;*;*;*;*;*;*;*;*;;;;;;;;;;;;;;;;;;;
;Actividades deportivas y recreativas;*;*;*;*;*;*;*;*;*;*;*;*;*;0;0;*;*;*;0;;;;;;;;;;;;;;;;;;;
;Comercio al por menor de bienes característicos del turismo;*;*;*;*;435;524;310;*;*;*;*;*;*;759;1.024;1.618;*;1.544;1.034;;;;;;20,60%;-40,80%;;;;;;;;34,80%;58,10%;;;-33,00%
;Actividades relacionadas con segundos hogares y multipropiedades;*;*;*;*;*;0;*;*;*;*;70.041;148.600;149.639;25.629;55.373;27.881;19.667;16.531;23.609;;;;;;;;;;;;112,20%;0,70%;-82,90%;116,10%;-49,60%;-29,50%;-15,90%;42,80%
10209;Quemchi;8.046;11.091;11.424;14.787;14.041;10.294;15.681;15.327;21.093;22.200;17.743;23.045;34.146;47.644;45.960;47.090;54.762;55.844;64.816;;37,80%;3,00%;29,40%;-5,00%;-26,70%;52,30%;-2,30%;37,60%;5,20%;-20,10%;29,90%;48,20%;39,50%;-3,50%;2,50%;16,30%;2,00%;16,10%
;Alojamiento turístico;*;*;*;*;0;0;0;0;0;*;0;0;3.063;3.386;0;0;0;0;3.343;;;;;;;;;;;;;;10,50%;-100,00%;;;;
;Actividades de provisión de alimentos y bebidas;3.031;3.778;3.246;4.334;3.325;0;*;*;*;*;0;0;4.875;7.763;8.718;5.550;9.612;16.853;18.014;;24,60%;-14,10%;33,50%;-23,30%;-100,00%;;;;;;;;59,30%;12,30%;-36,30%;73,20%;75,30%;6,90%
;Transporte de pasajeros por ferrocarril;0;0;0;0;0;0;0;0;0;0;0;0;0;0;0;0;0;0;0;;;;;;;;;;;;;;;;;;;
;Transporte de pasajeros por carretera;5.015;7.313;8.178;10.453;10.716;10.294;15.681;15.327;21.093;22.200;17.743;23.045;26.208;36.495;37.241;41.540;45.150;38.991;43.459;;45,80%;11,80%;27,80%;2,50%;-3,90%;52,30%;-2,30%;37,60%;5,20%;-20,10%;29,90%;13,70%;39,30%;2,00%;11,50%;8,70%;-13,60%;11,50%
;Transporte de pasajeros por agua;*;*;*;*;*;*;*;*;*;*;*;*;*;*;*;*;*;*;*;;;;;;;;;;;;;;;;;;;
;Transporte aéreo de pasajeros;0;0;0;0;0;0;0;0;0;0;0;0;0;0;0;0;0;0;0;;;;;;;;;;;;;;;;;;;
;Alquiler de equipos de transporte;0;0;0;0;0;0;0;0;0;0;0;0;0;0;0;0;0;0;0;;;;;;;;;;;;;;;;;;;
;Actividades de agencias de viajes y de otros servicios de reservas;0;0;0;0;*;*;*;*;*;0;0;0;*;*;*;*;*;*;*;;;;;;;;;;;;;;;;;;;
;Actividades culturales;0;0;0;0;*;0;0;0;0;0;0;0;0;0;0;0;*;*;*;;;;;;;;;;;;;;;;;;;
;Actividades deportivas y recreativas;0;0;0;0;*;*;*;*;0;0;*;*;*;*;*;*;*;*;*;;;;;;;;;;;;;;;;;;;
;Comercio al por menor de bienes característicos del turismo;0;0;0;0;0;0;0;0;*;*;*;*;*;*;*;*;*;*;*;;;;;;;;;;;;;;;;;;;
;Actividades relacionadas con segundos hogares y multipropiedades;*;0;0;0;0;0;0;0;0;0;*;*;*;*;*;*;*;*;*;;;;;;;;;;;;;;;;;;;
10210;Quinchao;10.026;10.648;12.187;10.609;10.757;9.605;9.094;7.253;7.940;7.643;11.702;13.922;41.230;44.103;60.145;60.294;59.335;89.567;105.881;;6,20%;14,50%;-12,90%;1,40%;-10,70%;-5,30%;-20,20%;9,50%;-3,80%;53,10%;19,00%;196,20%;7,00%;36,40%;0,20%;-1,60%;51,00%;18,20%
;Alojamiento turístico;*;*;0;0;0;0;0;0;0;0;0;*;*;0;0;0;0;0;0;;;;;;;;;;;;;;;;;;;
;Actividades de provisión de alimentos y bebidas;10.026;10.648;12.187;10.609;10.757;9.605;9.094;7.253;7.940;7.643;11.702;13.922;14.559;14.852;10.855;9.704;10.756;17.527;20.625;;6,20%;14,50%;-12,90%;1,40%;-10,70%;-5,30%;-20,20%;9,50%;-3,80%;53,10%;19,00%;4,60%;2,00%;-26,90%;-10,60%;10,80%;63,00%;17,70%
;Transporte de pasajeros por ferrocarril;0;0;0;0;0;0;0;0;0;0;0;0;0;0;0;0;0;0;0;;;;;;;;;;;;;;;;;;;
;Transporte de pasajeros por carretera;*;*;0;0;*;*;0;0;0;0;0;0;0;29.251;18.163;17.811;10.430;12.883;9.804;;;;;;;;;;;;;;;-37,90%;-1,90%;-41,40%;23,50%;-23,90%
;Transporte de pasajeros por agua;*;*;*;*;*;*;*;*;*;*;0;*;26.671;0;31.127;32.779;38.150;59.157;75.451;;;;;;;;;;;;;;-100,00%;;5,30%;16,40%;55,10%;27,50%
;Transporte aéreo de pasajeros;0;0;0;0;0;0;0;0;0;0;0;0;0;0;0;0;0;0;0;;;;;;;;;;;;;;;;;;;
;Alquiler de equipos de transporte;*;*;0;0;0;0;0;0;0;*;*;*;*;*;*;*;*;*;*;;;;;;;;;;;;;;;;;;;
;Actividades de agencias de viajes y de otros servicios de reservas;0;0;0;0;0;0;0;0;0;0;0;0;*;0;0;0;0;0;0;;;;;;;;;;;;;;;;;;;
;Actividades culturales;*;*;0;0;*;0;0;*;0;*;0;*;0;0;0;0;0;0;0;;;;;;;;;;;;;;;;;;;
;Actividades deportivas y recreativas;*;*;0;0;0;0;*;*;*;*;*;*;*;*;*;*;*;0;*;;;;;;;;;;;;;;;;;;;
;Comercio al por menor de bienes característicos del turismo;*;*;*;*;*;*;*;*;*;*;*;*;*;*;*;*;*;*;*;;;;;;;;;;;;;;;;;;;
;Actividades relacionadas con segundos hogares y multipropiedades;0;0;0;*;*;*;*;*;*;*;*;*;*;*;*;*;*;*;*;;;;;;;;;;;;;;;;;;;
10301;Osorno;1.160.195;1.183.431;1.415.174;1.726.094;1.948.923;1.808.852;3.319.424;2.661.558;2.832.484;2.954.798;4.922.081;5.888.083;5.801.903;5.356.633;4.674.695;3.607.019;5.406.391;6.862.114;4.433.901;;2,00%;19,60%;22,00%;12,90%;-7,20%;83,50%;-19,80%;6,40%;4,30%;66,60%;19,60%;-1,50%;-7,70%;-12,70%;-22,80%;49,90%;26,90%;-35,40%
;Alojamiento turístico;83.662;61.600;116.995;105.161;103.294;141.006;192.490;202.981;265.870;274.467;116.466;180.609;168.187;383.610;330.388;260.330;291.962;356.960;359.356;;-26,40%;89,90%;-10,10%;-1,80%;36,50%;36,50%;5,50%;31,00%;3,20%;-57,60%;55,10%;-6,90%;128,10%;-13,90%;-21,20%;12,20%;22,30%;0,70%
;Actividades de provisión de alimentos y bebidas;449.346;438.230;480.426;542.497;519.284;476.348;530.449;488.189;500.830;500.109;808.696;906.467;986.189;1.213.142;1.010.808;471.595;914.546;1.319.826;1.158.397;;-2,50%;9,60%;12,90%;-4,30%;-8,30%;11,40%;-8,00%;2,60%;-0,10%;61,70%;12,10%;8,80%;23,00%;-16,70%;-53,30%;93,90%;44,30%;-12,20%
;Transporte de pasajeros por ferrocarril;*;*;*;*;*;*;*;*;*;*;*;*;*;0;*;0;0;0;0;;;;;;;;;;;;;;;;;;;
;Transporte de pasajeros por carretera;16.933;94.090;181.384;213.095;195.823;214.451;201.724;247.542;260.802;312.333;363.613;315.752;157.278;359.707;367.722;303.496;325.033;388.328;359.808;;455,70%;92,80%;17,50%;-8,10%;9,50%;-5,90%;22,70%;5,40%;19,80%;16,40%;-13,20%;-50,20%;128,70%;2,20%;-17,50%;7,10%;19,50%;-7,30%
;Transporte de pasajeros por agua;*;*;*;*;*;*;*;*;*;*;*;*;*;*;*;0;*;*;*;;;;;;;;;;;;;;;;;;;
;Transporte aéreo de pasajeros;0;0;0;0;0;0;0;0;0;0;*;*;*;0;0;0;*;*;*;;;;;;;;;;;;;;;;;;;
;Alquiler de equipos de transporte;27.566;34.512;52.681;77.425;54.011;43.874;61.560;83.470;98.080;112.095;590.075;551.483;606.306;360.731;271.679;210.851;171.348;160.136;146.336;;25,20%;52,60%;47,00%;-30,20%;-18,80%;40,30%;35,60%;17,50%;14,30%;426,40%;-6,50%;9,90%;-40,50%;-24,70%;-22,40%;-18,70%;-6,50%;-8,60%
;Actividades de agencias de viajes y de otros servicios de reservas;22.739;23.013;*;15.877;*;*;*;*;*;1.286;350.011;65.943;20.751;7.759;16.061;1.546;3.933;3.545;9.583;;1,20%;;;;;;;;;27112,30%;-81,20%;-68,50%;-62,60%;107,00%;-90,40%;154,40%;-9,90%;170,30%
;Actividades culturales;*;*;*;*;*;*;*;*;*;*;0;13.897;24.108;12.305;9.712;0;1.991;0;11.295;;;;;;;;;;;;;73,50%;-49,00%;-21,10%;-100,00%;;-100,00%;
;Actividades deportivas y recreativas;2.129;1.004;0;0;0;0;4.877;3.301;6.440;8.084;247.887;270.076;290.572;74.731;63.466;16.921;13.681;50.324;83.171;;-52,80%;-100,00%;;;;;-32,30%;95,10%;25,50%;2966,30%;9,00%;7,60%;-74,30%;-15,10%;-73,30%;-19,20%;267,80%;65,30%
;Comercio al por menor de bienes característicos del turismo;9.001;9.439;9.172;15.996;17.511;17.252;11.138;24.280;27.258;31.821;38.395;36.969;45.635;43.682;32.179;19.289;26.472;13.942;13.473;;4,90%;-2,80%;74,40%;9,50%;-1,50%;-35,40%;118,00%;12,30%;16,70%;20,70%;-3,70%;23,40%;-4,30%;-26,30%;-40,10%;37,20%;-47,30%;-3,40%
;Actividades relacionadas con segundos hogares y multipropiedades;548.818;521.542;574.517;756.043;1.058.998;915.920;2.317.186;1.611.795;1.673.205;1.714.602;2.406.938;3.546.887;3.502.878;2.900.966;2.572.679;2.322.991;3.657.427;4.569.053;2.292.480;;-5,00%;10,20%;31,60%;40,10%;-13,50%;153,00%;-30,40%;3,80%;2,50%;40,40%;47,40%;-1,20%;-17,20%;-11,30%;-9,70%;57,40%;24,90%;-49,80%
10302;Puerto Octay;7.271;6.389;9.203;18.945;6.568;11.608;22.438;28.356;10.006;10.983;13.240;60.348;35.694;117.964;57.056;134.825;312.959;713.269;135.699;;-12,10%;44,00%;105,90%;-65,30%;76,70%;93,30%;26,40%;-64,70%;9,80%;20,60%;355,80%;-40,90%;230,50%;-51,60%;136,30%;132,10%;127,90%;-81,00%
;Alojamiento turístico;*;*;*;0;0;0;0;4.845;3.755;3.686;5.451;11.707;12.598;11.915;15.165;7.863;11.397;11.949;16.661;;;;;;;;;-22,50%;-1,80%;47,90%;114,80%;7,60%;-5,40%;27,30%;-48,20%;45,00%;4,80%;39,40%
;Actividades de provisión de alimentos y bebidas;4.822;4.037;6.936;17.335;4.116;8.924;18.088;15.970;0;0;0;40.918;15.659;36.131;36.205;23.332;34.543;61.775;64.438;;-16,30%;71,80%;149,90%;-76,30%;116,80%;102,70%;-11,70%;-100,00%;;;;-61,70%;130,70%;0,20%;-35,60%;48,00%;78,80%;4,30%
;Transporte de pasajeros por ferrocarril;0;0;0;0;0;0;0;0;0;0;0;0;0;0;0;0;0;0;0;;;;;;;;;;;;;;;;;;;
;Transporte de pasajeros por carretera;*;*;*;*;*;*;*;0;0;0;0;0;0;0;0;0;0;0;0;;;;;;;;;;;;;;;;;;;
;Transporte de pasajeros por agua;0;0;0;0;0;0;0;0;0;0;0;0;0;0;0;0;0;0;0;;;;;;;;;;;;;;;;;;;
;Transporte aéreo de pasajeros;0;0;0;0;0;0;0;0;0;0;0;0;0;0;0;0;0;0;0;;;;;;;;;;;;;;;;;;;
;Alquiler de equipos de transporte;2.449;2.352;2.267;1.610;2.452;2.684;4.350;7.542;6.251;7.297;7.789;7.723;7.437;6.520;5.685;4.538;866;*;*;;-3,90%;-3,60%;-29,00%;52,30%;9,50%;62,10%;73,40%;-17,10%;16,70%;6,70%;-0,90%;-3,70%;-12,30%;-12,80%;-20,20%;-80,90%;;
;Actividades de agencias de viajes y de otros servicios de reservas;0;0;0;0;0;0;0;0;*;*;*;*;*;*;*;0;*;*;*;;;;;;;;;;;;;;;;;;;
;Actividades culturales;0;0;0;0;0;0;0;0;0;0;0;0;0;*;*;0;0;0;*;;;;;;;;;;;;;;;;;;;
;Actividades deportivas y recreativas;0;*;0;*;*;*;*;*;*;*;*;*;*;*;*;*;*;*;*;;;;;;;;;;;;;;;;;;;
;Comercio al por menor de bienes característicos del turismo;*;*;0;*;*;*;*;*;*;*;*;*;*;*;*;*;*;*;*;;;;;;;;;;;;;;;;;;;
;Actividades relacionadas con segundos hogares y multipropiedades;*;*;*;*;*;*;*;*;*;*;0;0;0;63.397;0;99.092;266.152;639.545;54.600;;;;;;;;;;;;;;;-100,00%;;168,60%;140,30%;-91,50%
10303;Purranque;11.179;14.661;7.135;5.145;6.696;26.527;27.825;33.256;31.959;29.933;87.424;116.689;144.267;99.958;147.542;100.994;145.115;145.617;964.940;;31,10%;-51,30%;-27,90%;30,20%;296,10%;4,90%;19,50%;-3,90%;-6,30%;192,10%;33,50%;23,60%;-30,70%;47,60%;-31,50%;43,70%;0,30%;562,70%
;Alojamiento turístico;*;*;*;*;*;*;*;*;*;*;0;*;0;0;0;0;0;0;0;;;;;;;;;;;;;;;;;;;
;Actividades de provisión de alimentos y bebidas;11.147;14.609;6.863;4.761;6.452;5.211;5.988;7.297;8.100;10.052;23.470;21.261;27.569;29.858;35.469;14.366;29.599;43.816;39.319;;31,10%;-53,00%;-30,60%;35,50%;-19,20%;14,90%;21,90%;11,00%;24,10%;133,50%;-9,40%;29,70%;8,30%;18,80%;-59,50%;106,00%;48,00%;-10,30%
;Transporte de pasajeros por ferrocarril;0;0;0;0;0;0;0;0;0;0;0;0;0;0;0;0;0;0;0;;;;;;;;;;;;;;;;;;;
;Transporte de pasajeros por carretera;32;51;271;384;244;371;1.719;226;220;168;4.970;5.409;14.778;10.358;25.940;13.825;36.522;33.201;46.212;;60,60%;430,10%;41,60%;-36,40%;51,60%;363,90%;-86,90%;-2,70%;-23,30%;2850,80%;8,80%;173,20%;-29,90%;150,40%;-46,70%;164,20%;-9,10%;39,20%
;Transporte de pasajeros por agua;0;0;0;0;0;0;0;0;0;0;0;0;*;*;*;*;*;*;*;;;;;;;;;;;;;;;;;;;
;Transporte aéreo de pasajeros;0;0;0;0;0;0;0;0;0;0;0;0;0;0;0;0;0;0;0;;;;;;;;;;;;;;;;;;;
;Alquiler de equipos de transporte;*;*;*;*;*;*;*;*;*;*;*;35.494;32.732;7.603;6.964;*;*;*;*;;;;;;;;;;;;;-7,80%;-76,80%;-8,40%;;;;
;Actividades de agencias de viajes y de otros servicios de reservas;0;0;0;0;0;0;0;0;0;0;0;*;*;*;*;*;*;*;*;;;;;;;;;;;;;;;;;;;
;Actividades culturales;0;*;0;0;*;0;0;0;0;0;*;0;0;*;*;*;0;*;0;;;;;;;;;;;;;;;;;;;
;Actividades deportivas y recreativas;*;0;0;*;*;*;*;*;*;*;*;*;*;*;*;*;*;0;0;;;;;;;;;;;;;;;;;;;
;Comercio al por menor de bienes característicos del turismo;*;*;*;*;*;*;0;*;*;*;*;*;*;*;*;*;*;*;*;;;;;;;;;;;;;;;;;;;
;Actividades relacionadas con segundos hogares y multipropiedades;*;*;*;*;0;20.945;20.118;25.733;23.639;19.713;58.984;54.526;69.188;52.139;79.169;72.802;78.994;68.599;879.409;;;;;;;-4,00%;27,90%;-8,10%;-16,60%;199,20%;-7,60%;26,90%;-24,60%;51,80%;-8,00%;8,50%;-13,20%;1182,00%
10304;Puyehue;7.142;222.400;218.033;263.178;260.691;270.624;69.216;75.032;71.888;77.942;92.995;250.025;285.528;391.922;423.083;230.570;354.117;719.914;822.432;;3014,00%;-2,00%;20,70%;-0,90%;3,80%;-74,40%;8,40%;-4,20%;8,40%;19,30%;168,90%;14,20%;37,30%;8,00%;-45,50%;53,60%;103,30%;14,20%
;Alojamiento turístico;0;215.265;213.360;257.464;254.243;261.580;54.991;66.544;63.593;68.359;74.431;20.097;20.193;340.919;358.188;135.748;248.759;406.538;406.530;;;-0,90%;20,70%;-1,30%;2,90%;-79,00%;21,00%;-4,40%;7,50%;8,90%;-73,00%;0,50%;1588,30%;5,10%;-62,10%;83,20%;63,40%;0,00%
;Actividades de provisión de alimentos y bebidas;6.651;6.609;4.667;5.706;6.448;9.045;13.317;8.489;6.709;9.583;12.089;226.379;258.927;35.014;28.937;12.755;35.139;48.241;49.088;;-0,60%;-29,40%;22,30%;13,00%;40,30%;47,20%;-36,30%;-21,00%;42,80%;26,20%;1772,70%;14,40%;-86,50%;-17,40%;-55,90%;175,50%;37,30%;1,80%
;Transporte de pasajeros por ferrocarril;0;0;0;0;0;0;0;0;0;0;0;0;0;0;0;0;0;0;0;;;;;;;;;;;;;;;;;;;
;Transporte de pasajeros por carretera;491;526;6;7;0;0;908;0;1.587;0;6.475;3.549;6.407;0;19.505;22.262;8.535;9.205;17.396;;7,10%;-98,90%;20,70%;-100,00%;;;-100,00%;;-100,00%;;-45,20%;80,50%;-100,00%;;14,10%;-61,70%;7,80%;89,00%
;Transporte de pasajeros por agua;0;0;0;0;0;0;0;0;0;0;0;0;0;0;0;0;0;0;0;;;;;;;;;;;;;;;;;;;
;Transporte aéreo de pasajeros;0;0;0;0;0;0;0;0;0;0;0;0;0;0;0;0;0;0;0;;;;;;;;;;;;;;;;;;;
;Alquiler de equipos de transporte;*;*;*;*;*;*;*;*;*;*;*;*;*;*;*;*;*;*;*;;;;;;;;;;;;;;;;;;;
;Actividades de agencias de viajes y de otros servicios de reservas;*;*;*;*;0;0;0;*;*;*;0;0;0;0;0;0;*;*;*;;;;;;;;;;;;;;;;;;;
;Actividades culturales;0;0;*;*;*;*;0;0;0;0;*;*;*;0;*;0;0;*;0;;;;;;;;;;;;;;;;;;;
;Actividades deportivas y recreativas;*;*;*;*;*;*;*;*;*;*;*;*;*;*;*;*;*;*;*;;;;;;;;;;;;;;;;;;;
;Comercio al por menor de bienes característicos del turismo;*;*;*;*;*;*;*;*;*;*;*;*;*;*;*;*;*;*;*;;;;;;;;;;;;;;;;;;;
;Actividades relacionadas con segundos hogares y multipropiedades;*;*;*;*;*;*;*;*;*;*;0;0;0;15.990;16.453;59.805;61.684;255.932;349.418;;;;;;;;;;;;;;;2,90%;263,50%;3,10%;314,90%;36,50%
10305;Río Negro;3.187;3.421;2.589;2.646;2.650;2.769;5.312;3.202;3.174;3.598;16.367;10.447;5.872;20.070;18.432;8.571;15.982;11.463;37.747;;7,40%;-24,30%;2,20%;0,20%;4,50%;91,80%;-39,70%;-0,90%;13,40%;355,00%;-36,20%;-43,80%;241,80%;-8,20%;-53,50%;86,50%;-28,30%;229,30%
;Alojamiento turístico;*;*;*;*;0;0;0;*;*;*;*;*;*;*;*;*;*;0;0;;;;;;;;;;;;;;;;;;;
;Actividades de provisión de alimentos y bebidas;3.187;3.421;2.589;2.646;2.650;2.769;5.312;3.202;3.174;3.598;7.305;6.173;5.872;13.806;9.930;3.279;7.479;11.463;37.747;;7,40%;-24,30%;2,20%;0,20%;4,50%;91,80%;-39,70%;-0,90%;13,40%;103,10%;-15,50%;-4,90%;135,10%;-28,10%;-67,00%;128,00%;53,30%;229,30%
;Transporte de pasajeros por ferrocarril;0;0;0;0;0;0;0;0;0;0;0;0;0;0;0;0;0;0;0;;;;;;;;;;;;;;;;;;;
;Transporte de pasajeros por carretera;0;0;0;0;0;0;0;0;0;0;9.062;4.274;0;6.264;8.502;5.291;8.504;0;0;;;;;;;;;;;;-52,80%;-100,00%;;35,70%;-37,80%;60,70%;-100,00%;
;Transporte de pasajeros por agua;0;0;0;0;0;0;0;0;0;0;0;0;0;0;0;0;0;0;*;;;;;;;;;;;;;;;;;;;
;Transporte aéreo de pasajeros;0;0;0;0;0;0;0;0;0;0;0;0;0;0;0;0;0;0;0;;;;;;;;;;;;;;;;;;;
;Alquiler de equipos de transporte;*;*;*;*;*;*;*;*;*;*;*;*;*;*;*;*;*;*;*;;;;;;;;;;;;;;;;;;;
;Actividades de agencias de viajes y de otros servicios de reservas;0;0;0;0;0;0;0;0;0;0;0;0;*;*;*;*;*;0;0;;;;;;;;;;;;;;;;;;;
;Actividades culturales;0;0;*;*;*;0;0;0;0;0;*;0;0;*;*;*;*;*;*;;;;;;;;;;;;;;;;;;;
;Actividades deportivas y recreativas;*;*;*;*;*;*;*;*;*;*;*;*;*;*;*;*;*;*;*;;;;;;;;;;;;;;;;;;;
;Comercio al por menor de bienes característicos del turismo;0;0;0;0;0;*;*;*;*;*;*;*;*;*;*;*;0;*;*;;;;;;;;;;;;;;;;;;;
;Actividades relacionadas con segundos hogares y multipropiedades;*;*;*;*;*;0;*;*;*;*;0;0;0;0;0;0;0;0;0;;;;;;;;;;;;;;;;;;;
10306;San Juan de la Costa;803;949;1.073;1.073;1.566;1.148;1.421;0;0;2.202;4.375;13.021;3.749;10.631;14.786;5.929;9.669;12.460;10.534;;18,30%;13,00%;0,00%;45,90%;-26,70%;23,80%;-100,00%;;;98,70%;197,60%;-71,20%;183,50%;39,10%;-59,90%;63,10%;28,90%;-15,50%
;Alojamiento turístico;*;*;*;*;*;*;*;*;*;*;0;*;0;2.182;1.806;0;0;1.495;0;;;;;;;;;;;;;;;-17,20%;-100,00%;;;-100,00%
;Actividades de provisión de alimentos y bebidas;803;949;1.073;1.073;1.566;1.148;1.421;*;*;2.202;4.375;13.021;3.749;8.449;12.980;5.929;9.669;10.965;10.534;;18,30%;13,00%;0,00%;45,90%;-26,70%;23,80%;;;;98,70%;197,60%;-71,20%;125,30%;53,60%;-54,30%;63,10%;13,40%;-3,90%
;Transporte de pasajeros por ferrocarril;0;0;0;0;0;0;0;0;0;0;0;0;0;0;0;0;0;0;0;;;;;;;;;;;;;;;;;;;
;Transporte de pasajeros por carretera;*;*;*;*;*;*;*;*;*;*;*;*;*;*;*;*;*;*;*;;;;;;;;;;;;;;;;;;;
;Transporte de pasajeros por agua;0;0;0;0;0;0;0;0;0;0;*;*;0;*;*;*;*;*;*;;;;;;;;;;;;;;;;;;;
;Transporte aéreo de pasajeros;0;0;0;0;0;0;0;0;0;0;0;0;0;0;0;0;0;0;0;;;;;;;;;;;;;;;;;;;
;Alquiler de equipos de transporte;*;*;*;0;0;0;0;0;0;0;*;*;*;*;*;*;0;0;*;;;;;;;;;;;;;;;;;;;
;Actividades de agencias de viajes y de otros servicios de reservas;0;0;0;0;0;0;0;0;0;0;0;0;*;*;*;*;*;*;*;;;;;;;;;;;;;;;;;;;
;Actividades culturales;0;0;0;0;0;0;0;0;0;0;0;0;0;0;0;0;0;0;0;;;;;;;;;;;;;;;;;;;
;Actividades deportivas y recreativas;0;0;0;0;0;0;0;0;0;0;*;*;*;*;*;*;*;0;0;;;;;;;;;;;;;;;;;;;
;Comercio al por menor de bienes característicos del turismo;*;*;*;0;*;*;*;*;*;*;*;*;*;*;*;*;*;*;*;;;;;;;;;;;;;;;;;;;
;Actividades relacionadas con segundos hogares y multipropiedades;0;0;0;0;0;0;0;0;0;0;0;*;*;*;*;*;*;*;*;;;;;;;;;;;;;;;;;;;
10307;San Pablo;0;0;0;0;0;0;0;0;0;0;0;0;0;3.689;0;0;141.776;10.619;13.239;;;;;;;;;;;;;;;-100,00%;;;-92,50%;24,70%
;Alojamiento turístico;*;*;*;*;*;*;*;*;*;*;*;*;*;*;*;*;*;*;*;;;;;;;;;;;;;;;;;;;
;Actividades de provisión de alimentos y bebidas;*;*;*;*;*;*;0;*;*;*;*;*;*;3.689;*;*;13.627;10.619;13.239;;;;;;;;;;;;;;;;;;-22,10%;24,70%
;Transporte de pasajeros por ferrocarril;0;0;0;0;0;0;0;0;0;0;0;0;0;0;0;0;0;0;0;;;;;;;;;;;;;;;;;;;
;Transporte de pasajeros por carretera;*;*;*;*;*;*;*;*;*;0;0;0;0;0;0;0;0;0;0;;;;;;;;;;;;;;;;;;;
;Transporte de pasajeros por agua;0;0;0;0;0;0;0;0;0;0;0;0;0;0;0;*;*;0;0;;;;;;;;;;;;;;;;;;;
;Transporte aéreo de pasajeros;0;0;0;0;0;0;0;0;0;0;0;0;0;0;0;0;0;0;0;;;;;;;;;;;;;;;;;;;
;Alquiler de equipos de transporte;*;0;0;0;0;0;0;0;0;0;*;*;*;*;0;*;0;0;*;;;;;;;;;;;;;;;;;;;
;Actividades de agencias de viajes y de otros servicios de reservas;0;0;0;0;0;0;0;0;0;0;*;*;*;*;*;*;*;*;*;;;;;;;;;;;;;;;;;;;
;Actividades culturales;0;*;*;0;0;0;0;0;0;0;0;0;0;0;0;0;0;0;0;;;;;;;;;;;;;;;;;;;
;Actividades deportivas y recreativas;0;0;0;0;0;0;0;0;0;0;*;*;*;0;0;0;*;*;*;;;;;;;;;;;;;;;;;;;
;Comercio al por menor de bienes característicos del turismo;0;0;0;0;0;0;*;0;*;0;*;*;*;*;*;*;*;*;*;;;;;;;;;;;;;;;;;;;
;Actividades relacionadas con segundos hogares y multipropiedades;*;*;*;*;*;*;*;*;*;*;*;*;*;*;*;*;128.149;0;0;;;;;;;;;;;;;;;;;;-100,00%;
10401;Chaitén;5.480;1.629;1.758;3.728;0;0;0;19.583;20.714;17.603;66.851;81.569;108.648;92.842;75.275;50.719;62.844;88.649;90.484;;-70,30%;7,90%;112,00%;-100,00%;;;;5,80%;-15,00%;279,80%;22,00%;33,20%;-14,50%;-18,90%;-32,60%;23,90%;41,10%;2,10%
;Alojamiento turístico;0;0;0;3.728;0;0;0;19.583;20.714;17.603;45.122;49.012;59.868;70.039;48.575;26.042;48.100;69.154;55.710;;;;;-100,00%;;;;5,80%;-15,00%;156,30%;8,60%;22,10%;17,00%;-30,60%;-46,40%;84,70%;43,80%;-19,40%
;Actividades de provisión de alimentos y bebidas;5.480;1.629;1.758;*;*;*;*;*;*;*;21.729;22.282;12.406;22.803;23.856;19.887;14.744;19.495;24.092;;-70,30%;7,90%;;;;;;;;;2,50%;-44,30%;83,80%;4,60%;-16,60%;-25,90%;32,20%;23,60%
;Transporte de pasajeros por ferrocarril;0;0;0;0;0;0;0;0;0;0;0;0;0;0;0;0;0;0;0;;;;;;;;;;;;;;;;;;;
;Transporte de pasajeros por carretera;*;*;*;*;*;*;*;*;*;*;*;10.275;5.917;0;2.844;4.790;0;0;10.682;;;;;;;;;;;;;-42,40%;-100,00%;;68,40%;-100,00%;;
;Transporte de pasajeros por agua;*;*;*;*;*;*;*;*;*;*;*;*;*;*;0;0;0;0;0;;;;;;;;;;;;;;;;;;;
;Transporte aéreo de pasajeros;*;0;0;0;0;0;0;0;0;0;0;0;0;0;0;0;0;0;*;;;;;;;;;;;;;;;;;;;
;Alquiler de equipos de transporte;0;0;0;0;0;0;0;0;*;0;*;*;*;*;*;*;*;*;*;;;;;;;;;;;;;;;;;;;
;Actividades de agencias de viajes y de otros servicios de reservas;*;*;*;*;*;*;*;0;0;0;0;*;*;*;*;*;*;*;*;;;;;;;;;;;;;;;;;;;
;Actividades culturales;0;0;0;0;0;0;0;0;0;0;0;0;*;0;0;*;*;*;*;;;;;;;;;;;;;;;;;;;
;Actividades deportivas y recreativas;*;0;0;0;0;0;0;0;*;*;*;*;*;*;0;*;*;*;*;;;;;;;;;;;;;;;;;;;
;Comercio al por menor de bienes característicos del turismo;*;*;*;*;*;0;0;0;*;*;*;*;*;*;*;*;*;*;*;;;;;;;;;;;;;;;;;;;
;Actividades relacionadas con segundos hogares y multipropiedades;0;0;0;0;0;0;0;0;*;*;*;*;30.457;*;*;*;*;*;0;;;;;;;;;;;;;;;;;;;
10402;Futaleufú;0;0;0;0;0;2.089;8.805;8.232;15.996;20.874;18.955;22.633;24.979;34.990;41.136;30.425;23.258;42.810;44.111;;;;;;;321,60%;-6,50%;94,30%;30,50%;-9,20%;19,40%;10,40%;40,10%;17,60%;-26,00%;-23,60%;84,10%;3,00%
;Alojamiento turístico;0;0;0;0;0;2.089;8.805;8.232;15.996;19.509;14.938;14.131;15.981;23.514;24.881;19.144;11.408;25.134;22.603;;;;;;;321,60%;-6,50%;94,30%;22,00%;-23,40%;-5,40%;13,10%;47,10%;5,80%;-23,10%;-40,40%;120,30%;-10,10%
;Actividades de provisión de alimentos y bebidas;0;0;*;*;*;*;*;*;*;0;4.017;6.782;7.710;11.476;11.806;8.192;11.850;17.676;18.721;;;;;;;;;;;;68,80%;13,70%;48,80%;2,90%;-30,60%;44,60%;49,20%;5,90%
;Transporte de pasajeros por ferrocarril;0;0;0;0;0;0;0;0;0;0;0;0;0;0;0;0;0;0;0;;;;;;;;;;;;;;;;;;;
;Transporte de pasajeros por carretera;*;*;*;*;*;*;*;*;*;*;*;*;*;*;*;*;*;*;*;;;;;;;;;;;;;;;;;;;
;Transporte de pasajeros por agua;0;0;0;0;0;0;0;0;0;0;*;*;*;*;*;0;*;*;*;;;;;;;;;;;;;;;;;;;
;Transporte aéreo de pasajeros;0;0;0;0;0;0;0;0;0;0;0;0;0;0;*;*;*;*;*;;;;;;;;;;;;;;;;;;;
;Alquiler de equipos de transporte;*;*;*;0;0;0;0;0;0;0;0;*;*;*;*;*;0;*;*;;;;;;;;;;;;;;;;;;;
;Actividades de agencias de viajes y de otros servicios de reservas;*;*;*;*;*;*;*;*;*;*;*;1.720;1.289;*;4.449;3.089;0;0;2.787;;;;;;;;;;;;;-25,10%;;;-30,60%;-100,00%;;
;Actividades culturales;0;0;0;0;0;0;0;0;0;0;*;*;*;*;0;*;*;0;0;;;;;;;;;;;;;;;;;;;
;Actividades deportivas y recreativas;*;*;*;*;*;0;0;*;*;*;*;*;*;*;*;*;*;*;*;;;;;;;;;;;;;;;;;;;
;Comercio al por menor de bienes característicos del turismo;*;*;*;*;*;*;*;*;*;1.365;*;*;*;*;*;*;*;*;*;;;;;;;;;;;;;;;;;;;
;Actividades relacionadas con segundos hogares y multipropiedades;0;0;0;*;*;*;*;*;*;*;*;*;*;*;*;*;*;*;*;;;;;;;;;;;;;;;;;;;
10403;Hualaihué;*;*;*;*;*;*;0;3.654;4.268;4.247;10.332;11.679;22.149;18.876;18.772;22.344;28.776;38.778;36.266;;;;;;;;;16,80%;-0,50%;143,30%;13,00%;89,60%;-14,80%;-0,50%;19,00%;28,80%;34,80%;-6,50%
;Alojamiento turístico;*;*;*;*;*;*;0;3.654;4.268;4.247;10.332;11.679;12.970;10.037;9.181;13.764;15.675;16.562;19.994;;;;;;;;;16,80%;-0,50%;143,30%;13,00%;11,10%;-22,60%;-8,50%;49,90%;13,90%;5,70%;20,70%
;Actividades de provisión de alimentos y bebidas;0;0;0;0;0;*;*;*;*;*;*;0;9.179;8.839;9.591;8.581;10.453;18.739;16.272;;;;;;;;;;;;;;-3,70%;8,50%;-10,50%;21,80%;79,30%;-13,20%
;Transporte de pasajeros por ferrocarril;0;0;0;0;0;0;0;0;0;0;0;0;0;0;0;0;0;0;0;;;;;;;;;;;;;;;;;;;
;Transporte de pasajeros por carretera;0;0;0;0;0;0;*;*;*;*;0;0;0;0;0;0;0;0;0;;;;;;;;;;;;;;;;;;;
;Transporte de pasajeros por agua;*;*;0;0;0;0;0;*;*;*;0;*;*;*;*;*;*;*;*;;;;;;;;;;;;;;;;;;;
;Transporte aéreo de pasajeros;0;0;0;0;0;0;0;0;0;0;0;0;0;0;0;0;0;0;0;;;;;;;;;;;;;;;;;;;
;Alquiler de equipos de transporte;0;0;0;0;0;0;0;0;0;*;*;*;*;*;*;*;*;*;*;;;;;;;;;;;;;;;;;;;
;Actividades de agencias de viajes y de otros servicios de reservas;0;0;0;0;0;0;0;0;0;0;*;*;*;*;*;*;*;*;*;;;;;;;;;;;;;;;;;;;
;Actividades culturales;0;0;0;0;0;0;0;0;0;0;0;0;*;*;*;*;*;*;*;;;;;;;;;;;;;;;;;;;
;Actividades deportivas y recreativas;*;*;0;0;0;0;0;*;*;*;*;*;*;*;*;*;*;*;*;;;;;;;;;;;;;;;;;;;
;Comercio al por menor de bienes característicos del turismo;0;0;0;0;0;0;*;*;*;*;*;*;*;*;*;*;*;*;*;;;;;;;;;;;;;;;;;;;
;Actividades relacionadas con segundos hogares y multipropiedades;0;0;0;0;0;0;0;0;*;0;*;*;*;*;*;*;2.648;3.478;0;;;;;;;;;;;;;;;;;;31,40%;-100,00%
10404;Palena;*;*;*;0;0;0;0;0;0;0;7.576;5.555;9.126;2.257;9.077;3.102;5.225;0;11.790;;;;;;;;;;;;-26,70%;64,30%;-75,30%;302,10%;-65,80%;68,40%;-100,00%;
;Alojamiento turístico;*;*;*;*;*;*;*;0;0;0;7.576;5.555;9.126;2.257;2.733;0;0;0;0;;;;;;;;;;;;-26,70%;64,30%;-75,30%;21,10%;-100,00%;;;
;Actividades de provisión de alimentos y bebidas;*;*;*;*;*;*;*;*;*;*;*;*;*;0;6.344;3.102;5.225;0;11.790;;;;;;;;;;;;;;;;-51,10%;68,40%;-100,00%;
;Transporte de pasajeros por ferrocarril;0;0;0;0;0;0;0;0;0;0;0;0;0;0;0;0;0;0;0;;;;;;;;;;;;;;;;;;;
;Transporte de pasajeros por carretera;0;0;*;*;*;*;*;*;*;*;*;*;*;*;*;*;*;*;*;;;;;;;;;;;;;;;;;;;
;Transporte de pasajeros por agua;0;0;0;0;0;0;0;0;0;0;0;0;0;0;0;0;0;0;0;;;;;;;;;;;;;;;;;;;
;Transporte aéreo de pasajeros;0;0;0;0;0;0;0;0;0;0;0;0;0;0;0;0;0;0;0;;;;;;;;;;;;;;;;;;;
;Alquiler de equipos de transporte;0;*;0;*;*;0;0;0;0;*;0;0;*;*;0;*;0;*;*;;;;;;;;;;;;;;;;;;;
;Actividades de agencias de viajes y de otros servicios de reservas;*;0;0;0;0;*;*;0;0;0;*;*;*;*;*;*;*;*;*;;;;;;;;;;;;;;;;;;;
;Actividades culturales;0;0;0;0;0;0;0;0;0;0;0;0;0;0;0;0;0;0;0;;;;;;;;;;;;;;;;;;;
;Actividades deportivas y recreativas;*;0;0;0;0;0;0;0;0;0;*;*;*;*;*;0;0;0;0;;;;;;;;;;;;;;;;;;;
;Comercio al por menor de bienes característicos del turismo;0;0;0;0;0;0;*;*;*;0;0;0;0;0;0;0;0;0;0;;;;;;;;;;;;;;;;;;;
;Actividades relacionadas con segundos hogares y multipropiedades;0;0;0;0;0;0;*;0;0;0;*;0;*;*;*;*;*;*;*;;;;;;;;;;;;;;;;;;;
Región Aisén del Gral.Carlos Ibáñez del Campo;;420.829;434.881;478.751;537.590;623.219;664.505;713.172;797.650;881.335;899.355;1.755.779;2.092.695;2.534.667;2.252.483;2.042.178;1.594.796;2.113.548;2.730.190;2.463.669;;3,30%;10,10%;12,30%;15,90%;6,60%;7,30%;11,80%;10,50%;2,00%;95,20%;19,20%;21,10%;-11,10%;-9,30%;-21,90%;32,50%;29,20%;-9,80%
11101;Coihaique;356.394;377.841;389.025;391.481;490.902;531.914;563.538;583.603;690.086;699.401;1.187.043;1.405.292;1.484.066;1.524.916;1.416.087;1.111.973;1.478.871;1.869.767;1.603.415;;6,00%;3,00%;0,60%;25,40%;8,40%;5,90%;3,60%;18,20%;1,30%;69,70%;18,40%;5,60%;2,80%;-7,10%;-21,50%;33,00%;26,40%;-14,20%
;Alojamiento turístico;59.167;58.619;85.514;115.605;117.412;112.575;135.391;130.321;176.204;163.491;192.378;257.140;255.968;233.987;221.595;164.903;188.348;219.011;145.041;;-0,90%;45,90%;35,20%;1,60%;-4,10%;20,30%;-3,70%;35,20%;-7,20%;17,70%;33,70%;-0,50%;-8,60%;-5,30%;-25,60%;14,20%;16,30%;-33,80%
;Actividades de provisión de alimentos y bebidas;116.083;136.362;135.152;147.713;137.906;160.865;152.372;154.978;114.186;130.427;191.417;221.142;263.124;537.829;497.967;326.683;514.594;582.442;593.431;;17,50%;-0,90%;9,30%;-6,60%;16,60%;-5,30%;1,70%;-26,30%;14,20%;46,80%;15,50%;19,00%;104,40%;-7,40%;-34,40%;57,50%;13,20%;1,90%
;Transporte de pasajeros por ferrocarril;0;0;0;0;0;0;0;0;0;0;0;0;0;0;0;0;0;0;0;;;;;;;;;;;;;;;;;;;
;Transporte de pasajeros por carretera;21.979;40.323;28.086;28.550;55.417;65.451;78.138;98.462;175.861;145.322;181.418;184.863;178.491;166.360;126.936;96.309;122.421;153.359;141.568;;83,50%;-30,30%;1,70%;94,10%;18,10%;19,40%;26,00%;78,60%;-17,40%;24,80%;1,90%;-3,40%;-6,80%;-23,70%;-24,10%;27,10%;25,30%;-7,70%
;Transporte de pasajeros por agua;*;*;*;*;*;*;*;*;*;*;*;*;*;*;*;*;*;*;*;;;;;;;;;;;;;;;;;;;
;Transporte aéreo de pasajeros;*;*;*;*;*;*;*;*;*;*;*;*;*;*;*;*;*;*;*;;;;;;;;;;;;;;;;;;;
;Alquiler de equipos de transporte;44.191;76.238;46.886;19.792;11.376;17.502;28.176;30.283;22.739;24.701;152.707;152.005;129.565;82.597;50.010;33.288;67.547;71.516;53.952;;72,50%;-38,50%;-57,80%;-42,50%;53,80%;61,00%;7,50%;-24,90%;8,60%;518,20%;-0,50%;-14,80%;-36,30%;-39,50%;-33,40%;102,90%;5,90%;-24,60%
;Actividades de agencias de viajes y de otros servicios de reservas;12.600;8.715;18.255;16.300;15.089;18.874;15.947;13.367;6.682;15.794;46.292;96.548;88.336;57.887;68.034;37.750;42.164;78.347;91.936;;-30,80%;109,50%;-10,70%;-7,40%;25,10%;-15,50%;-16,20%;-50,00%;136,40%;193,10%;108,60%;-8,50%;-34,50%;17,50%;-44,50%;11,70%;85,80%;17,30%
;Actividades culturales;*;*;*;*;*;*;*;*;*;*;4.320;5.921;8.337;6.705;4.341;2.290;1.768;7.849;12.025;;;;;;;;;;;;37,10%;40,80%;-19,60%;-35,20%;-47,30%;-22,80%;344,00%;53,20%
;Actividades deportivas y recreativas;*;*;*;*;*;*;*;*;*;*;4.812;24.247;24.426;26.156;19.110;6.190;17.422;28.938;16.469;;;;;;;;;;;;403,90%;0,70%;7,10%;-26,90%;-67,60%;181,40%;66,10%;-43,10%
;Comercio al por menor de bienes característicos del turismo;6.954;8.807;4.321;3.157;15.428;8.072;10.898;17.038;19.833;27.064;18.316;24.113;27.597;22.737;18.276;17.916;21.138;16.648;12.528;;26,70%;-50,90%;-26,90%;388,70%;-47,70%;35,00%;56,30%;16,40%;36,50%;-32,30%;31,70%;14,40%;-17,60%;-19,60%;-2,00%;18,00%;-21,20%;-24,70%
;Actividades relacionadas con segundos hogares y multipropiedades;95.421;48.777;70.810;60.363;138.274;148.576;142.617;139.155;174.581;192.602;395.383;439.312;508.221;390.659;409.817;426.645;503.471;711.657;536.466;;-48,90%;45,20%;-14,80%;129,10%;7,40%;-4,00%;-2,40%;25,50%;10,30%;105,30%;11,10%;15,70%;-23,10%;4,90%;4,10%;18,00%;41,40%;-24,60%
11102;Lago Verde;*;*;*;*;*;*;*;*;*;*;*;*;*;*;*;0;0;0;0;;;;;;;;;;;;;;;;;;;
;Alojamiento turístico;*;*;*;*;*;*;*;*;*;*;*;*;*;*;*;*;*;0;0;;;;;;;;;;;;;;;;;;;
;Actividades de provisión de alimentos y bebidas;*;*;0;0;0;0;0;0;0;*;0;*;*;*;*;*;*;*;*;;;;;;;;;;;;;;;;;;;
;Transporte de pasajeros por ferrocarril;0;0;0;0;0;0;0;0;0;0;0;0;0;0;0;0;0;0;0;;;;;;;;;;;;;;;;;;;
;Transporte de pasajeros por carretera;0;0;0;0;0;0;0;0;0;0;0;0;0;0;0;*;0;0;*;;;;;;;;;;;;;;;;;;;
;Transporte de pasajeros por agua;0;0;0;0;0;0;0;0;0;0;0;0;0;0;0;0;0;0;0;;;;;;;;;;;;;;;;;;;
;Transporte aéreo de pasajeros;0;0;0;0;0;0;0;0;0;0;0;0;0;0;0;0;0;0;0;;;;;;;;;;;;;;;;;;;
;Alquiler de equipos de transporte;0;0;0;0;0;0;0;0;0;0;0;0;0;0;0;0;0;0;0;;;;;;;;;;;;;;;;;;;
;Actividades de agencias de viajes y de otros servicios de reservas;0;0;0;0;0;0;0;0;0;0;0;0;*;*;*;*;*;*;*;;;;;;;;;;;;;;;;;;;
;Actividades culturales;0;0;0;0;0;0;0;0;0;0;*;*;*;0;0;0;0;0;*;;;;;;;;;;;;;;;;;;;
;Actividades deportivas y recreativas;*;*;*;*;*;*;*;0;0;0;0;0;0;0;0;*;*;*;*;;;;;;;;;;;;;;;;;;;
;Comercio al por menor de bienes característicos del turismo;0;0;0;0;*;*;*;0;0;0;*;0;0;*;*;*;*;*;*;;;;;;;;;;;;;;;;;;;
;Actividades relacionadas con segundos hogares y multipropiedades;0;0;0;0;0;0;0;0;0;0;0;0;0;0;0;*;*;*;*;;;;;;;;;;;;;;;;;;;
11201;Aisén;44.417;42.697;66.170;108.140;99.454;113.010;99.243;154.310;97.095;131.674;402.652;467.246;748.802;466.010;391.163;294.453;384.978;505.338;495.395;;-3,90%;55,00%;63,40%;-8,00%;13,60%;-12,20%;55,50%;-37,10%;35,60%;205,80%;16,00%;60,30%;-37,80%;-16,10%;-24,70%;30,70%;31,30%;-2,00%
;Alojamiento turístico;0;3.533;9.430;36.523;20.660;37.908;22.905;41.210;53.091;50.839;71.585;68.114;95.839;51.377;75.110;36.577;51.428;103.555;74.762;;;166,90%;287,30%;-43,40%;83,50%;-39,60%;79,90%;28,80%;-4,20%;40,80%;-4,80%;40,70%;-46,40%;46,20%;-51,30%;40,60%;101,40%;-27,80%
;Actividades de provisión de alimentos y bebidas;33.078;30.359;23.500;23.562;25.071;32.153;19.756;21.515;21.900;37.218;70.816;60.259;109.857;125.716;107.933;87.485;112.570;122.018;144.657;;-8,20%;-22,60%;0,30%;6,40%;28,20%;-38,60%;8,90%;1,80%;69,90%;90,30%;-14,90%;82,30%;14,40%;-14,10%;-18,90%;28,70%;8,40%;18,60%
;Transporte de pasajeros por ferrocarril;0;0;0;0;*;*;*;*;*;0;0;0;0;0;0;0;0;0;0;;;;;;;;;;;;;;;;;;;
;Transporte de pasajeros por carretera;11.339;8.805;33.239;48.055;53.723;42.949;56.583;91.585;22.104;22.498;38.417;15.462;51.850;71.813;69.038;49.710;50.774;90.473;85.461;;-22,30%;277,50%;44,60%;11,80%;-20,10%;31,70%;61,90%;-75,90%;1,80%;70,80%;-59,80%;235,30%;38,50%;-3,90%;-28,00%;2,10%;78,20%;-5,50%
;Transporte de pasajeros por agua;*;*;*;*;*;*;*;*;*;*;63.679;82.497;87.372;129.297;103.062;90.957;121.578;141.668;110.090;;;;;;;;;;;;29,60%;5,90%;48,00%;-20,30%;-11,70%;33,70%;16,50%;-22,30%
;Transporte aéreo de pasajeros;*;*;*;*;*;*;*;*;*;*;0;0;0;0;0;0;0;0;0;;;;;;;;;;;;;;;;;;;
;Alquiler de equipos de transporte;*;*;0;*;*;*;*;*;*;*;74.379;50.170;45.021;*;*;*;*;*;13.325;;;;;;;;;;;;-32,50%;-10,30%;;;;;;
;Actividades de agencias de viajes y de otros servicios de reservas;*;*;*;*;*;0;0;0;*;*;*;27.669;31.839;7.433;4.581;3.621;7.785;5.856;0;;;;;;;;;;;;;15,10%;-76,70%;-38,40%;-20,90%;115,00%;-24,80%;-100,00%
;Actividades culturales;*;0;0;0;0;0;0;0;0;0;*;*;*;*;*;*;*;*;*;;;;;;;;;;;;;;;;;;;
;Actividades deportivas y recreativas;*;*;*;*;*;*;*;*;*;*;0;0;0;0;0;*;0;0;0;;;;;;;;;;;;;;;;;;;
;Comercio al por menor de bienes característicos del turismo;*;*;*;*;*;*;*;*;*;*;*;27.431;25.515;27.082;3.302;*;7.230;8.181;5.588;;;;;;;;;;;;;-7,00%;6,10%;-87,80%;;;13,20%;-31,70%
;Actividades relacionadas con segundos hogares y multipropiedades;*;*;*;*;*;0;0;0;0;21.119;83.776;135.644;301.509;53.293;28.137;26.102;33.614;33.587;61.511;;;;;;;;;;;296,70%;61,90%;122,30%;-82,30%;-47,20%;-7,20%;28,80%;-0,10%;83,10%
11202;Cisnes;14.338;7.841;20.085;21.168;16.580;10.825;22.984;15.634;41.286;32.477;54.860;70.347;117.517;83.806;69.715;73.753;85.100;97.135;102.862;;-45,30%;156,10%;5,40%;-21,70%;-34,70%;112,30%;-32,00%;164,10%;-21,30%;68,90%;28,20%;67,10%;-28,70%;-16,80%;5,80%;15,40%;14,10%;5,90%
;Alojamiento turístico;7.658;7.841;14.626;21.168;16.580;10.825;17.915;10.535;35.830;26.880;44.101;38.495;61.436;48.604;39.495;54.224;45.923;45.596;45.975;;2,40%;86,50%;44,70%;-21,70%;-34,70%;65,50%;-41,20%;240,10%;-25,00%;64,10%;-12,70%;59,60%;-20,90%;-18,70%;37,30%;-15,30%;-0,70%;0,80%
;Actividades de provisión de alimentos y bebidas;6.680;0;5.459;0;0;*;5.069;5.099;5.455;5.597;10.758;18.500;20.793;24.692;25.480;19.529;35.941;51.539;56.887;;-100,00%;;-100,00%;;;;0,60%;7,00%;2,60%;92,20%;72,00%;12,40%;18,80%;3,20%;-23,40%;84,00%;43,40%;10,40%
;Transporte de pasajeros por ferrocarril;0;0;0;0;0;0;0;0;0;0;0;0;0;0;0;0;0;0;0;;;;;;;;;;;;;;;;;;;
;Transporte de pasajeros por carretera;*;*;*;*;*;*;*;*;*;*;0;0;0;0;0;0;0;0;0;;;;;;;;;;;;;;;;;;;
;Transporte de pasajeros por agua;*;*;*;*;*;*;*;0;*;*;*;*;*;0;0;*;0;*;*;;;;;;;;;;;;;;;;;;;
;Transporte aéreo de pasajeros;0;0;0;*;0;0;0;0;0;0;0;0;0;0;0;0;0;0;0;;;;;;;;;;;;;;;;;;;
;Alquiler de equipos de transporte;0;*;*;0;*;*;*;*;*;*;*;*;*;*;*;*;*;*;*;;;;;;;;;;;;;;;;;;;
;Actividades de agencias de viajes y de otros servicios de reservas;0;*;0;*;0;0;0;*;*;*;*;*;*;*;*;*;*;0;0;;;;;;;;;;;;;;;;;;;
;Actividades culturales;0;0;0;0;0;0;0;0;0;0;*;*;*;0;*;*;*;*;*;;;;;;;;;;;;;;;;;;;
;Actividades deportivas y recreativas;*;*;*;*;*;*;0;*;*;0;*;*;*;*;*;*;*;*;*;;;;;;;;;;;;;;;;;;;
;Comercio al por menor de bienes característicos del turismo;0;0;0;*;*;*;*;*;*;*;*;*;*;*;*;*;*;*;*;;;;;;;;;;;;;;;;;;;
;Actividades relacionadas con segundos hogares y multipropiedades;0;0;0;0;0;0;0;*;*;*;*;13.352;35.288;10.509;4.740;0;3.236;0;0;;;;;;;;;;;;;164,30%;-70,20%;-54,90%;-100,00%;;-100,00%;
11203;Guaitecas;*;*;*;*;*;*;0;11.974;13.979;16.185;5.163;0;4.951;8.464;0;0;0;9.448;12.327;;;;;;;;;16,70%;15,80%;-68,10%;-100,00%;;71,00%;-100,00%;;;;30,50%
;Alojamiento turístico;0;0;*;*;*;*;*;11.974;13.979;16.185;5.163;0;4.951;8.464;*;*;0;9.448;12.327;;;;;;;;;16,70%;15,80%;-68,10%;-100,00%;;71,00%;;;;;30,50%
;Actividades de provisión de alimentos y bebidas;*;0;*;*;*;*;*;*;*;*;*;*;*;*;*;*;*;*;*;;;;;;;;;;;;;;;;;;;
;Transporte de pasajeros por ferrocarril;0;0;0;0;0;0;0;0;0;0;0;0;0;0;0;0;0;0;0;;;;;;;;;;;;;;;;;;;
;Transporte de pasajeros por carretera;0;*;*;*;*;0;0;*;*;*;*;*;*;*;*;*;*;*;*;;;;;;;;;;;;;;;;;;;
;Transporte de pasajeros por agua;0;0;0;0;*;*;*;*;*;*;*;*;*;*;*;*;*;*;*;;;;;;;;;;;;;;;;;;;
;Transporte aéreo de pasajeros;0;0;0;0;0;0;0;0;0;0;0;0;0;0;0;0;0;0;0;;;;;;;;;;;;;;;;;;;
;Alquiler de equipos de transporte;*;*;0;0;0;0;0;0;0;0;*;*;*;0;0;0;0;0;0;;;;;;;;;;;;;;;;;;;
;Actividades de agencias de viajes y de otros servicios de reservas;0;0;*;0;0;0;0;0;0;0;0;0;0;0;0;0;0;0;0;;;;;;;;;;;;;;;;;;;
;Actividades culturales;0;0;0;0;0;0;0;0;0;0;0;0;0;0;0;0;0;0;0;;;;;;;;;;;;;;;;;;;
;Actividades deportivas y recreativas;0;0;0;0;0;0;0;0;0;0;*;*;*;*;*;0;0;0;0;;;;;;;;;;;;;;;;;;;
;Comercio al por menor de bienes característicos del turismo;0;0;0;0;0;0;0;0;0;0;0;0;0;0;0;0;0;0;0;;;;;;;;;;;;;;;;;;;
;Actividades relacionadas con segundos hogares y multipropiedades;0;0;0;0;0;0;0;0;0;0;0;0;0;0;0;*;*;0;0;;;;;;;;;;;;;;;;;;;
11301;Cochrane;0;0;0;0;0;0;7.047;5.944;4.279;3.788;44.433;73.265;71.792;45.316;31.199;21.382;24.813;42.857;34.989;;;;;;;;-15,60%;-28,00%;-11,50%;1073,10%;64,90%;-2,00%;-36,90%;-31,20%;-31,50%;16,00%;72,70%;-18,40%
;Alojamiento turístico;*;*;0;0;0;0;7.047;5.944;4.279;3.788;44.433;55.702;56.752;24.895;7.218;5.616;3.628;7.731;7.286;;;;;;;;-15,60%;-28,00%;-11,50%;1073,10%;25,40%;1,90%;-56,10%;-71,00%;-22,20%;-35,40%;113,10%;-5,80%
;Actividades de provisión de alimentos y bebidas;*;*;*;*;*;*;0;*;*;*;*;17.563;15.040;18.792;21.533;11.565;18.041;27.886;24.101;;;;;;;;;;;;;-14,40%;24,90%;14,60%;-46,30%;56,00%;54,60%;-13,60%
;Transporte de pasajeros por ferrocarril;0;0;0;0;0;0;0;0;0;0;0;0;0;0;0;0;0;0;0;;;;;;;;;;;;;;;;;;;
;Transporte de pasajeros por carretera;*;*;*;*;*;*;*;*;*;*;*;0;0;0;*;*;*;*;*;;;;;;;;;;;;;;;;;;;
;Transporte de pasajeros por agua;0;0;0;0;0;0;0;0;0;*;0;*;*;*;*;0;0;*;*;;;;;;;;;;;;;;;;;;;
;Transporte aéreo de pasajeros;0;0;0;0;0;0;0;0;0;0;0;0;0;0;0;0;0;0;0;;;;;;;;;;;;;;;;;;;
;Alquiler de equipos de transporte;0;0;*;0;0;0;0;0;0;0;*;*;*;*;0;0;0;0;0;;;;;;;;;;;;;;;;;;;
;Actividades de agencias de viajes y de otros servicios de reservas;*;0;0;0;0;*;0;*;*;*;*;*;*;0;*;*;*;0;0;;;;;;;;;;;;;;;;;;;
;Actividades culturales;0;0;0;0;0;0;0;0;0;0;0;0;0;0;0;0;0;0;0;;;;;;;;;;;;;;;;;;;
;Actividades deportivas y recreativas;*;*;*;*;*;*;*;*;*;*;*;*;*;*;*;*;*;*;*;;;;;;;;;;;;;;;;;;;
;Comercio al por menor de bienes característicos del turismo;*;*;*;*;0;*;*;*;*;*;*;*;*;*;*;*;*;*;*;;;;;;;;;;;;;;;;;;;
;Actividades relacionadas con segundos hogares y multipropiedades;*;*;*;*;*;*;*;*;*;*;0;0;0;1.629;2.448;4.202;3.145;7.240;3.602;;;;;;;;;;;;;;;50,30%;71,60%;-25,20%;130,20%;-50,30%
11302;OHiggins;*;*;*;*;*;*;*;*;0;0;0;0;0;0;0;0;0;4.304;0;;;;;;;;;;;;;;;;;;;-100,00%
;Alojamiento turístico;*;*;*;*;*;*;*;*;*;*;0;*;*;*;0;*;0;0;0;;;;;;;;;;;;;;;;;;;
;Actividades de provisión de alimentos y bebidas;*;*;*;*;0;0;0;*;*;0;*;*;*;*;*;*;*;4.304;*;;;;;;;;;;;;;;;;;;;
;Transporte de pasajeros por ferrocarril;0;0;0;0;0;0;0;0;0;0;0;0;0;0;0;0;0;0;0;;;;;;;;;;;;;;;;;;;
;Transporte de pasajeros por carretera;0;0;0;*;*;*;*;*;*;*;*;*;*;*;*;0;0;*;0;;;;;;;;;;;;;;;;;;;
;Transporte de pasajeros por agua;0;0;*;0;0;0;*;*;*;*;*;*;*;*;*;*;*;*;*;;;;;;;;;;;;;;;;;;;
;Transporte aéreo de pasajeros;0;0;0;0;0;0;0;0;0;0;0;0;0;0;0;0;0;0;0;;;;;;;;;;;;;;;;;;;
;Alquiler de equipos de transporte;0;0;0;0;0;0;0;0;0;0;0;0;*;0;0;0;0;0;0;;;;;;;;;;;;;;;;;;;
;Actividades de agencias de viajes y de otros servicios de reservas;*;*;*;*;*;*;*;*;*;*;*;*;*;*;*;*;*;*;*;;;;;;;;;;;;;;;;;;;
;Actividades culturales;0;0;0;0;0;0;0;0;0;0;0;0;*;0;0;0;0;*;0;;;;;;;;;;;;;;;;;;;
;Actividades deportivas y recreativas;0;*;0;0;0;0;*;0;0;0;0;0;0;0;0;0;0;*;*;;;;;;;;;;;;;;;;;;;
;Comercio al por menor de bienes característicos del turismo;0;0;0;0;0;0;0;0;*;*;*;*;*;*;*;*;*;*;*;;;;;;;;;;;;;;;;;;;
;Actividades relacionadas con segundos hogares y multipropiedades;0;0;0;0;0;0;0;0;0;0;*;*;*;*;*;*;*;0;*;;;;;;;;;;;;;;;;;;;
11303;Tortel;*;*;*;*;*;*;*;*;*;*;0;0;0;0;0;0;0;1.184;0;;;;;;;;;;;;;;;;;;;-100,00%
;Alojamiento turístico;*;*;*;*;*;*;*;*;*;*;*;*;*;*;0;0;0;0;0;;;;;;;;;;;;;;;;;;;
;Actividades de provisión de alimentos y bebidas;*;*;*;*;*;0;0;0;0;*;*;*;*;0;*;*;*;1.184;*;;;;;;;;;;;;;;;;;;;
;Transporte de pasajeros por ferrocarril;0;0;0;0;0;0;0;0;0;0;0;0;0;0;0;0;0;0;0;;;;;;;;;;;;;;;;;;;
;Transporte de pasajeros por carretera;0;0;0;0;0;*;*;*;0;0;*;*;*;*;*;*;*;*;*;;;;;;;;;;;;;;;;;;;
;Transporte de pasajeros por agua;0;*;0;0;0;0;*;*;0;0;*;*;*;*;*;*;*;*;*;;;;;;;;;;;;;;;;;;;
;Transporte aéreo de pasajeros;0;0;0;0;0;0;0;0;0;0;0;0;0;0;0;0;0;0;0;;;;;;;;;;;;;;;;;;;
;Alquiler de equipos de transporte;0;0;0;0;0;0;0;0;0;0;0;*;*;*;0;0;0;0;0;;;;;;;;;;;;;;;;;;;
;Actividades de agencias de viajes y de otros servicios de reservas;0;0;0;0;0;0;0;*;*;*;*;*;*;*;*;*;*;*;*;;;;;;;;;;;;;;;;;;;
;Actividades culturales;0;0;0;0;0;0;0;0;0;0;0;0;*;0;0;0;*;0;0;;;;;;;;;;;;;;;;;;;
;Actividades deportivas y recreativas;0;0;0;0;0;0;0;0;0;0;0;0;0;0;0;0;*;0;0;;;;;;;;;;;;;;;;;;;
;Comercio al por menor de bienes característicos del turismo;*;*;0;0;0;0;*;*;*;*;0;*;*;0;0;*;*;*;*;;;;;;;;;;;;;;;;;;;
;Actividades relacionadas con segundos hogares y multipropiedades;0;0;0;0;0;0;*;0;0;0;*;*;*;*;*;*;*;*;*;;;;;;;;;;;;;;;;;;;
11401;Chile Chico;5.679;6.502;3.472;16.801;16.283;8.755;20.360;26.185;34.611;8.198;35.008;33.109;54.552;57.630;62.432;40.955;67.542;78.332;99.542;;14,50%;-46,60%;383,90%;-3,10%;-46,20%;132,50%;28,60%;32,20%;-76,30%;327,00%;-5,40%;64,80%;5,60%;8,30%;-34,40%;64,90%;16,00%;27,10%
;Alojamiento turístico;*;0;0;12.460;13.574;6.966;20.360;22.773;34.611;5.773;11.749;14.081;11.382;32.427;33.820;26.511;45.267;40.831;70.153;;;;;8,90%;-48,70%;192,30%;11,90%;52,00%;-83,30%;103,50%;19,80%;-19,20%;184,90%;4,30%;-21,60%;70,70%;-9,80%;71,80%
;Actividades de provisión de alimentos y bebidas;5.679;6.502;3.472;4.341;2.709;1.789;0;3.412;0;2.425;23.259;14.621;17.750;15.801;20.213;11.705;17.486;17.697;23.556;;14,50%;-46,60%;25,00%;-37,60%;-34,00%;-100,00%;;-100,00%;;859,00%;-37,10%;21,40%;-11,00%;27,90%;-42,10%;49,40%;1,20%;33,10%
;Transporte de pasajeros por ferrocarril;0;0;0;0;0;0;0;0;0;0;0;0;0;0;0;0;0;0;0;;;;;;;;;;;;;;;;;;;
;Transporte de pasajeros por carretera;*;*;*;*;*;*;*;*;0;0;0;0;0;0;0;0;0;14.134;0;;;;;;;;;;;;;;;;;;;-100,00%
;Transporte de pasajeros por agua;0;0;0;0;0;0;0;0;0;0;*;*;*;*;*;*;*;*;*;;;;;;;;;;;;;;;;;;;
;Transporte aéreo de pasajeros;0;0;0;0;0;0;0;0;0;0;0;0;0;0;0;0;0;0;0;;;;;;;;;;;;;;;;;;;
;Alquiler de equipos de transporte;*;*;*;*;*;*;*;0;0;0;*;*;*;*;*;*;*;0;0;;;;;;;;;;;;;;;;;;;
;Actividades de agencias de viajes y de otros servicios de reservas;*;*;*;*;*;*;*;*;*;*;*;4.408;7.335;3.727;1.072;*;*;0;609;;;;;;;;;;;;;66,40%;-49,20%;-71,20%;;;;
;Actividades culturales;0;0;0;0;0;0;0;0;0;0;0;0;0;0;*;*;*;*;*;;;;;;;;;;;;;;;;;;;
;Actividades deportivas y recreativas;*;0;*;*;*;0;*;*;*;*;*;*;*;*;*;*;*;*;*;;;;;;;;;;;;;;;;;;;
;Comercio al por menor de bienes característicos del turismo;*;*;*;*;*;*;*;*;*;*;*;*;*;*;*;*;*;*;*;;;;;;;;;;;;;;;;;;;
;Actividades relacionadas con segundos hogares y multipropiedades;0;0;0;0;*;0;0;0;0;*;*;0;18.085;5.675;7.327;2.739;4.789;5.670;5.223;;;;;;;;;;;;;;-68,60%;29,10%;-62,60%;74,90%;18,40%;-7,90%
11402;Río Ibáñez;0;0;0;0;0;0;0;0;0;7.631;26.621;43.436;52.987;66.341;71.582;52.279;72.244;121.825;115.139;;;;;;;;;;;248,80%;63,20%;22,00%;25,20%;7,90%;-27,00%;38,20%;68,60%;-5,50%
;Alojamiento turístico;0;0;0;0;0;0;0;0;0;7.631;15.477;17.892;26.693;24.283;26.719;18.578;18.509;14.861;25.124;;;;;;;;;;;102,80%;15,60%;49,20%;-9,00%;10,00%;-30,50%;-0,40%;-19,70%;69,10%
;Actividades de provisión de alimentos y bebidas;*;*;*;*;*;*;*;*;*;*;5.495;14.553;14.410;24.414;24.013;18.959;33.093;51.709;40.097;;;;;;;;;;;;164,90%;-1,00%;69,40%;-1,60%;-21,00%;74,60%;56,30%;-22,50%
;Transporte de pasajeros por ferrocarril;0;0;0;0;0;0;0;0;0;0;0;0;0;0;0;0;0;0;0;;;;;;;;;;;;;;;;;;;
;Transporte de pasajeros por carretera;0;0;*;*;*;*;*;*;*;*;0;0;0;0;0;0;0;0;*;;;;;;;;;;;;;;;;;;;
;Transporte de pasajeros por agua;0;0;0;0;0;0;0;*;*;*;*;*;*;*;*;*;*;0;*;;;;;;;;;;;;;;;;;;;
;Transporte aéreo de pasajeros;0;0;0;0;0;0;0;0;0;0;0;0;0;0;0;0;0;0;0;;;;;;;;;;;;;;;;;;;
;Alquiler de equipos de transporte;0;0;0;0;0;0;0;0;0;0;*;*;*;*;*;0;*;0;0;;;;;;;;;;;;;;;;;;;
;Actividades de agencias de viajes y de otros servicios de reservas;*;*;*;*;*;*;*;*;*;*;5.649;10.991;11.884;12.617;20.850;12.906;20.642;36.389;37.901;;;;;;;;;;;;94,60%;8,10%;6,20%;65,30%;-38,10%;59,90%;76,30%;4,20%
;Actividades culturales;0;0;0;0;0;0;0;0;0;0;0;0;0;*;*;*;*;*;*;;;;;;;;;;;;;;;;;;;
;Actividades deportivas y recreativas;0;0;0;0;0;0;0;*;*;*;*;*;*;*;*;*;*;0;0;;;;;;;;;;;;;;;;;;;
;Comercio al por menor de bienes característicos del turismo;*;*;0;*;*;*;*;*;*;*;*;*;*;2.253;*;1.115;*;*;*;;;;;;;;;;;;;;;;;;;
;Actividades relacionadas con segundos hogares y multipropiedades;0;*;0;0;0;*;*;*;*;*;0;0;0;2.774;0;721;0;18.865;12.017;;;;;;;;;;;;;;;-100,00%;;-100,00%;;-36,30%
Región de Magallanes y de la Antártica Chilena;;2.115.812;2.416.923;2.647.048;2.904.889;3.312.458;3.419.397;3.737.387;4.312.051;5.287.751;4.205.012;6.878.029;7.488.480;7.996.979;9.382.069;9.991.479;5.728.467;5.604.331;8.656.350;12.821.558;;14,20%;9,50%;9,70%;14,00%;3,20%;9,30%;15,40%;22,60%;-20,50%;63,60%;8,90%;6,80%;17,30%;6,50%;-42,70%;-2,20%;54,50%;48,10%
12101;Punta Arenas;1.842.829;2.093.810;2.324.189;2.504.412;2.830.774;2.855.597;3.098.268;3.766.419;4.703.563;3.520.167;5.748.802;5.939.047;5.701.668;6.810.073;7.198.214;3.952.984;4.338.907;5.994.136;10.051.420;;13,60%;11,00%;7,80%;13,00%;0,90%;8,50%;21,60%;24,90%;-25,20%;63,30%;3,30%;-4,00%;19,40%;5,70%;-45,10%;9,80%;38,10%;67,70%
;Alojamiento turístico;531.025;624.925;861.110;852.330;808.678;792.355;714.916;1.232.319;1.399.988;1.469.575;665.929;728.861;1.277.291;2.817.269;2.494.916;1.118.735;794.539;1.490.828;3.296.271;;17,70%;37,80%;-1,00%;-5,10%;-2,00%;-9,80%;72,40%;13,60%;5,00%;-54,70%;9,50%;75,20%;120,60%;-11,40%;-55,20%;-29,00%;87,60%;121,10%
;Actividades de provisión de alimentos y bebidas;512.061;559.946;560.698;539.896;924.498;1.140.872;659.853;679.993;722.234;746.766;1.767.724;1.739.323;1.074.931;1.284.269;1.351.251;658.786;1.089.243;1.413.032;1.475.150;;9,40%;0,10%;-3,70%;71,20%;23,40%;-42,20%;3,10%;6,20%;3,40%;136,70%;-1,60%;-38,20%;19,50%;5,20%;-51,20%;65,30%;29,70%;4,40%
;Transporte de pasajeros por ferrocarril;0;0;0;0;0;0;0;0;0;0;*;*;*;0;0;0;0;0;0;;;;;;;;;;;;;;;;;;;
;Transporte de pasajeros por carretera;128.171;147.412;230.866;276.238;213.243;242.174;280.069;345.813;432.936;503.124;1.029.582;717.387;408.695;576.804;600.826;348.828;444.395;646.246;560.654;;15,00%;56,60%;19,70%;-22,80%;13,60%;15,60%;23,50%;25,20%;16,20%;104,60%;-30,30%;-43,00%;41,10%;4,20%;-41,90%;27,40%;45,40%;-13,20%
;Transporte de pasajeros por agua;*;*;*;*;0;0;633.276;850.383;1.365.117;0;576.577;0;0;36.290;978.405;383.539;0;0;883.775;;;;;;;;34,30%;60,50%;-100,00%;;-100,00%;;;2596,00%;-60,80%;-100,00%;;
;Transporte aéreo de pasajeros;*;*;*;*;*;*;*;*;*;*;*;*;*;*;*;*;*;*;*;;;;;;;;;;;;;;;;;;;
;Alquiler de equipos de transporte;109.834;167.280;69.057;53.302;64.452;60.292;83.910;73.756;78.655;60.816;229.464;364.880;476.038;382.364;371.781;316.187;343.513;364.813;371.667;;52,30%;-58,70%;-22,80%;20,90%;-6,50%;39,20%;-12,10%;6,60%;-22,70%;277,30%;59,00%;30,50%;-19,70%;-2,80%;-15,00%;8,60%;6,20%;1,90%
;Actividades de agencias de viajes y de otros servicios de reservas;261.110;187.041;237.615;247.054;248.211;155.180;217.662;213.649;291.815;90.338;482.963;521.018;462.087;236.425;193.124;68.009;47.396;116.749;150.540;;-28,40%;27,00%;4,00%;0,50%;-37,50%;40,30%;-1,80%;36,60%;-69,00%;434,60%;7,90%;-11,30%;-48,80%;-18,30%;-64,80%;-30,30%;146,30%;28,90%
;Actividades culturales;*;*;*;*;*;*;*;*;*;*;14.087;17.934;28.218;55.906;61.689;18.839;21.154;94.504;106.415;;;;;;;;;;;;27,30%;57,30%;98,10%;10,30%;-69,50%;12,30%;346,70%;12,60%
;Actividades deportivas y recreativas;0;3.069;0;15.866;3.665;1.761;0;0;18.761;5.992;29.304;26.601;27.008;25.794;19.132;3.707;11.837;20.244;31.437;;;-100,00%;;-76,90%;-51,90%;-100,00%;;;-68,10%;389,00%;-9,20%;1,50%;-4,50%;-25,80%;-80,60%;219,30%;71,00%;55,30%
;Comercio al por menor de bienes característicos del turismo;30.350;73.635;36.181;45.263;65.983;61.495;48.522;89.155;103.108;129.915;143.988;148.923;149.391;75.964;69.478;35.922;55.811;67.689;83.366;;142,60%;-50,90%;25,10%;45,80%;-6,80%;-21,10%;83,70%;15,70%;26,00%;10,80%;3,40%;0,30%;-49,20%;-8,50%;-48,30%;55,40%;21,30%;23,20%
;Actividades relacionadas con segundos hogares y multipropiedades;270.279;330.501;328.662;474.462;502.043;401.466;460.060;281.351;290.950;513.641;809.185;1.674.119;1.798.009;1.318.986;1.057.613;1.000.432;1.531.018;1.780.031;3.092.145;;22,30%;-0,60%;44,40%;5,80%;-20,00%;14,60%;-38,80%;3,40%;76,50%;57,50%;106,90%;7,40%;-26,60%;-19,80%;-5,40%;53,00%;16,30%;73,70%
12102;Laguna Blanca;*;*;*;*;*;*;*;*;*;*;*;*;*;*;*;*;*;*;*;;;;;;;;;;;;;;;;;;;
;Alojamiento turístico;*;*;*;*;*;*;*;*;*;*;*;*;*;*;*;*;*;*;*;;;;;;;;;;;;;;;;;;;
;Actividades de provisión de alimentos y bebidas;0;0;0;0;0;*;*;*;*;*;*;*;*;*;*;*;*;*;*;;;;;;;;;;;;;;;;;;;
;Transporte de pasajeros por ferrocarril;0;0;0;0;0;0;0;0;0;0;0;0;0;0;0;0;0;0;0;;;;;;;;;;;;;;;;;;;
;Transporte de pasajeros por carretera;0;0;0;0;0;0;0;0;0;0;0;0;0;0;0;0;0;0;0;;;;;;;;;;;;;;;;;;;
;Transporte de pasajeros por agua;0;0;0;0;0;0;0;0;0;0;0;0;0;0;0;0;0;0;0;;;;;;;;;;;;;;;;;;;
;Transporte aéreo de pasajeros;0;0;0;0;0;0;0;0;0;0;0;0;0;0;0;0;0;0;0;;;;;;;;;;;;;;;;;;;
;Alquiler de equipos de transporte;0;0;0;0;0;0;0;0;0;0;0;0;0;0;0;0;0;0;0;;;;;;;;;;;;;;;;;;;
;Actividades de agencias de viajes y de otros servicios de reservas;0;0;0;0;0;0;0;0;0;0;0;0;0;0;0;0;0;0;0;;;;;;;;;;;;;;;;;;;
;Actividades culturales;0;0;0;0;0;0;0;0;0;0;0;0;0;0;0;0;0;0;0;;;;;;;;;;;;;;;;;;;
;Actividades deportivas y recreativas;0;0;0;0;0;0;0;0;0;0;0;0;0;0;0;0;0;0;0;;;;;;;;;;;;;;;;;;;
;Comercio al por menor de bienes característicos del turismo;*;*;*;*;0;0;0;0;0;0;0;0;0;*;*;0;*;*;0;;;;;;;;;;;;;;;;;;;
;Actividades relacionadas con segundos hogares y multipropiedades;0;0;0;0;0;0;0;0;0;0;0;0;0;0;0;0;0;0;0;;;;;;;;;;;;;;;;;;;
12103;Río Verde;*;*;*;*;*;0;0;*;*;*;*;*;*;*;*;0;0;*;*;;;;;;;;;;;;;;;;;;;
;Alojamiento turístico;*;0;0;0;0;0;0;*;*;*;*;*;*;*;*;0;0;0;0;;;;;;;;;;;;;;;;;;;
;Actividades de provisión de alimentos y bebidas;0;0;0;0;0;0;0;0;0;0;0;0;0;0;0;0;0;0;0;;;;;;;;;;;;;;;;;;;
;Transporte de pasajeros por ferrocarril;0;0;0;0;0;0;0;0;0;0;0;0;0;0;0;0;0;0;0;;;;;;;;;;;;;;;;;;;
;Transporte de pasajeros por carretera;0;0;0;0;0;0;0;0;0;0;0;0;0;0;0;0;0;0;0;;;;;;;;;;;;;;;;;;;
;Transporte de pasajeros por agua;0;0;0;0;0;0;0;0;0;0;0;0;0;0;0;0;0;0;0;;;;;;;;;;;;;;;;;;;
;Transporte aéreo de pasajeros;0;0;0;0;0;0;0;0;0;0;0;0;0;0;0;0;0;0;0;;;;;;;;;;;;;;;;;;;
;Alquiler de equipos de transporte;0;0;0;0;0;0;0;0;0;0;0;0;0;0;0;0;0;0;0;;;;;;;;;;;;;;;;;;;
;Actividades de agencias de viajes y de otros servicios de reservas;0;0;0;0;0;0;0;0;0;0;0;0;0;0;0;0;0;0;0;;;;;;;;;;;;;;;;;;;
;Actividades culturales;0;0;0;0;0;0;0;0;0;0;0;0;0;0;0;0;0;0;0;;;;;;;;;;;;;;;;;;;
;Actividades deportivas y recreativas;0;0;0;0;0;0;0;0;0;0;0;0;0;0;0;0;0;0;0;;;;;;;;;;;;;;;;;;;
;Comercio al por menor de bienes característicos del turismo;*;*;*;*;*;0;0;0;0;0;0;0;0;0;0;0;0;0;0;;;;;;;;;;;;;;;;;;;
;Actividades relacionadas con segundos hogares y multipropiedades;0;0;0;0;0;0;0;0;0;0;0;0;0;0;0;0;0;*;*;;;;;;;;;;;;;;;;;;;
12104;San Gregorio;*;*;*;*;*;*;*;*;*;*;*;*;*;*;*;*;0;*;*;;;;;;;;;;;;;;;;;;;
;Alojamiento turístico;0;0;*;*;*;*;*;*;*;*;*;*;*;*;*;*;*;*;*;;;;;;;;;;;;;;;;;;;
;Actividades de provisión de alimentos y bebidas;*;*;*;0;*;0;0;0;0;0;*;*;*;*;*;*;*;*;*;;;;;;;;;;;;;;;;;;;
;Transporte de pasajeros por ferrocarril;0;0;0;0;0;0;0;0;0;0;0;0;0;0;0;0;0;0;0;;;;;;;;;;;;;;;;;;;
;Transporte de pasajeros por carretera;0;*;0;0;0;0;0;0;0;0;0;0;0;0;0;0;0;0;0;;;;;;;;;;;;;;;;;;;
;Transporte de pasajeros por agua;0;0;0;0;0;0;0;0;0;0;0;0;0;0;0;0;0;0;0;;;;;;;;;;;;;;;;;;;
;Transporte aéreo de pasajeros;0;0;0;0;0;0;0;0;0;0;0;0;0;0;0;0;0;0;0;;;;;;;;;;;;;;;;;;;
;Alquiler de equipos de transporte;0;0;0;0;0;0;0;0;0;0;0;*;*;0;0;0;0;0;0;;;;;;;;;;;;;;;;;;;
;Actividades de agencias de viajes y de otros servicios de reservas;0;0;0;0;0;0;0;0;0;0;0;0;0;0;0;0;0;0;0;;;;;;;;;;;;;;;;;;;
;Actividades culturales;0;0;0;0;0;0;0;0;0;0;0;0;0;0;0;0;0;0;0;;;;;;;;;;;;;;;;;;;
;Actividades deportivas y recreativas;0;0;0;0;0;0;0;0;0;0;0;0;0;0;0;0;0;0;0;;;;;;;;;;;;;;;;;;;
;Comercio al por menor de bienes característicos del turismo;0;0;0;0;0;0;0;0;0;0;0;0;0;0;0;0;0;0;0;;;;;;;;;;;;;;;;;;;
;Actividades relacionadas con segundos hogares y multipropiedades;0;0;0;0;*;*;*;0;0;0;0;0;*;*;*;0;0;0;0;;;;;;;;;;;;;;;;;;;
12201;Cabo de Hornos;0;0;0;0;0;0;0;0;0;0;0;0;0;0;0;0;15.427;0;20.882;;;;;;;;;;;;;;;;;;-100,00%;
;Alojamiento turístico;*;*;*;*;*;*;*;0;0;0;0;0;0;0;0;0;0;0;0;;;;;;;;;;;;;;;;;;;
;Actividades de provisión de alimentos y bebidas;*;*;*;*;*;*;*;*;*;*;*;*;*;*;*;0;15.427;0;20.882;;;;;;;;;;;;;;;;;;-100,00%;
;Transporte de pasajeros por ferrocarril;0;0;0;0;0;0;0;0;0;0;0;0;0;0;0;0;0;0;0;;;;;;;;;;;;;;;;;;;
;Transporte de pasajeros por carretera;*;0;*;*;0;*;*;*;*;*;*;*;*;*;*;*;*;*;*;;;;;;;;;;;;;;;;;;;
;Transporte de pasajeros por agua;0;*;*;*;*;*;*;*;*;*;0;*;*;*;*;*;*;*;*;;;;;;;;;;;;;;;;;;;
;Transporte aéreo de pasajeros;0;0;0;0;0;0;0;0;0;0;0;0;0;0;0;0;0;0;0;;;;;;;;;;;;;;;;;;;
;Alquiler de equipos de transporte;*;0;0;0;0;0;0;0;0;0;0;0;0;*;*;*;*;*;*;;;;;;;;;;;;;;;;;;;
;Actividades de agencias de viajes y de otros servicios de reservas;*;0;0;*;*;*;*;*;0;*;*;*;*;*;*;*;*;*;*;;;;;;;;;;;;;;;;;;;
;Actividades culturales;0;0;0;0;0;0;0;0;0;0;0;*;*;0;*;*;*;*;0;;;;;;;;;;;;;;;;;;;
;Actividades deportivas y recreativas;0;0;0;0;0;0;0;0;0;*;*;0;*;*;*;0;0;*;*;;;;;;;;;;;;;;;;;;;
;Comercio al por menor de bienes característicos del turismo;*;*;0;0;*;*;*;*;*;0;*;0;*;*;*;*;*;*;*;;;;;;;;;;;;;;;;;;;
;Actividades relacionadas con segundos hogares y multipropiedades;*;*;*;*;0;0;0;0;0;0;*;*;*;*;*;*;*;*;*;;;;;;;;;;;;;;;;;;;
12202;Antártica;*;*;0;0;0;0;0;*;*;*;0;0;*;*;*;0;0;0;0;;;;;;;;;;;;;;;;;;;
;Alojamiento turístico;0;0;0;0;0;0;0;0;0;0;0;0;0;0;0;0;0;0;0;;;;;;;;;;;;;;;;;;;
;Actividades de provisión de alimentos y bebidas;0;0;0;0;0;0;0;*;*;*;0;0;*;*;0;0;0;0;0;;;;;;;;;;;;;;;;;;;
;Transporte de pasajeros por ferrocarril;0;0;0;0;0;0;0;0;0;0;0;0;0;0;0;0;0;0;0;;;;;;;;;;;;;;;;;;;
;Transporte de pasajeros por carretera;*;*;0;0;0;0;0;0;0;0;0;0;0;0;0;0;0;0;0;;;;;;;;;;;;;;;;;;;
;Transporte de pasajeros por agua;0;0;0;0;0;0;0;0;0;0;0;0;0;0;0;0;0;0;0;;;;;;;;;;;;;;;;;;;
;Transporte aéreo de pasajeros;0;0;0;0;0;0;0;0;0;0;0;0;0;0;0;0;0;0;0;;;;;;;;;;;;;;;;;;;
;Alquiler de equipos de transporte;0;0;0;0;0;0;0;0;0;0;0;0;0;0;0;0;0;0;0;;;;;;;;;;;;;;;;;;;
;Actividades de agencias de viajes y de otros servicios de reservas;0;0;0;0;0;0;0;0;0;0;0;0;0;0;0;0;0;0;0;;;;;;;;;;;;;;;;;;;
;Actividades culturales;0;0;0;0;0;0;0;0;0;0;0;0;0;0;0;0;0;0;0;;;;;;;;;;;;;;;;;;;
;Actividades deportivas y recreativas;0;0;0;0;0;0;0;0;0;0;0;0;0;*;*;0;0;0;0;;;;;;;;;;;;;;;;;;;
;Comercio al por menor de bienes característicos del turismo;0;0;0;0;0;0;0;0;0;0;0;0;0;0;0;0;0;0;0;;;;;;;;;;;;;;;;;;;
;Actividades relacionadas con segundos hogares y multipropiedades;0;0;0;0;0;0;0;0;0;0;0;0;0;0;0;0;0;0;0;;;;;;;;;;;;;;;;;;;
12301;Porvenir;18.430;22.638;35.678;31.285;38.818;38.613;46.821;43.011;41.443;35.743;105.093;98.633;120.067;129.231;116.972;83.967;55.427;65.732;50.633;;22,80%;57,60%;-12,30%;24,10%;-0,50%;21,30%;-8,10%;-3,60%;-13,80%;194,00%;-6,10%;21,70%;7,60%;-9,50%;-28,20%;-34,00%;18,60%;-23,00%
;Alojamiento turístico;0;0;20.003;15.627;20.037;14.372;21.082;23.594;32.418;21.839;54.837;39.192;38.308;47.175;41.030;42.003;18.122;16.490;6.632;;;;-21,90%;28,20%;-28,30%;46,70%;11,90%;37,40%;-32,60%;151,10%;-28,50%;-2,30%;23,10%;-13,00%;2,40%;-56,90%;-9,00%;-59,80%
;Actividades de provisión de alimentos y bebidas;15.192;17.937;10.606;8.940;9.698;15.621;14.510;7.939;9.024;13.904;50.255;59.441;54.068;66.018;74.933;41.964;37.305;49.243;44.001;;18,10%;-40,90%;-15,70%;8,50%;61,10%;-7,10%;-45,30%;13,70%;54,10%;261,50%;18,30%;-9,00%;22,10%;13,50%;-44,00%;-11,10%;32,00%;-10,60%
;Transporte de pasajeros por ferrocarril;0;0;0;0;0;0;0;0;0;0;0;0;0;0;0;0;0;0;0;;;;;;;;;;;;;;;;;;;
;Transporte de pasajeros por carretera;3.238;4.700;5.069;6.718;9.083;8.620;11.230;11.477;0;0;0;0;0;0;0;0;0;0;0;;45,20%;7,80%;32,50%;35,20%;-5,10%;30,30%;2,20%;-100,00%;;;;;;;;;;
;Transporte de pasajeros por agua;0;0;0;0;0;*;*;*;*;*;*;0;0;0;0;*;*;*;*;;;;;;;;;;;;;;;;;;;
;Transporte aéreo de pasajeros;0;0;0;0;0;0;0;0;0;0;0;0;0;0;0;0;0;0;0;;;;;;;;;;;;;;;;;;;
;Alquiler de equipos de transporte;0;0;0;*;*;*;*;*;*;0;*;*;*;*;*;*;0;*;*;;;;;;;;;;;;;;;;;;;
;Actividades de agencias de viajes y de otros servicios de reservas;*;*;*;*;*;*;*;*;*;*;*;*;*;*;*;*;*;*;*;;;;;;;;;;;;;;;;;;;
;Actividades culturales;*;*;0;0;0;0;0;0;0;*;*;*;*;*;*;0;*;*;*;;;;;;;;;;;;;;;;;;;
;Actividades deportivas y recreativas;0;0;*;0;0;*;0;*;*;*;*;*;*;*;*;*;*;*;*;;;;;;;;;;;;;;;;;;;
;Comercio al por menor de bienes característicos del turismo;*;*;*;*;*;*;*;*;*;*;*;*;9.801;1.564;1.009;*;*;*;*;;;;;;;;;;;;;;-84,00%;-35,50%;;;;
;Actividades relacionadas con segundos hogares y multipropiedades;*;*;*;*;*;*;*;*;*;*;*;0;17.891;14.473;0;0;0;*;*;;;;;;;;;;;;;;-19,10%;-100,00%;;;;
12302;Primavera;*;*;*;*;*;*;*;*;*;*;*;0;0;0;0;0;0;0;0;;;;;;;;;;;;;;;;;;;
;Alojamiento turístico;*;*;*;*;*;*;*;*;*;*;*;*;*;*;*;*;0;*;0;;;;;;;;;;;;;;;;;;;
;Actividades de provisión de alimentos y bebidas;*;*;*;*;*;*;*;*;0;0;*;*;*;*;*;*;*;*;*;;;;;;;;;;;;;;;;;;;
;Transporte de pasajeros por ferrocarril;0;0;0;0;0;0;0;0;0;0;0;0;0;0;0;0;0;0;0;;;;;;;;;;;;;;;;;;;
;Transporte de pasajeros por carretera;*;*;0;*;*;*;*;*;*;*;*;*;*;*;0;*;*;*;*;;;;;;;;;;;;;;;;;;;
;Transporte de pasajeros por agua;0;0;0;0;0;0;0;0;0;0;0;0;0;0;0;0;0;0;0;;;;;;;;;;;;;;;;;;;
;Transporte aéreo de pasajeros;0;0;0;0;0;0;0;0;0;0;0;0;0;0;0;0;0;0;0;;;;;;;;;;;;;;;;;;;
;Alquiler de equipos de transporte;0;0;0;0;0;0;0;0;0;0;0;*;*;0;0;0;0;0;0;;;;;;;;;;;;;;;;;;;
;Actividades de agencias de viajes y de otros servicios de reservas;0;0;0;0;0;0;0;0;0;0;0;*;*;0;0;0;0;0;0;;;;;;;;;;;;;;;;;;;
;Actividades culturales;0;0;0;0;0;0;0;0;0;0;0;0;0;0;0;0;0;0;0;;;;;;;;;;;;;;;;;;;
;Actividades deportivas y recreativas;0;0;0;0;0;0;0;0;0;0;0;0;0;0;0;0;0;0;0;;;;;;;;;;;;;;;;;;;
;Comercio al por menor de bienes característicos del turismo;0;0;0;0;0;0;0;0;0;*;*;*;*;*;0;*;0;*;*;;;;;;;;;;;;;;;;;;;
;Actividades relacionadas con segundos hogares y multipropiedades;0;0;0;0;0;0;0;0;0;0;0;*;*;*;*;*;*;0;0;;;;;;;;;;;;;;;;;;;
12303;Timaukel;0;0;0;0;0;*;*;*;*;*;*;*;*;*;*;*;*;*;*;;;;;;;;;;;;;;;;;;;
;Alojamiento turístico;0;0;0;0;0;*;*;*;*;*;*;*;*;*;*;*;*;*;*;;;;;;;;;;;;;;;;;;;
;Actividades de provisión de alimentos y bebidas;0;0;0;0;0;0;0;0;0;*;*;*;0;*;0;0;0;0;0;;;;;;;;;;;;;;;;;;;
;Transporte de pasajeros por ferrocarril;0;0;0;0;0;0;0;0;0;0;0;0;0;0;0;0;0;0;0;;;;;;;;;;;;;;;;;;;
;Transporte de pasajeros por carretera;0;0;0;0;0;0;0;0;0;0;0;0;*;0;0;0;0;0;0;;;;;;;;;;;;;;;;;;;
;Transporte de pasajeros por agua;0;0;0;0;0;0;0;0;0;0;0;0;0;0;0;0;0;0;0;;;;;;;;;;;;;;;;;;;
;Transporte aéreo de pasajeros;0;0;0;0;0;0;0;0;0;0;0;0;0;0;0;0;0;0;0;;;;;;;;;;;;;;;;;;;
;Alquiler de equipos de transporte;0;0;0;0;0;0;0;0;0;0;0;0;0;0;0;0;0;0;*;;;;;;;;;;;;;;;;;;;
;Actividades de agencias de viajes y de otros servicios de reservas;0;0;0;0;0;0;0;0;0;0;0;0;0;0;*;*;*;*;0;;;;;;;;;;;;;;;;;;;
;Actividades culturales;0;0;0;0;0;0;0;0;0;0;0;0;0;0;0;0;0;0;0;;;;;;;;;;;;;;;;;;;
;Actividades deportivas y recreativas;0;0;0;0;0;0;0;0;0;0;0;0;0;0;0;0;0;0;0;;;;;;;;;;;;;;;;;;;
;Comercio al por menor de bienes característicos del turismo;0;0;0;0;0;0;0;0;0;0;0;0;0;0;0;0;0;0;0;;;;;;;;;;;;;;;;;;;
;Actividades relacionadas con segundos hogares y multipropiedades;0;0;0;0;0;0;0;0;0;0;0;0;0;0;0;0;0;0;0;;;;;;;;;;;;;;;;;;;
12401;Natales;254.553;300.476;287.181;369.192;442.866;525.188;592.298;502.622;542.746;649.102;1.024.134;1.450.799;2.175.243;2.442.765;2.676.292;1.691.516;1.194.570;2.596.482;2.698.624;;18,00%;-4,40%;28,60%;20,00%;18,60%;12,80%;-15,10%;8,00%;19,60%;57,80%;41,70%;49,90%;12,30%;9,60%;-36,80%;-29,40%;117,40%;3,90%
;Alojamiento turístico;85.741;102.668;97.729;108.707;159.206;210.844;262.026;161.132;195.449;201.764;246.778;317.842;335.914;1.007.198;1.271.885;776.094;511.084;1.060.457;1.341.825;;19,70%;-4,80%;11,20%;46,50%;32,40%;24,30%;-38,50%;21,30%;3,20%;22,30%;28,80%;5,70%;199,80%;26,30%;-39,00%;-34,10%;107,50%;26,50%
;Actividades de provisión de alimentos y bebidas;115.616;127.422;75.527;132.539;153.499;175.958;190.470;154.467;173.841;177.590;211.829;350.973;599.032;433.910;522.327;215.954;303.293;538.766;649.458;;10,20%;-40,70%;75,50%;15,80%;14,60%;8,20%;-18,90%;12,50%;2,20%;19,30%;65,70%;70,70%;-27,60%;20,40%;-58,70%;40,40%;77,60%;20,50%
;Transporte de pasajeros por ferrocarril;0;0;0;0;0;0;0;0;0;0;0;0;0;0;0;0;0;0;0;;;;;;;;;;;;;;;;;;;
;Transporte de pasajeros por carretera;21.090;10.016;24.856;34.092;40.897;67.646;41.584;84.309;97.049;160.367;294.377;164.125;413.518;313.786;365.054;190.739;127.587;212.115;210.856;;-52,50%;148,20%;37,20%;20,00%;65,40%;-38,50%;102,70%;15,10%;65,20%;83,60%;-44,20%;152,00%;-24,10%;16,30%;-47,80%;-33,10%;66,30%;-0,60%
;Transporte de pasajeros por agua;*;*;*;*;*;*;*;*;*;*;*;*;*;0;81.214;212.410;0;226.340;0;;;;;;;;;;;;;;;;161,50%;-100,00%;;-100,00%
;Transporte aéreo de pasajeros;0;0;0;0;0;0;0;0;0;0;0;0;0;0;0;0;0;0;0;;;;;;;;;;;;;;;;;;;
;Alquiler de equipos de transporte;*;2.740;*;*;*;*;*;*;*;*;*;41.062;27.901;13.334;15.441;9.695;8.501;16.017;32.584;;;;;;;;;;;;;-32,10%;-52,20%;15,80%;-37,20%;-12,30%;88,40%;103,40%
;Actividades de agencias de viajes y de otros servicios de reservas;*;29.518;47.903;52.370;59.216;52.705;50.834;28.981;29.872;24.754;131.486;105.321;189.688;219.004;279.449;122.529;44.617;202.124;314.418;;;62,30%;9,30%;13,10%;-11,00%;-3,60%;-43,00%;3,10%;-17,10%;431,20%;-19,90%;80,10%;15,50%;27,60%;-56,20%;-63,60%;353,00%;55,60%
;Actividades culturales;*;*;*;*;*;*;*;0;0;0;*;*;*;*;0;*;0;*;0;;;;;;;;;;;;;;;;;;;
;Actividades deportivas y recreativas;*;*;*;*;*;*;*;*;*;*;0;0;18.889;0;4.064;1.408;6.752;17.728;18.770;;;;;;;;;;;;;;-100,00%;;-65,40%;379,70%;162,50%;5,90%
;Comercio al por menor de bienes característicos del turismo;32.106;28.111;41.165;41.484;30.048;18.034;47.384;73.733;46.534;84.627;57.505;119.412;154.561;89.665;45.075;12.121;38.087;63.652;60.355;;-12,40%;46,40%;0,80%;-27,60%;-40,00%;162,70%;55,60%;-36,90%;81,90%;-32,00%;107,70%;29,40%;-42,00%;-49,70%;-73,10%;214,20%;67,10%;-5,20%
;Actividades relacionadas con segundos hogares y multipropiedades;0;0;0;*;*;*;*;0;0;0;82.160;352.065;435.740;365.868;91.784;150.566;154.647;259.284;70.358;;;;;;;;;;;;328,50%;23,80%;-16,00%;-74,90%;64,00%;2,70%;67,70%;-72,90%
12402;Torres del Paine;0;*;*;*;*;*;*;*;*;*;*;*;*;0;0;0;0;0;0;;;;;;;;;;;;;;;;;;;
;Alojamiento turístico;0;0;0;*;*;*;*;*;*;*;*;*;*;*;*;*;*;0;*;;;;;;;;;;;;;;;;;;;
;Actividades de provisión de alimentos y bebidas;0;*;*;*;*;*;*;0;0;0;0;*;*;*;0;0;0;*;*;;;;;;;;;;;;;;;;;;;
;Transporte de pasajeros por ferrocarril;0;0;0;0;0;0;0;0;0;0;0;0;0;0;0;0;0;0;0;;;;;;;;;;;;;;;;;;;
;Transporte de pasajeros por carretera;0;0;0;0;*;*;*;*;*;*;*;*;*;0;*;0;0;0;*;;;;;;;;;;;;;;;;;;;
;Transporte de pasajeros por agua;0;0;0;0;0;0;0;0;0;0;0;0;*;0;0;0;0;0;0;;;;;;;;;;;;;;;;;;;
;Transporte aéreo de pasajeros;0;0;0;0;0;0;0;0;0;0;0;0;0;0;0;0;0;0;0;;;;;;;;;;;;;;;;;;;
;Alquiler de equipos de transporte;0;0;0;0;0;0;0;0;0;0;0;0;0;0;0;0;0;0;0;;;;;;;;;;;;;;;;;;;
;Actividades de agencias de viajes y de otros servicios de reservas;0;0;*;*;*;*;*;0;0;0;0;*;*;*;*;*;*;*;*;;;;;;;;;;;;;;;;;;;
;Actividades culturales;0;0;0;0;0;0;0;0;0;0;0;0;0;0;0;0;0;0;0;;;;;;;;;;;;;;;;;;;
;Actividades deportivas y recreativas;0;0;0;0;0;0;0;0;0;0;0;0;0;*;*;*;*;*;*;;;;;;;;;;;;;;;;;;;
;Comercio al por menor de bienes característicos del turismo;0;0;0;0;0;0;0;*;*;*;*;*;*;0;0;0;*;*;*;;;;;;;;;;;;;;;;;;;
;Actividades relacionadas con segundos hogares y multipropiedades;0;0;0;0;0;0;0;0;0;0;*;*;0;*;*;*;0;0;0;;;;;;;;;;;;;;;;;;;
Región Metropolitana de Santiago;;319.074.166;350.581.653;428.195.810;433.451.867;529.128.941;443.819.286;559.895.758;562.262.094;575.811.897;813.646.656;1.193.617.719;1.405.296.522;1.276.948.905;1.277.526.759;826.722.930;767.956.772;883.235.981;1.067.316.689;910.246.281;;9,90%;22,10%;1,20%;22,10%;-16,10%;26,20%;0,40%;2,40%;41,30%;46,70%;17,70%;-9,10%;0,00%;-35,30%;-7,10%;15,00%;20,80%;-14,70%
13101;Santiago;63.780.534;81.342.474;138.945.057;153.025.660;166.748.644;140.331.105;200.933.388;171.736.306;175.942.491;378.397.041;363.328.492;411.048.926;238.782.578;237.742.967;94.800.264;143.506.991;91.976.694;56.534.860;52.880.636;;27,50%;70,80%;10,10%;9,00%;-15,80%;43,20%;-14,50%;2,40%;115,10%;-4,00%;13,10%;-41,90%;-0,40%;-60,10%;51,40%;-35,90%;-38,50%;-6,50%
;Alojamiento turístico;1.881.607;2.049.443;3.181.261;3.102.687;3.026.784;3.487.377;3.984.750;4.583.842;4.627.433;188.251.863;186.486.397;184.967.184;2.476.525;3.928.487;3.829.299;1.470.222;1.992.582;2.771.511;9.151.635;;8,90%;55,20%;-2,50%;-2,40%;15,20%;14,30%;15,00%;1,00%;3968,20%;-0,90%;-0,80%;-98,70%;58,60%;-2,50%;-61,60%;35,50%;39,10%;230,20%
;Actividades de provisión de alimentos y bebidas;7.684.790;7.300.022;6.958.908;7.064.192;7.491.080;8.038.433;9.439.389;9.627.789;10.546.647;11.218.230;13.306.152;13.937.413;14.134.785;13.247.584;13.376.901;6.466.117;9.160.021;11.617.338;11.450.849;;-5,00%;-4,70%;1,50%;6,00%;7,30%;17,40%;2,00%;9,50%;6,40%;18,60%;4,70%;1,40%;-6,30%;1,00%;-51,70%;41,70%;26,80%;-1,40%
;Transporte de pasajeros por ferrocarril;*;*;*;*;*;*;*;*;*;*;*;0;0;0;0;0;0;*;*;;;;;;;;;;;;;;;;;;;
;Transporte de pasajeros por carretera;691.761;1.437.924;2.095.480;2.459.823;2.637.284;3.332.836;2.669.446;2.205.828;2.425.350;2.452.581;1.631.151;2.230.504;2.223.371;2.376.686;1.892.291;1.462.002;1.813.974;2.151.091;2.333.199;;107,90%;45,70%;17,40%;7,20%;26,40%;-19,90%;-17,40%;10,00%;1,10%;-33,50%;36,70%;-0,30%;6,90%;-20,40%;-22,70%;24,10%;18,60%;8,50%
;Transporte de pasajeros por agua;*;*;*;*;*;*;*;*;*;*;*;*;*;*;*;*;*;*;*;;;;;;;;;;;;;;;;;;;
;Transporte aéreo de pasajeros;15.214.033;25.173.209;89.449.458;112.205.383;19.770.633;23.516.454;32.053.958;26.742.744;22.292.887;21.077.417;10.709.611;8.882.013;*;*;*;77.053.756;*;208.440;555.425;;65,50%;255,30%;25,40%;-82,40%;18,90%;36,30%;-16,60%;-16,60%;-5,50%;-49,20%;-17,10%;;;;;;;166,50%
;Alquiler de equipos de transporte;459.235;847.044;198.214;237.224;65.664.908;75.337.318;83.728.779;92.436.197;96.509.778;109.196.398;103.998.236;118.317.682;7.113.816;9.032.190;4.281.670;4.395.083;4.493.741;4.742.090;6.725.223;;84,40%;-76,60%;19,70%;27580,50%;14,70%;11,10%;10,40%;4,40%;13,10%;-4,80%;13,80%;-94,00%;27,00%;-52,60%;2,60%;2,20%;5,50%;41,80%
;Actividades de agencias de viajes y de otros servicios de reservas;15.835.616;19.243.976;13.188.128;6.366.581;4.785.924;3.962.817;4.466.278;11.979.501;13.424.725;14.280.858;13.256.255;5.638.931;10.335.230;147.512.992;5.101.582;1.229.920;796.922;1.408.659;1.186.362;;21,50%;-31,50%;-51,70%;-24,80%;-17,20%;12,70%;168,20%;12,10%;6,40%;-7,20%;-57,50%;83,30%;1327,30%;-96,50%;-75,90%;-35,20%;76,80%;-15,80%
;Actividades culturales;105.562;137.692;113.796;163.620;205.386;349.378;377.261;215.292;334.855;207.174;950.911;840.514;904.424;1.048.931;1.349.912;683.957;706.169;1.573.843;2.868.668;;30,40%;-17,40%;43,80%;25,50%;70,10%;8,00%;-42,90%;55,50%;-38,10%;359,00%;-11,60%;7,60%;16,00%;28,70%;-49,30%;3,20%;122,90%;82,30%
;Actividades deportivas y recreativas;6.478.136;6.739.982;202.535;222.482;292.202;250.658;341.319;85.910;80.068;226.434;799.210;1.042.570;1.178.542;2.011.965;1.778.290;621.065;405.495;503.377;541.133;;4,00%;-97,00%;9,80%;31,30%;-14,20%;36,20%;-74,80%;-6,80%;182,80%;253,00%;30,50%;13,00%;70,70%;-11,60%;-65,10%;-34,70%;24,10%;7,50%
;Comercio al por menor de bienes característicos del turismo;259.579;255.973;151.951;128.981;114.341;124.450;169.245;110.583;102.628;103.187;125.260;317.121;235.189;519.050;362.062;270.616;357.946;417.030;334.405;;-1,40%;-40,60%;-15,10%;-11,40%;8,80%;36,00%;-34,70%;-7,20%;0,50%;21,40%;153,20%;-25,80%;120,70%;-30,20%;-25,30%;32,30%;16,50%;-19,80%
;Actividades relacionadas con segundos hogares y multipropiedades;15.170.213;18.157.209;23.405.326;21.074.687;62.760.102;21.931.384;63.702.961;23.748.621;25.598.120;31.382.899;32.065.308;74.874.994;200.180.696;58.065.082;62.828.256;49.854.253;72.249.845;31.141.482;17.733.736;;19,70%;28,90%;-10,00%;197,80%;-65,10%;190,50%;-62,70%;7,80%;22,60%;2,20%;133,50%;167,40%;-71,00%;8,20%;-20,60%;44,90%;-56,90%;-43,10%
13102;Cerrillos;340.381;482.492;784.824;722.113;824.060;1.463.046;2.133.434;1.362.168;1.268.970;1.388.579;2.382.631;2.855.670;4.053.293;3.629.546;1.199.855;826.760;1.509.653;1.767.004;2.192.188;;41,80%;62,70%;-8,00%;14,10%;77,50%;45,80%;-36,20%;-6,80%;9,40%;71,60%;19,90%;41,90%;-10,50%;-66,90%;-31,10%;82,60%;17,00%;24,10%
;Alojamiento turístico;*;*;*;*;*;*;*;*;*;0;*;*;0;*;*;*;*;*;*;;;;;;;;;;;;;;;;;;;
;Actividades de provisión de alimentos y bebidas;135.237;132.047;124.117;145.318;179.841;271.853;277.533;265.060;307.508;284.633;286.610;358.106;387.898;423.582;397.287;194.977;341.211;526.572;855.997;;-2,40%;-6,00%;17,10%;23,80%;51,20%;2,10%;-4,50%;16,00%;-7,40%;0,70%;24,90%;8,30%;9,20%;-6,20%;-50,90%;75,00%;54,30%;62,60%
;Transporte de pasajeros por ferrocarril;0;0;0;0;0;0;0;0;0;0;0;0;0;0;0;0;0;0;0;;;;;;;;;;;;;;;;;;;
;Transporte de pasajeros por carretera;32.051;48.058;57.136;69.548;80.196;86.964;169.195;175.534;220.592;227.446;263.577;156.429;220.565;157.571;172.645;130.137;148.689;123.176;167.581;;49,90%;18,90%;21,70%;15,30%;8,40%;94,60%;3,70%;25,70%;3,10%;15,90%;-40,70%;41,00%;-28,60%;9,60%;-24,60%;14,30%;-17,20%;36,00%
;Transporte de pasajeros por agua;0;*;0;0;*;0;0;0;0;0;0;0;0;0;0;0;0;0;0;;;;;;;;;;;;;;;;;;;
;Transporte aéreo de pasajeros;*;*;*;*;*;*;*;*;*;*;*;*;*;*;0;*;*;*;*;;;;;;;;;;;;;;;;;;;
;Alquiler de equipos de transporte;35.337;21.699;*;*;*;*;*;*;*;*;986.024;918.376;1.146.976;60.312;38.745;47.351;33.002;42.212;399.719;;-38,60%;;;;;;;;;;-6,90%;24,90%;-94,70%;-35,80%;22,20%;-30,30%;27,90%;846,90%
;Actividades de agencias de viajes y de otros servicios de reservas;*;*;*;0;0;*;*;*;*;*;*;*;*;*;*;*;*;*;*;;;;;;;;;;;;;;;;;;;
;Actividades culturales;*;*;*;*;*;*;*;*;*;*;*;0;13.499;0;0;0;0;0;29.775;;;;;;;;;;;;;;-100,00%;;;;;
;Actividades deportivas y recreativas;*;*;*;*;*;*;*;*;*;0;0;7.265;0;17.875;7.388;7.972;1.827;9.079;5.792;;;;;;;;;;;;;-100,00%;;-58,70%;7,90%;-77,10%;397,00%;-36,20%
;Comercio al por menor de bienes característicos del turismo;*;2.146;*;*;*;*;*;*;*;*;*;*;*;*;*;*;*;*;*;;;;;;;;;;;;;;;;;;;
;Actividades relacionadas con segundos hogares y multipropiedades;137.755;278.541;603.571;507.247;564.022;1.104.229;1.686.706;921.574;740.870;876.500;846.420;1.415.494;2.284.355;2.970.207;583.790;446.323;984.924;1.065.964;733.326;;102,20%;116,70%;-16,00%;11,20%;95,80%;52,70%;-45,40%;-19,60%;18,30%;-3,40%;67,20%;61,40%;30,00%;-80,30%;-23,50%;120,70%;8,20%;-31,20%
13103;Cerro Navia;110.102;91.492;114.254;116.126;84.611;96.087;121.486;154.103;175.851;214.715;280.478;357.748;359.282;352.015;349.006;237.551;360.680;375.542;453.814;;-16,90%;24,90%;1,60%;-27,10%;13,60%;26,40%;26,80%;14,10%;22,10%;30,60%;27,50%;0,40%;-2,00%;-0,90%;-31,90%;51,80%;4,10%;20,80%
;Alojamiento turístico;0;0;0;0;0;0;0;0;0;0;*;*;0;0;*;*;*;0;0;;;;;;;;;;;;;;;;;;;
;Actividades de provisión de alimentos y bebidas;44.491;48.372;48.992;49.622;45.962;52.829;66.884;79.850;88.299;108.160;100.597;112.345;149.947;151.933;136.921;135.698;229.609;195.928;327.779;;8,70%;1,30%;1,30%;-7,40%;14,90%;26,60%;19,40%;10,60%;22,50%;-7,00%;11,70%;33,50%;1,30%;-9,90%;-0,90%;69,20%;-14,70%;67,30%
;Transporte de pasajeros por ferrocarril;0;0;0;0;0;0;0;0;0;0;0;0;0;0;0;0;0;0;0;;;;;;;;;;;;;;;;;;;
;Transporte de pasajeros por carretera;65.611;43.120;65.263;66.504;38.649;43.258;54.602;74.253;77.278;90.784;76.601;123.498;107.656;100.265;88.097;66.487;75.494;74.642;74.786;;-34,30%;51,40%;1,90%;-41,90%;11,90%;26,20%;36,00%;4,10%;17,50%;-15,60%;61,20%;-12,80%;-6,90%;-12,10%;-24,50%;13,50%;-1,10%;0,20%
;Transporte de pasajeros por agua;0;0;0;0;0;0;0;0;0;0;0;0;0;0;0;0;0;0;0;;;;;;;;;;;;;;;;;;;
;Transporte aéreo de pasajeros;0;0;0;0;0;0;0;0;0;0;0;0;0;0;0;0;0;0;0;;;;;;;;;;;;;;;;;;;
;Alquiler de equipos de transporte;*;*;*;*;*;*;*;*;*;*;36.269;52.862;45.446;52.602;*;*;*;*;*;;;;;;;;;;;;45,80%;-14,00%;15,70%;;;;;
;Actividades de agencias de viajes y de otros servicios de reservas;0;0;0;0;0;*;*;*;0;0;*;*;*;*;*;*;*;*;*;;;;;;;;;;;;;;;;;;;
;Actividades culturales;0;0;*;*;*;*;*;*;*;*;*;*;*;*;*;*;0;0;*;;;;;;;;;;;;;;;;;;;
;Actividades deportivas y recreativas;0;0;0;0;0;0;0;0;0;0;56.607;53.473;41.478;24.365;71.602;3.435;7.071;11.507;0;;;;;;;;;;;;-5,50%;-22,40%;-41,30%;193,90%;-95,20%;105,80%;62,70%;-100,00%
;Comercio al por menor de bienes característicos del turismo;*;*;*;*;*;*;*;*;*;*;*;*;*;*;*;*;*;*;*;;;;;;;;;;;;;;;;;;;
;Actividades relacionadas con segundos hogares y multipropiedades;0;*;0;0;*;0;0;0;10.274;15.771;10.405;15.569;14.755;22.851;52.385;31.931;48.505;93.465;51.249;;;;;;;;;;53,50%;-34,00%;49,60%;-5,20%;54,90%;129,30%;-39,00%;51,90%;92,70%;-45,20%
13104;Conchalí;5.336.604;5.562.651;6.533.243;6.291.076;6.404.893;4.277.183;3.376.962;1.263.938;2.867.963;1.223.639;1.591.131;1.643.027;1.812.312;2.539.573;2.080.269;2.437.920;4.320.989;3.784.774;3.550.249;;4,20%;17,40%;-3,70%;1,80%;-33,20%;-21,00%;-62,60%;126,90%;-57,30%;30,00%;3,30%;10,30%;40,10%;-18,10%;17,20%;77,20%;-12,40%;-6,20%
;Alojamiento turístico;*;*;0;0;0;0;0;0;0;0;0;0;0;0;0;*;*;*;*;;;;;;;;;;;;;;;;;;;
;Actividades de provisión de alimentos y bebidas;4.184.341;4.611.850;5.773.623;5.572.224;5.317.314;3.041.943;2.252.619;209.651;281.322;286.169;332.781;419.828;346.757;467.945;579.849;651.247;627.433;558.004;556.915;;10,20%;25,20%;-3,50%;-4,60%;-42,80%;-25,90%;-90,70%;34,20%;1,70%;16,30%;26,20%;-17,40%;34,90%;23,90%;12,30%;-3,70%;-11,10%;-0,20%
;Transporte de pasajeros por ferrocarril;0;0;0;0;0;0;0;0;0;0;0;0;0;0;0;0;0;0;0;;;;;;;;;;;;;;;;;;;
;Transporte de pasajeros por carretera;85.793;106.342;116.045;116.648;102.489;98.402;118.170;109.804;113.553;153.322;164.149;161.057;199.343;277.973;229.185;162.355;225.939;253.178;230.108;;24,00%;9,10%;0,50%;-12,10%;-4,00%;20,10%;-7,10%;3,40%;35,00%;7,10%;-1,90%;23,80%;39,40%;-17,60%;-29,20%;39,20%;12,10%;-9,10%
;Transporte de pasajeros por agua;*;*;*;*;*;*;*;*;*;*;*;*;*;*;*;*;*;*;*;;;;;;;;;;;;;;;;;;;
;Transporte aéreo de pasajeros;0;0;0;0;0;0;0;0;0;*;*;*;*;0;*;*;0;0;0;;;;;;;;;;;;;;;;;;;
;Alquiler de equipos de transporte;17.665;56.627;14.440;*;*;114.427;156.957;214.220;60.533;34.844;72.937;136.482;91.334;56.923;69.816;32.421;50.636;82.623;94.412;;220,60%;-74,50%;;;;37,20%;36,50%;-71,70%;-42,40%;109,30%;87,10%;-33,10%;-37,70%;22,60%;-53,60%;56,20%;63,20%;14,30%
;Actividades de agencias de viajes y de otros servicios de reservas;*;*;*;*;*;*;*;*;*;*;*;*;*;*;*;*;*;*;*;;;;;;;;;;;;;;;;;;;
;Actividades culturales;*;0;*;*;*;*;*;*;*;*;*;*;40.119;5.603;9.247;0;0;0;0;;;;;;;;;;;;;;-86,00%;65,00%;-100,00%;;;
;Actividades deportivas y recreativas;3.016;1.672;0;*;*;0;*;*;*;*;58.031;52.680;82.541;22.976;8.128;0;0;0;8.966;;-44,60%;-100,00%;;;;;;;;;-9,20%;56,70%;-72,20%;-64,60%;-100,00%;;;
;Comercio al por menor de bienes característicos del turismo;3.026;2.809;5.174;3.658;*;5.263;*;5.686;5.932;*;*;*;6.855;*;*;*;*;*;*;;-7,20%;84,20%;-29,30%;;;;;4,30%;;;;;;;;;;
;Actividades relacionadas con segundos hogares y multipropiedades;1.042.762;783.350;623.962;598.547;985.090;1.017.148;849.216;724.576;2.406.623;749.304;963.234;872.979;1.045.362;1.708.152;1.184.044;1.591.897;3.416.980;2.890.969;2.659.847;;-24,90%;-20,30%;-4,10%;64,60%;3,30%;-16,50%;-14,70%;232,10%;-68,90%;28,60%;-9,40%;19,70%;63,40%;-30,70%;34,40%;114,60%;-15,40%;-8,00%
13105;El Bosque;287.611;256.718;258.428;262.374;810.138;364.970;301.158;388.480;414.558;433.719;664.690;1.049.180;851.051;768.309;803.143;631.534;808.965;704.127;682.855;;-10,70%;0,70%;1,50%;208,80%;-54,90%;-17,50%;29,00%;6,70%;4,60%;53,30%;57,80%;-18,90%;-9,70%;4,50%;-21,40%;28,10%;-13,00%;-3,00%
;Alojamiento turístico;*;*;*;*;*;*;*;*;*;*;*;*;*;*;*;*;*;*;*;;;;;;;;;;;;;;;;;;;
;Actividades de provisión de alimentos y bebidas;198.283;102.997;134.050;129.088;658.354;162.500;172.255;231.828;201.353;218.923;232.886;408.930;233.033;239.215;296.599;214.064;364.645;274.454;296.142;;-48,10%;30,20%;-3,70%;410,00%;-75,30%;6,00%;34,60%;-13,10%;8,70%;6,40%;75,60%;-43,00%;2,70%;24,00%;-27,80%;70,30%;-24,70%;7,90%
;Transporte de pasajeros por ferrocarril;0;0;0;0;0;0;0;0;0;0;0;0;0;0;0;0;0;0;0;;;;;;;;;;;;;;;;;;;
;Transporte de pasajeros por carretera;40.396;57.670;74.831;79.883;65.312;93.875;64.107;82.391;93.613;102.074;104.053;90.239;259.908;264.039;316.382;194.358;212.352;203.973;195.515;;42,80%;29,80%;6,70%;-18,20%;43,70%;-31,70%;28,50%;13,60%;9,00%;1,90%;-13,30%;188,00%;1,60%;19,80%;-38,60%;9,30%;-3,90%;-4,10%
;Transporte de pasajeros por agua;*;0;0;0;0;0;0;0;0;0;0;0;0;0;0;0;0;0;0;;;;;;;;;;;;;;;;;;;
;Transporte aéreo de pasajeros;0;0;0;0;*;0;0;0;0;0;0;0;0;0;0;0;0;0;0;;;;;;;;;;;;;;;;;;;
;Alquiler de equipos de transporte;6.534;23.631;11.426;12.062;13.521;10.259;16.216;8.509;8.806;27.844;48.610;65.395;78.325;13.477;7.588;10.687;12.740;18.161;16.849;;261,70%;-51,60%;5,60%;12,10%;-24,10%;58,10%;-47,50%;3,50%;216,20%;74,60%;34,50%;19,80%;-82,80%;-43,70%;40,80%;19,20%;42,50%;-7,20%
;Actividades de agencias de viajes y de otros servicios de reservas;0;0;0;0;0;0;0;0;0;0;*;*;*;*;*;*;*;*;*;;;;;;;;;;;;;;;;;;;
;Actividades culturales;*;*;*;*;*;*;*;*;0;*;*;*;0;12.608;19.073;5.577;8.663;42.367;38.823;;;;;;;;;;;;;;;51,30%;-70,80%;55,30%;389,00%;-8,40%
;Actividades deportivas y recreativas;11.570;7.556;3.908;3.079;3.503;3.098;0;0;0;*;55.986;54.598;54.603;42.451;30.316;14.832;8.525;9.999;19.648;;-34,70%;-48,30%;-21,20%;13,80%;-11,60%;-100,00%;;;;;-2,50%;0,00%;-22,30%;-28,60%;-51,10%;-42,50%;17,30%;96,50%
;Comercio al por menor de bienes característicos del turismo;4.170;7.649;7.626;6.147;2.734;4.349;3.210;4.996;4.823;3.340;4.461;4.525;4.245;3.036;2.762;815;1.955;2.120;1.172;;83,40%;-0,30%;-19,40%;-55,50%;59,10%;-26,20%;55,60%;-3,50%;-30,70%;33,60%;1,40%;-6,20%;-28,50%;-9,00%;-70,50%;139,80%;8,50%;-44,70%
;Actividades relacionadas con segundos hogares y multipropiedades;26.658;57.215;26.587;32.114;66.715;90.889;45.370;60.756;105.962;81.538;218.693;425.493;220.936;193.485;130.422;191.201;200.084;153.051;114.705;;114,60%;-53,50%;20,80%;107,70%;36,20%;-50,10%;33,90%;74,40%;-23,00%;168,20%;94,60%;-48,10%;-12,40%;-32,60%;46,60%;4,60%;-23,50%;-25,10%
13106;Estación Central;3.733.506;3.211.174;4.042.322;4.946.781;4.873.155;4.984.839;5.269.370;11.304.145;12.024.966;11.584.865;14.907.989;16.818.543;16.129.939;13.616.752;19.035.203;13.235.890;14.548.949;17.423.871;18.345.453;;-14,00%;25,90%;22,40%;-1,50%;2,30%;5,70%;114,50%;6,40%;-3,70%;28,70%;12,80%;-4,10%;-15,60%;39,80%;-30,50%;9,90%;19,80%;5,30%
;Alojamiento turístico;118.016;77.299;87.362;86.303;92.672;109.546;26.713;38.081;43.621;53.842;44.424;24.073;42.619;71.713;95.226;77.010;100.982;122.819;164.302;;-34,50%;13,00%;-1,20%;7,40%;18,20%;-75,60%;42,60%;14,50%;23,40%;-17,50%;-45,80%;77,00%;68,30%;32,80%;-19,10%;31,10%;21,60%;33,80%
;Actividades de provisión de alimentos y bebidas;662.151;711.287;847.614;842.027;834.161;901.263;991.730;1.097.881;1.129.411;1.104.253;1.272.384;1.410.191;1.587.496;1.648.128;1.547.200;613.673;958.494;1.276.026;1.393.573;;7,40%;19,20%;-0,70%;-0,90%;8,00%;10,00%;10,70%;2,90%;-2,20%;15,20%;10,80%;12,60%;3,80%;-6,10%;-60,30%;56,20%;33,10%;9,20%
;Transporte de pasajeros por ferrocarril;*;*;*;*;*;*;*;*;*;*;0;0;0;*;*;*;*;*;*;;;;;;;;;;;;;;;;;;;
;Transporte de pasajeros por carretera;1.664.695;1.082.907;1.745.543;2.422.371;1.763.093;1.917.391;2.050.321;8.793.104;9.339.292;8.900.416;11.092.400;9.261.096;2.560.503;5.492.083;10.058.536;9.580.679;9.924.933;12.089.516;12.287.766;;-34,90%;61,20%;38,80%;-27,20%;8,80%;6,90%;328,90%;6,20%;-4,70%;24,60%;-16,50%;-72,40%;114,50%;83,10%;-4,80%;3,60%;21,80%;1,60%
;Transporte de pasajeros por agua;*;0;0;0;0;0;0;0;0;0;0;0;0;*;0;0;*;*;*;;;;;;;;;;;;;;;;;;;
;Transporte aéreo de pasajeros;0;0;0;0;0;0;0;0;0;0;0;0;0;0;0;0;0;0;0;;;;;;;;;;;;;;;;;;;
;Alquiler de equipos de transporte;75.670;317.836;70.732;46.239;35.046;53.310;51.431;78.504;295.352;461.520;749.227;2.629.958;3.500.091;1.150.963;4.457.904;1.023.615;1.049.891;758.697;971.896;;320,00%;-77,70%;-34,60%;-24,20%;52,10%;-3,50%;52,60%;276,20%;56,30%;62,30%;251,00%;33,10%;-67,10%;287,30%;-77,00%;2,60%;-27,70%;28,10%
;Actividades de agencias de viajes y de otros servicios de reservas;*;*;*;*;*;*;*;*;*;*;*;470.984;1.617.712;19.648;28.619;0;0;135.843;18.510;;;;;;;;;;;;;243,50%;-98,80%;45,70%;-100,00%;;;-86,40%
;Actividades culturales;*;*;*;*;*;*;*;*;*;*;0;0;0;49.811;3.547;0;0;48.241;17.122;;;;;;;;;;;;;;;-92,90%;-100,00%;;;-64,50%
;Actividades deportivas y recreativas;0;0;0;0;0;0;0;0;0;0;40.159;174.437;80.002;50.942;88.437;13.738;6.533;6.565;4.048;;;;;;;;;;;;334,40%;-54,10%;-36,30%;73,60%;-84,50%;-52,40%;0,50%;-38,30%
;Comercio al por menor de bienes característicos del turismo;41.629;42.318;25.965;25.310;26.155;29.658;23.646;29.471;25.620;35.192;34.047;31.906;33.607;29.194;31.690;13.436;28.265;26.143;23.253;;1,70%;-38,60%;-2,50%;3,30%;13,40%;-20,30%;24,60%;-13,10%;37,40%;-3,30%;-6,30%;5,30%;-13,10%;8,50%;-57,60%;110,40%;-7,50%;-11,10%
;Actividades relacionadas con segundos hogares y multipropiedades;1.171.346;979.527;1.265.105;1.524.532;2.122.027;1.973.670;2.125.528;1.267.103;1.191.670;1.029.642;1.675.348;2.815.898;6.707.909;5.104.270;2.724.045;1.913.740;2.479.851;2.960.021;3.464.984;;-16,40%;29,20%;20,50%;39,20%;-7,00%;7,70%;-40,40%;-6,00%;-13,60%;62,70%;68,10%;138,20%;-23,90%;-46,60%;-29,70%;29,60%;19,40%;17,10%
13107;Huechuraba;13.791.662;17.850.863;17.400.691;20.964.060;21.161.715;24.225.337;25.333.536;60.601.474;33.308.320;30.760.366;33.536.937;28.281.837;28.098.962;25.813.433;68.853.581;58.993.173;66.989.127;86.486.097;103.067.852;;29,40%;-2,50%;20,50%;0,90%;14,50%;4,60%;139,20%;-45,00%;-7,60%;9,00%;-15,70%;-0,60%;-8,10%;166,70%;-14,30%;13,60%;29,10%;19,20%
;Alojamiento turístico;0;*;*;*;*;*;*;*;*;*;*;*;*;*;0;0;0;0;*;;;;;;;;;;;;;;;;;;;
;Actividades de provisión de alimentos y bebidas;5.976.338;6.816.984;1.994.687;2.254.315;2.348.039;5.564.111;5.601.091;3.121.771;4.644.595;3.723.262;4.476.225;3.821.619;4.550.205;6.947.234;29.734.916;25.855.335;27.037.214;19.660.515;27.954.597;;14,10%;-70,70%;13,00%;4,20%;137,00%;0,70%;-44,30%;48,80%;-19,80%;20,20%;-14,60%;19,10%;52,70%;328,00%;-13,00%;4,60%;-27,30%;42,20%
;Transporte de pasajeros por ferrocarril;0;0;0;0;0;0;0;*;*;*;*;*;0;*;0;0;0;0;0;;;;;;;;;;;;;;;;;;;
;Transporte de pasajeros por carretera;105.243;3.394.268;6.880.005;6.858.276;7.675.467;7.546.094;7.493.837;8.568.280;9.403.339;9.274.796;8.182.778;375.729;2.528.238;258.799;8.184.239;6.765.330;7.386.524;5.731.683;5.222.809;;3125,20%;102,70%;-0,30%;11,90%;-1,70%;-0,70%;14,30%;9,70%;-1,40%;-11,80%;-95,40%;572,90%;-89,80%;3062,40%;-17,30%;9,20%;-22,40%;-8,90%
;Transporte de pasajeros por agua;0;0;0;0;0;*;*;*;*;*;*;*;*;*;*;*;*;*;*;;;;;;;;;;;;;;;;;;;
;Transporte aéreo de pasajeros;*;*;*;*;*;*;*;*;*;*;*;*;*;*;*;*;*;22.891.872;25.519.323;;;;;;;;;;;;;;;;;;;11,50%
;Alquiler de equipos de transporte;347.500;501.760;646.412;819.915;824.087;1.095.406;1.404.137;37.321.400;1.690.967;1.559.595;1.653.603;2.030.380;3.098.021;2.934.030;3.374.655;2.677.307;3.093.109;4.180.901;4.406.281;;44,40%;28,80%;26,80%;0,50%;32,90%;28,20%;2558,00%;-95,50%;-7,80%;6,00%;22,80%;52,60%;-5,30%;15,00%;-20,70%;15,50%;35,20%;5,40%
;Actividades de agencias de viajes y de otros servicios de reservas;*;*;*;*;*;*;*;*;*;*;*;8.299;3.148;*;*;*;*;*;*;;;;;;;;;;;;;-62,10%;;;;;;
;Actividades culturales;*;*;*;*;*;*;*;*;*;*;0;0;0;8.422;51.033;22.753;130.069;131.656;155.362;;;;;;;;;;;;;;;505,90%;-55,40%;471,60%;1,20%;18,00%
;Actividades deportivas y recreativas;*;*;0;0;0;0;0;0;0;0;66.236;97.112;104.103;100.300;43.806;19.848;78.603;184.789;140.860;;;;;;;;;;;;46,60%;7,20%;-3,70%;-56,30%;-54,70%;296,00%;135,10%;-23,80%
;Comercio al por menor de bienes característicos del turismo;*;*;*;*;*;*;*;*;2.006;*;*;*;*;2.795;2.957;1.595;326;3.200;1.061;;;;;;;;;;;;;;;5,80%;-46,10%;-79,60%;881,40%;-66,80%
;Actividades relacionadas con segundos hogares y multipropiedades;7.362.581;7.137.852;7.879.587;11.031.553;10.314.123;10.019.726;10.834.471;11.590.022;17.567.414;16.202.714;19.158.095;21.948.698;17.815.246;15.561.854;27.461.975;23.651.005;29.263.282;33.701.481;39.667.559;;-3,10%;10,40%;40,00%;-6,50%;-2,90%;8,10%;7,00%;51,60%;-7,80%;18,20%;14,60%;-18,80%;-12,60%;76,50%;-13,90%;23,70%;15,20%;17,70%
13108;Independencia;1.320.655;1.336.880;1.267.246;1.207.952;1.490.593;1.224.958;1.370.579;1.420.318;1.480.183;1.611.336;2.956.547;3.601.862;3.367.879;3.173.222;6.477.399;2.150.105;3.779.413;2.872.937;2.711.715;;1,20%;-5,20%;-4,70%;23,40%;-17,80%;11,90%;3,60%;4,20%;8,90%;83,50%;21,80%;-6,50%;-5,80%;104,10%;-66,80%;75,80%;-24,00%;-5,60%
;Alojamiento turístico;*;*;*;0;*;0;0;0;0;0;0;*;0;0;0;0;0;*;*;;;;;;;;;;;;;;;;;;;
;Actividades de provisión de alimentos y bebidas;514.169;558.582;617.712;714.350;709.102;728.054;832.713;952.866;1.042.913;1.128.120;1.457.719;1.575.110;1.633.076;1.708.221;1.594.760;982.162;1.343.673;1.425.243;1.032.055;;8,60%;10,60%;15,60%;-0,70%;2,70%;14,40%;14,40%;9,50%;8,20%;29,20%;8,10%;3,70%;4,60%;-6,60%;-38,40%;36,80%;6,10%;-27,60%
;Transporte de pasajeros por ferrocarril;0;0;0;0;0;0;0;0;0;0;0;0;0;0;0;0;0;0;0;;;;;;;;;;;;;;;;;;;
;Transporte de pasajeros por carretera;204.871;149.130;169.016;183.740;165.661;135.782;150.961;126.520;119.131;101.819;239.255;98.579;106.462;171.900;161.649;150.688;188.921;168.076;154.985;;-27,20%;13,30%;8,70%;-9,80%;-18,00%;11,20%;-16,20%;-5,80%;-14,50%;135,00%;-58,80%;8,00%;61,50%;-6,00%;-6,80%;25,40%;-11,00%;-7,80%
;Transporte de pasajeros por agua;0;0;0;0;0;0;0;0;0;0;0;0;0;0;0;0;0;0;0;;;;;;;;;;;;;;;;;;;
;Transporte aéreo de pasajeros;0;0;*;*;*;*;0;0;0;0;0;0;0;0;0;0;0;*;*;;;;;;;;;;;;;;;;;;;
;Alquiler de equipos de transporte;66.031;67.093;24.436;31.483;24.306;*;*;69.417;98.359;121.806;144.340;152.596;241.838;80.053;42.413;62.904;9.428;7.055;11.107;;1,60%;-63,60%;28,80%;-22,80%;;;;41,70%;23,80%;18,50%;5,70%;58,50%;-66,90%;-47,00%;48,30%;-85,00%;-25,20%;57,40%
;Actividades de agencias de viajes y de otros servicios de reservas;*;*;*;*;*;*;*;*;*;*;*;*;13.622;*;*;*;*;*;*;;;;;;;;;;;;;;;;;;;
;Actividades culturales;*;*;*;*;*;*;*;*;*;0;10.137;19.300;72.001;213.404;13.398;10.907;10.334;50.976;37.177;;;;;;;;;;;;90,40%;273,10%;196,40%;-93,70%;-18,60%;-5,20%;393,30%;-27,10%
;Actividades deportivas y recreativas;*;*;*;0;0;0;0;0;0;0;90.413;112.153;110.091;91.843;109.140;38.178;74.929;64.903;80.046;;;;;;;;;;;;24,00%;-1,80%;-16,60%;18,80%;-65,00%;96,30%;-13,40%;23,30%
;Comercio al por menor de bienes característicos del turismo;*;5.541;*;*;*;*;*;*;*;*;*;*;5.227;*;*;663;552;2.156;2.152;;;;;;;;;;;;;;;;;-16,80%;290,70%;-0,20%
;Actividades relacionadas con segundos hogares y multipropiedades;535.586;556.535;456.082;278.379;591.524;361.123;386.904;271.516;219.780;259.591;1.014.684;1.644.125;1.185.562;907.801;4.556.040;904.603;2.151.575;1.154.528;1.394.194;;3,90%;-18,00%;-39,00%;112,50%;-39,00%;7,10%;-29,80%;-19,10%;18,10%;290,90%;62,00%;-27,90%;-23,40%;401,90%;-80,10%;137,80%;-46,30%;20,80%
13109;La Cisterna;716.984;722.850;671.658;1.362.712;809.347;821.087;1.235.975;1.189.222;1.205.176;1.435.424;1.495.230;2.384.780;2.516.532;2.762.942;2.164.161;2.065.644;2.506.522;2.596.598;2.438.937;;0,80%;-7,10%;102,90%;-40,60%;1,50%;50,50%;-3,80%;1,30%;19,10%;4,20%;59,50%;5,50%;9,80%;-21,70%;-4,60%;21,30%;3,60%;-6,10%
;Alojamiento turístico;0;22.527;0;41.289;49.427;0;0;174.264;60.119;0;0;0;0;0;0;0;0;0;0;;;-100,00%;;19,70%;-100,00%;;;-65,50%;-100,00%;;;;;;;;;
;Actividades de provisión de alimentos y bebidas;206.398;228.220;190.977;211.766;237.348;234.715;319.790;412.340;436.732;826.324;515.794;523.584;568.518;678.298;636.434;356.971;565.013;681.008;613.389;;10,60%;-16,30%;10,90%;12,10%;-1,10%;36,20%;28,90%;5,90%;89,20%;-37,60%;1,50%;8,60%;19,30%;-6,20%;-43,90%;58,30%;20,50%;-9,90%
;Transporte de pasajeros por ferrocarril;*;0;0;0;0;0;0;0;0;0;0;0;0;0;0;0;0;0;0;;;;;;;;;;;;;;;;;;;
;Transporte de pasajeros por carretera;278.332;144.129;197.792;358.706;168.525;186.403;334.286;275.565;351.543;348.173;336.200;395.304;445.927;380.085;234.393;322.276;314.989;318.524;296.093;;-48,20%;37,20%;81,40%;-53,00%;10,60%;79,30%;-17,60%;27,60%;-1,00%;-3,40%;17,60%;12,80%;-14,80%;-38,30%;37,50%;-2,30%;1,10%;-7,00%
;Transporte de pasajeros por agua;0;0;*;*;*;*;*;*;0;0;0;0;*;*;*;*;0;0;0;;;;;;;;;;;;;;;;;;;
;Transporte aéreo de pasajeros;0;0;0;0;0;0;0;0;0;0;0;0;0;0;0;0;0;0;0;;;;;;;;;;;;;;;;;;;
;Alquiler de equipos de transporte;22.899;47.980;*;*;20.329;10.233;20.111;16.751;30.229;78.114;126.444;104.897;173.378;49.379;22.625;12.190;31.631;20.868;17.167;;109,50%;;;;-49,70%;96,50%;-16,70%;80,50%;158,40%;61,90%;-17,00%;65,30%;-71,50%;-54,20%;-46,10%;159,50%;-34,00%;-17,70%
;Actividades de agencias de viajes y de otros servicios de reservas;*;*;*;*;0;0;*;*;*;*;*;*;*;*;*;*;*;*;*;;;;;;;;;;;;;;;;;;;
;Actividades culturales;*;*;*;*;*;*;*;*;*;*;23.582;29.730;14.214;158.930;13.632;3.888;42.781;72.989;89.683;;;;;;;;;;;;26,10%;-52,20%;1018,10%;-91,40%;-71,50%;1000,20%;70,60%;22,90%
;Actividades deportivas y recreativas;38.984;0;45.146;0;0;115.997;117.011;43.384;0;34.319;178.695;385.827;248.560;1.096.604;575.309;677.472;569.739;543.649;730.063;;-100,00%;;-100,00%;;;0,90%;-62,90%;-100,00%;;420,70%;115,90%;-35,60%;341,20%;-47,50%;17,80%;-15,90%;-4,60%;34,30%
;Comercio al por menor de bienes característicos del turismo;1.754;2.412;3.856;6.041;2.824;4.725;3.098;5.527;5.520;4.670;4.429;1.994;5.498;7.856;5.790;6.487;4.679;7.942;9.272;;37,50%;59,90%;56,70%;-53,20%;67,30%;-34,40%;78,40%;-0,10%;-15,40%;-5,10%;-55,00%;175,70%;42,90%;-26,30%;12,00%;-27,90%;69,70%;16,70%
;Actividades relacionadas con segundos hogares y multipropiedades;168.617;277.582;233.886;744.912;330.894;269.014;441.680;261.391;321.035;143.824;310.084;943.445;1.060.437;391.791;675.979;686.360;977.690;951.618;683.270;;64,60%;-15,70%;218,50%;-55,60%;-18,70%;64,20%;-40,80%;22,80%;-55,20%;115,60%;204,30%;12,40%;-63,10%;72,50%;1,50%;42,40%;-2,70%;-28,20%
13110;La Florida;3.347.729;3.834.699;4.678.716;3.891.224;3.984.102;5.151.681;4.951.605;5.428.057;5.415.708;6.763.072;11.609.967;11.181.575;7.128.993;10.099.158;12.714.046;10.509.629;16.285.578;15.149.987;13.007.991;;14,50%;22,00%;-16,80%;2,40%;29,30%;-3,90%;9,60%;-0,20%;24,90%;71,70%;-3,70%;-36,20%;41,70%;25,90%;-17,30%;55,00%;-7,00%;-14,10%
;Alojamiento turístico;52.586;55.974;65.104;81.568;81.590;90.116;99.916;97.854;0;75.188;7.409;28.161;31.655;0;0;32.158;40.483;108.466;139.802;;6,40%;16,30%;25,30%;0,00%;10,40%;10,90%;-2,10%;-100,00%;;-90,10%;280,10%;12,40%;-100,00%;;;25,90%;167,90%;28,90%
;Actividades de provisión de alimentos y bebidas;559.433;503.218;735.109;712.028;714.087;796.643;939.877;1.137.135;1.349.108;1.494.598;2.693.561;2.788.452;2.815.691;2.237.977;2.175.981;1.330.079;2.528.422;2.583.663;2.703.599;;-10,00%;46,10%;-3,10%;0,30%;11,60%;18,00%;21,00%;18,60%;10,80%;80,20%;3,50%;1,00%;-20,50%;-2,80%;-38,90%;90,10%;2,20%;4,60%
;Transporte de pasajeros por ferrocarril;*;0;0;0;0;0;0;0;0;0;0;0;0;0;0;0;0;0;0;;;;;;;;;;;;;;;;;;;
;Transporte de pasajeros por carretera;126.068;163.850;233.600;264.617;223.577;247.558;320.058;393.173;485.130;534.524;1.383.556;723.171;590.103;1.053.638;701.717;494.136;609.195;620.021;541.545;;30,00%;42,60%;13,30%;-15,50%;10,70%;29,30%;22,80%;23,40%;10,20%;158,80%;-47,70%;-18,40%;78,60%;-33,40%;-29,60%;23,30%;1,80%;-12,70%
;Transporte de pasajeros por agua;0;0;0;*;*;*;*;*;*;*;*;0;0;*;0;0;0;0;0;;;;;;;;;;;;;;;;;;;
;Transporte aéreo de pasajeros;0;0;0;0;0;0;0;0;*;*;*;0;0;*;*;*;*;*;*;;;;;;;;;;;;;;;;;;;
;Alquiler de equipos de transporte;50.184;49.409;36.312;25.871;94.477;109.404;28.375;26.173;92.286;81.926;396.709;556.162;604.674;772.487;214.349;206.410;251.073;200.109;226.386;;-1,50%;-26,50%;-28,80%;265,20%;15,80%;-74,10%;-7,80%;252,60%;-11,20%;384,20%;40,20%;8,70%;27,80%;-72,30%;-3,70%;21,60%;-20,30%;13,10%
;Actividades de agencias de viajes y de otros servicios de reservas;*;*;*;*;*;*;*;*;*;77.860;105.601;83.717;95.186;27.983;61.745;86.242;27.133;44.977;40.627;;;;;;;;;;;35,60%;-20,70%;13,70%;-70,60%;120,70%;39,70%;-68,50%;65,80%;-9,70%
;Actividades culturales;0;0;12.587;0;0;0;0;24.441;34.305;18.006;29.485;43.851;49.863;69.766;84.833;23.230;41.356;80.534;135.446;;;;-100,00%;;;;;40,40%;-47,50%;63,80%;48,70%;13,70%;39,90%;21,60%;-72,60%;78,00%;94,70%;68,20%
;Actividades deportivas y recreativas;11.331;16.862;12.593;10.053;12.086;10.340;11.198;10.413;2.756;94.071;266.874;260.605;278.684;123.507;241.822;85.382;93.597;171.846;109.078;;48,80%;-25,30%;-20,20%;20,20%;-14,40%;8,30%;-7,00%;-73,50%;3313,70%;183,70%;-2,30%;6,90%;-55,70%;95,80%;-64,70%;9,60%;83,60%;-36,50%
;Comercio al por menor de bienes característicos del turismo;47.092;72.200;16.334;24.515;32.502;31.383;35.563;38.307;40.715;42.167;14.240;9.655;15.920;16.905;24.525;10.732;19.782;16.960;14.525;;53,30%;-77,40%;50,10%;32,60%;-3,40%;13,30%;7,70%;6,30%;3,60%;-66,20%;-32,20%;64,90%;6,20%;45,10%;-56,20%;84,30%;-14,30%;-14,40%
;Actividades relacionadas con segundos hogares y multipropiedades;2.501.035;2.973.186;3.567.076;2.772.573;2.825.782;3.866.236;3.516.618;3.700.560;3.411.408;4.344.734;6.712.533;6.687.802;2.647.215;5.796.896;9.209.075;8.241.260;12.674.537;11.323.411;9.096.982;;18,90%;20,00%;-22,30%;1,90%;36,80%;-9,00%;5,20%;-7,80%;27,40%;54,50%;-0,40%;-60,40%;119,00%;58,90%;-10,50%;53,80%;-10,70%;-19,70%
13111;La Granja;98.340;116.039;318.853;208.077;235.605;219.672;304.820;287.862;158.430;403.675;426.353;365.073;408.147;381.788;357.548;246.082;465.767;527.226;412.875;;18,00%;174,80%;-34,70%;13,20%;-6,80%;38,80%;-5,60%;-45,00%;154,80%;5,60%;-14,40%;11,80%;-6,50%;-6,30%;-31,20%;89,30%;13,20%;-21,70%
;Alojamiento turístico;0;0;*;*;*;*;*;*;*;*;*;*;*;*;*;*;*;*;*;;;;;;;;;;;;;;;;;;;
;Actividades de provisión de alimentos y bebidas;22.547;23.723;26.214;30.960;28.069;32.700;39.756;53.825;63.100;66.016;74.097;79.508;94.942;115.253;138.298;95.508;151.695;164.089;139.807;;5,20%;10,50%;18,10%;-9,30%;16,50%;21,60%;35,40%;17,20%;4,60%;12,20%;7,30%;19,40%;21,40%;20,00%;-30,90%;58,80%;8,20%;-14,80%
;Transporte de pasajeros por ferrocarril;*;*;*;*;*;*;*;*;*;0;0;0;0;0;0;0;0;0;0;;;;;;;;;;;;;;;;;;;
;Transporte de pasajeros por carretera;16.537;17.532;21.943;22.255;18.791;19.180;26.090;40.932;35.087;45.590;87.914;93.265;122.916;97.346;90.477;62.279;82.844;71.495;82.624;;6,00%;25,20%;1,40%;-15,60%;2,10%;36,00%;56,90%;-14,30%;29,90%;92,80%;6,10%;31,80%;-20,80%;-7,10%;-31,20%;33,00%;-13,70%;15,60%
;Transporte de pasajeros por agua;*;0;0;0;0;0;0;0;0;0;0;0;0;0;0;0;0;0;0;;;;;;;;;;;;;;;;;;;
;Transporte aéreo de pasajeros;0;0;0;0;0;0;0;0;0;0;0;0;0;0;0;0;0;0;0;;;;;;;;;;;;;;;;;;;
;Alquiler de equipos de transporte;*;14.591;*;15.338;15.292;*;*;*;*;*;12.375;15.181;14.189;48.653;27.207;*;*;29.289;1.085;;;;;-0,30%;;;;;;;22,70%;-6,50%;242,90%;-44,10%;;;;-96,30%
;Actividades de agencias de viajes y de otros servicios de reservas;*;0;0;0;0;0;0;0;0;*;*;*;*;*;0;0;0;0;0;;;;;;;;;;;;;;;;;;;
;Actividades culturales;*;*;*;*;*;*;*;*;*;*;*;0;*;*;0;*;*;46.468;54.324;;;;;;;;;;;;;;;;;;;16,90%
;Actividades deportivas y recreativas;8.564;0;*;*;*;*;*;*;*;*;0;0;40.270;5.740;5.534;2.827;4.123;13.255;29.248;;-100,00%;;;;;;;;;;;;-85,70%;-3,60%;-48,90%;45,80%;221,50%;120,70%
;Comercio al por menor de bienes característicos del turismo;*;*;*;*;*;*;*;*;*;*;*;*;*;*;*;*;*;*;*;;;;;;;;;;;;;;;;;;;
;Actividades relacionadas con segundos hogares y multipropiedades;50.693;60.193;270.697;139.524;173.453;167.792;238.974;193.105;60.243;292.070;251.967;177.119;135.829;114.797;96.032;85.467;227.105;202.630;105.788;;18,70%;349,70%;-48,50%;24,30%;-3,30%;42,40%;-19,20%;-68,80%;384,80%;-13,70%;-29,70%;-23,30%;-15,50%;-16,30%;-11,00%;165,70%;-10,80%;-47,80%
13112;La Pintana;29.032;68.912;109.012;177.817;150.469;84.804;78.516;87.774;98.058;168.485;349.944;972.491;1.169.271;406.715;405.637;320.413;797.491;658.107;621.651;;137,40%;58,20%;63,10%;-15,40%;-43,60%;-7,40%;11,80%;11,70%;71,80%;107,70%;177,90%;20,20%;-65,20%;-0,30%;-21,00%;148,90%;-17,50%;-5,50%
;Alojamiento turístico;*;*;*;*;*;*;*;*;*;*;*;*;*;*;*;*;*;*;*;;;;;;;;;;;;;;;;;;;
;Actividades de provisión de alimentos y bebidas;20.740;40.009;96.409;162.296;119.784;39.050;25.662;33.685;38.612;45.457;86.592;132.155;108.320;109.239;107.044;101.308;159.656;135.557;133.451;;92,90%;141,00%;68,30%;-26,20%;-67,40%;-34,30%;31,30%;14,60%;17,70%;90,50%;52,60%;-18,00%;0,80%;-2,00%;-5,40%;57,60%;-15,10%;-1,60%
;Transporte de pasajeros por ferrocarril;0;0;0;0;0;0;0;0;0;0;0;0;0;0;0;0;0;0;0;;;;;;;;;;;;;;;;;;;
;Transporte de pasajeros por carretera;8.293;14.619;12.603;15.521;30.685;45.755;43.673;54.088;42.842;72.438;77.530;82.766;93.295;83.415;82.497;63.427;343.757;344.810;285.041;;76,30%;-13,80%;23,10%;97,70%;49,10%;-4,50%;23,80%;-20,80%;69,10%;7,00%;6,80%;12,70%;-10,60%;-1,10%;-23,10%;442,00%;0,30%;-17,30%
;Transporte de pasajeros por agua;0;0;0;*;*;*;0;0;*;*;*;*;*;*;*;*;*;*;0;;;;;;;;;;;;;;;;;;;
;Transporte aéreo de pasajeros;0;0;0;0;0;0;0;0;0;0;0;0;0;0;0;0;0;0;0;;;;;;;;;;;;;;;;;;;
;Alquiler de equipos de transporte;*;14.283;*;*;*;*;*;*;*;*;45.443;51.907;92.000;*;70.796;*;*;*;13.570;;;;;;;;;;;;14,20%;77,20%;;;;;;
;Actividades de agencias de viajes y de otros servicios de reservas;*;*;*;*;*;*;0;0;0;0;*;*;*;*;*;*;*;*;*;;;;;;;;;;;;;;;;;;;
;Actividades culturales;*;*;*;*;*;*;*;*;0;0;*;*;*;*;0;0;0;0;0;;;;;;;;;;;;;;;;;;;
;Actividades deportivas y recreativas;0;0;0;0;*;*;*;*;*;*;55.727;48.528;44.685;0;2.658;0;0;0;0;;;;;;;;;;;;-12,90%;-7,90%;-100,00%;;-100,00%;;;
;Comercio al por menor de bienes característicos del turismo;*;*;*;*;*;*;*;*;*;*;*;*;*;*;*;*;*;*;*;;;;;;;;;;;;;;;;;;;
;Actividades relacionadas con segundos hogares y multipropiedades;*;*;*;*;*;*;9.182;0;16.604;50.590;84.652;657.136;830.970;214.061;142.643;155.678;294.078;177.741;189.589;;;;;;;;-100,00%;;204,70%;67,30%;676,30%;26,50%;-74,20%;-33,40%;9,10%;88,90%;-39,60%;6,70%
13113;La Reina;959.627;1.201.700;1.109.970;994.351;1.171.768;1.265.040;1.300.234;1.612.883;1.836.980;2.450.411;2.772.342;3.479.731;3.940.234;2.935.910;3.205.085;2.632.556;4.214.805;5.131.405;6.689.546;;25,20%;-7,60%;-10,40%;17,80%;8,00%;2,80%;24,00%;13,90%;33,40%;13,10%;25,50%;13,20%;-25,50%;9,20%;-17,90%;60,10%;21,70%;30,40%
;Alojamiento turístico;0;0;0;0;0;0;0;0;0;56.745;0;0;0;0;0;0;0;0;0;;;;;;;;;;;-100,00%;;;;;;;;
;Actividades de provisión de alimentos y bebidas;304.510;249.629;264.784;274.433;296.551;350.968;372.843;412.316;459.195;520.365;616.482;737.698;833.440;916.112;873.549;647.613;1.073.265;1.247.305;1.220.919;;-18,00%;6,10%;3,60%;8,10%;18,30%;6,20%;10,60%;11,40%;13,30%;18,50%;19,70%;13,00%;9,90%;-4,60%;-25,90%;65,70%;16,20%;-2,10%
;Transporte de pasajeros por ferrocarril;0;0;0;0;0;0;0;0;*;0;0;0;0;0;0;0;0;0;0;;;;;;;;;;;;;;;;;;;
;Transporte de pasajeros por carretera;45.328;54.368;78.324;70.141;112.756;112.909;123.224;124.677;148.227;182.817;227.170;313.234;242.156;156.554;94.563;75.310;122.786;369.690;88.763;;19,90%;44,10%;-10,40%;60,80%;0,10%;9,10%;1,20%;18,90%;23,30%;24,30%;37,90%;-22,70%;-35,40%;-39,60%;-20,40%;63,00%;201,10%;-76,00%
;Transporte de pasajeros por agua;0;0;0;0;0;0;0;0;0;0;0;0;0;0;*;*;*;*;*;;;;;;;;;;;;;;;;;;;
;Transporte aéreo de pasajeros;*;*;*;*;*;*;*;*;*;*;*;0;*;*;*;*;*;*;*;;;;;;;;;;;;;;;;;;;
;Alquiler de equipos de transporte;114.648;117.280;89.366;102.739;126.780;126.383;148.713;243.459;245.560;229.028;244.358;84.815;128.864;46.547;136.875;124.954;76.442;165.055;89.941;;2,30%;-23,80%;15,00%;23,40%;-0,30%;17,70%;63,70%;0,90%;-6,70%;6,70%;-65,30%;51,90%;-63,90%;194,10%;-8,70%;-38,80%;115,90%;-45,50%
;Actividades de agencias de viajes y de otros servicios de reservas;*;*;*;*;*;*;*;*;*;*;*;*;22.769;22.204;42.063;*;0;*;0;;;;;;;;;;;;;;-2,50%;89,40%;;;;
;Actividades culturales;6.377;11.235;15.010;0;14.108;29.252;15.168;13.476;13.771;20.837;47.984;41.767;122.192;85.030;68.958;11.923;22.261;45.333;49.529;;76,20%;33,60%;-100,00%;;107,30%;-48,10%;-11,20%;2,20%;51,30%;130,30%;-13,00%;192,60%;-30,40%;-18,90%;-82,70%;86,70%;103,60%;9,30%
;Actividades deportivas y recreativas;35.397;57.095;0;0;0;0;0;0;0;0;29.737;76.429;52.524;76.879;81.782;37.484;64.354;109.669;105.079;;61,30%;-100,00%;;;;;;;;;157,00%;-31,30%;46,40%;6,40%;-54,20%;71,70%;70,40%;-4,20%
;Comercio al por menor de bienes característicos del turismo;15.722;17.969;5.577;5.565;8.204;9.618;5.917;4.725;4.870;7.043;15.334;15.865;23.051;34.902;46.735;49.122;64.566;7.121;9.839;;14,30%;-69,00%;-0,20%;47,40%;17,20%;-38,50%;-20,10%;3,10%;44,60%;117,70%;3,50%;45,30%;51,40%;33,90%;5,10%;31,40%;-89,00%;38,20%
;Actividades relacionadas con segundos hogares y multipropiedades;437.646;694.123;656.909;541.472;613.368;635.910;634.369;814.229;965.357;1.433.576;1.591.276;2.209.924;2.515.239;1.597.682;1.860.561;1.686.150;2.791.132;3.187.231;5.125.476;;58,60%;-5,40%;-17,60%;13,30%;3,70%;-0,20%;28,40%;18,60%;48,50%;11,00%;38,90%;13,80%;-36,50%;16,50%;-9,40%;65,50%;14,20%;60,80%
13114;Las Condes;111.348.249;111.255.487;120.918.621;114.017.755;120.184.608;128.943.890;125.431.203;150.491.900;158.447.859;173.855.261;285.787.749;278.021.464;290.329.956;283.424.373;260.797.065;218.350.928;282.418.841;470.499.968;308.743.997;;-0,10%;8,70%;-5,70%;5,40%;7,30%;-2,70%;20,00%;5,30%;9,70%;64,40%;-2,70%;4,40%;-2,40%;-8,00%;-16,30%;29,30%;66,60%;-34,40%
;Alojamiento turístico;3.941.938;3.304.922;4.838.306;5.711.694;6.034.313;6.957.168;7.264.300;8.558.675;8.173.148;9.001.207;6.148.831;4.992.655;4.308.274;12.115.652;10.999.475;6.149.029;7.823.269;10.826.389;12.769.250;;-16,20%;46,40%;18,10%;5,60%;15,30%;4,40%;17,80%;-4,50%;10,10%;-31,70%;-18,80%;-13,70%;181,20%;-9,20%;-44,10%;27,20%;38,40%;17,90%
;Actividades de provisión de alimentos y bebidas;6.869.492;9.027.227;8.945.860;9.447.563;6.630.441;8.605.897;10.546.238;14.003.328;16.136.890;16.911.670;14.157.240;21.165.370;28.374.998;32.986.936;28.716.004;20.067.017;36.441.254;48.857.309;43.482.867;;31,40%;-0,90%;5,60%;-29,80%;29,80%;22,50%;32,80%;15,20%;4,80%;-16,30%;49,50%;34,10%;16,30%;-12,90%;-30,10%;81,60%;34,10%;-11,00%
;Transporte de pasajeros por ferrocarril;*;*;*;*;*;*;0;0;0;*;*;0;0;0;0;0;0;0;0;;;;;;;;;;;;;;;;;;;
;Transporte de pasajeros por carretera;1.905.128;1.807.545;2.192.083;2.357.275;2.332.613;2.309.071;5.714.890;6.908.057;7.668.166;7.845.742;4.877.979;7.671.630;9.568.509;5.437.911;1.969.216;2.044.367;2.899.117;3.436.503;6.650.731;;-5,10%;21,30%;7,50%;-1,00%;-1,00%;147,50%;20,90%;11,00%;2,30%;-37,80%;57,30%;24,70%;-43,20%;-63,80%;3,80%;41,80%;18,50%;93,50%
;Transporte de pasajeros por agua;23.459.188;23.498.153;26.853.148;25.507.870;27.401.052;29.446.413;14.598.210;22.246.227;20.242.603;21.651.643;24.321.856;17.395.212;0;*;0;0;0;0;0;;0,20%;14,30%;-5,00%;7,40%;7,50%;-50,40%;52,40%;-9,00%;7,00%;12,30%;-28,50%;-100,00%;;;;;;
;Transporte aéreo de pasajeros;3.126.106;2.646.613;3.619.650;4.176.359;3.952.628;5.433.404;6.199.711;7.641.320;8.082.098;8.663.391;17.404.873;4.183.237;4.271.172;11.396.549;17.265.469;5.910.521;8.989.777;176.278.553;25.942.891;;-15,30%;36,80%;15,40%;-5,40%;37,50%;14,10%;23,30%;5,80%;7,20%;100,90%;-76,00%;2,10%;166,80%;51,50%;-65,80%;52,10%;1860,90%;-85,30%
;Alquiler de equipos de transporte;668.189;720.262;585.862;651.715;691.103;981.620;500.138;786.115;3.503.547;1.399.980;5.109.976;3.191.334;6.951.635;2.470.425;1.024.831;1.696.819;2.133.687;2.363.597;2.608.559;;7,80%;-18,70%;11,20%;6,00%;42,00%;-49,00%;57,20%;345,70%;-60,00%;265,00%;-37,50%;117,80%;-64,50%;-58,50%;65,60%;25,70%;10,80%;10,40%
;Actividades de agencias de viajes y de otros servicios de reservas;12.027.867;12.741.910;10.692.795;8.163.110;7.377.899;9.504.010;10.876.317;20.223.616;11.846.764;15.201.210;20.417.666;6.813.214;7.214.072;10.163.684;9.972.053;6.918.467;6.175.382;8.701.895;10.618.589;;5,90%;-16,10%;-23,70%;-9,60%;28,80%;14,40%;85,90%;-41,40%;28,30%;34,30%;-66,60%;5,90%;40,90%;-1,90%;-30,60%;-10,70%;40,90%;22,00%
;Actividades culturales;84.652;120.228;145.129;135.639;138.359;324.122;392.083;219.928;251.166;316.436;596.025;859.239;1.119.210;1.954.509;1.592.893;1.027.082;998.643;3.268.456;3.462.996;;42,00%;20,70%;-6,50%;2,00%;134,30%;21,00%;-43,90%;14,20%;26,00%;88,40%;44,20%;30,30%;74,60%;-18,50%;-35,50%;-2,80%;227,30%;6,00%
;Actividades deportivas y recreativas;115.836;107.270;182.981;183.504;251.871;239.385;340.057;561.539;468.383;230.466;3.032.141;1.735.183;2.597.078;4.400.450;4.027.792;1.212.996;2.204.596;3.916.608;5.175.197;;-7,40%;70,60%;0,30%;37,30%;-5,00%;42,10%;65,10%;-16,60%;-50,80%;1215,70%;-42,80%;49,70%;69,40%;-8,50%;-69,90%;81,70%;77,70%;32,10%
;Comercio al por menor de bienes característicos del turismo;99.609;105.082;84.847;75.150;107.508;111.202;127.563;139.815;293.935;231.611;349.122;366.237;118.178;129.731;115.107;77.877;102.820;106.136;113.218;;5,50%;-19,30%;-11,40%;43,10%;3,40%;14,70%;9,60%;110,20%;-21,20%;50,70%;4,90%;-67,70%;9,80%;-11,30%;-32,30%;32,00%;3,20%;6,70%
;Actividades relacionadas con segundos hogares y multipropiedades;59.050.243;57.176.274;62.777.961;57.607.875;65.266.820;65.031.598;68.871.698;69.203.281;81.781.158;92.401.906;189.372.040;209.648.153;225.806.830;202.368.526;185.114.226;173.246.754;214.650.297;212.744.522;197.919.699;;-3,20%;9,80%;-8,20%;13,30%;-0,40%;5,90%;0,50%;18,20%;13,00%;104,90%;10,70%;7,70%;-10,40%;-8,50%;-6,40%;23,90%;-0,90%;-7,00%
13115;Lo Barnechea;8.977.578;10.526.010;9.293.339;11.781.750;13.126.248;8.191.604;15.534.087;15.496.996;18.734.314;24.141.190;29.763.898;23.234.782;30.547.567;21.375.513;24.887.337;21.601.378;25.984.628;28.343.177;27.345.016;;17,20%;-11,70%;26,80%;11,40%;-37,60%;89,60%;-0,20%;20,90%;28,90%;23,30%;-21,90%;31,50%;-30,00%;16,40%;-13,20%;20,30%;9,10%;-3,50%
;Alojamiento turístico;489.899;479.521;576.339;642.822;539.151;55.939;641.081;184.438;156.127;119.168;87.381;11.983;25.640;254.526;687.838;200.128;424.517;778.606;931.495;;-2,10%;20,20%;11,50%;-16,10%;-89,60%;1046,00%;-71,20%;-15,40%;-23,70%;-26,70%;-86,30%;114,00%;892,70%;170,20%;-70,90%;112,10%;83,40%;19,60%
;Actividades de provisión de alimentos y bebidas;308.670;338.085;362.085;466.473;427.231;582.426;689.827;949.786;684.858;901.350;1.333.989;1.140.918;1.376.693;1.289.153;3.012.644;976.579;1.834.316;2.095.090;2.288.401;;9,50%;7,10%;28,80%;-8,40%;36,30%;18,40%;37,70%;-27,90%;31,60%;48,00%;-14,50%;20,70%;-6,40%;133,70%;-67,60%;87,80%;14,20%;9,20%
;Transporte de pasajeros por ferrocarril;0;0;0;0;0;0;0;0;0;0;*;*;*;0;0;0;0;0;0;;;;;;;;;;;;;;;;;;;
;Transporte de pasajeros por carretera;35.222;45.534;39.290;40.202;34.500;47.044;49.618;101.696;99.216;472.018;396.321;185.436;121.858;164.935;71.711;82.604;121.127;202.389;81.686;;29,30%;-13,70%;2,30%;-14,20%;36,40%;5,50%;105,00%;-2,40%;375,70%;-16,00%;-53,20%;-34,30%;35,40%;-56,50%;15,20%;46,60%;67,10%;-59,60%
;Transporte de pasajeros por agua;*;*;*;*;*;*;*;*;*;0;*;*;*;*;*;*;*;*;*;;;;;;;;;;;;;;;;;;;
;Transporte aéreo de pasajeros;*;*;*;*;*;*;*;*;*;*;*;*;*;*;*;*;*;*;*;;;;;;;;;;;;;;;;;;;
;Alquiler de equipos de transporte;11.409;16.355;*;10.697;*;*;*;*;19.809;*;181.426;226.452;232.135;109.709;161.414;147.230;259.318;240.438;155.797;;43,40%;;;;;;;;;;24,80%;2,50%;-52,70%;47,10%;-8,80%;76,10%;-7,30%;-35,20%
;Actividades de agencias de viajes y de otros servicios de reservas;*;*;*;*;*;*;*;88.911;153.319;160.725;234.537;313.026;183.344;19.160;16.039;22.340;12.579;16.524;31.360;;;;;;;;;72,40%;4,80%;45,90%;33,50%;-41,40%;-89,50%;-16,30%;39,30%;-43,70%;31,40%;89,80%
;Actividades culturales;*;0;0;0;0;0;0;0;0;16.906;23.032;69.259;126.174;40.007;48.478;93.775;115.895;204.760;83.065;;;;;;;;;;;36,20%;200,70%;82,20%;-68,30%;21,20%;93,40%;23,60%;76,70%;-59,40%
;Actividades deportivas y recreativas;0;0;0;0;131.743;689.849;169.804;173.889;278.740;272.634;4.282.347;389.143;213.742;633.554;809.651;201.662;554.172;797.032;686.303;;;;;;423,60%;-75,40%;2,40%;60,30%;-2,20%;1470,70%;-90,90%;-45,10%;196,40%;27,80%;-75,10%;174,80%;43,80%;-13,90%
;Comercio al por menor de bienes característicos del turismo;14.899;17.667;11.534;17.307;14.495;9.857;22.798;25.140;24.563;14.922;34.430;23.850;35.539;14.607;25.736;25.404;12.969;50.870;19.260;;18,60%;-34,70%;50,00%;-16,20%;-32,00%;131,30%;10,30%;-2,30%;-39,20%;130,70%;-30,70%;49,00%;-58,90%;76,20%;-1,30%;-48,90%;292,20%;-62,10%
;Actividades relacionadas con segundos hogares y multipropiedades;8.117.480;9.628.849;8.304.091;10.604.248;11.979.129;6.806.489;13.960.959;13.973.137;17.317.682;22.183.468;23.190.434;20.874.715;28.232.442;18.849.863;20.053.825;19.851.657;22.649.736;23.957.469;23.067.651;;18,60%;-13,80%;27,70%;13,00%;-43,20%;105,10%;0,10%;23,90%;28,10%;4,50%;-10,00%;35,20%;-33,20%;6,40%;-1,00%;14,10%;5,80%;-3,70%
13116;Lo Espejo;84.609;113.907;99.635;100.443;38.309;79.949;94.955;640.099;660.999;645.384;303.851;460.944;482.697;399.220;314.215;276.159;681.649;1.508.957;264.898;;34,60%;-12,50%;0,80%;-61,90%;108,70%;18,80%;574,10%;3,30%;-2,40%;-52,90%;51,70%;4,70%;-17,30%;-21,30%;-12,10%;146,80%;121,40%;-82,40%
;Alojamiento turístico;*;*;*;*;*;*;*;*;*;*;*;*;*;*;*;*;*;*;*;;;;;;;;;;;;;;;;;;;
;Actividades de provisión de alimentos y bebidas;62.051;62.407;75.979;41.075;15.184;24.359;31.939;562.299;567.747;553.678;125.315;122.496;134.667;97.299;101.081;79.446;116.455;122.069;103.169;;0,60%;21,70%;-45,90%;-63,00%;60,40%;31,10%;1660,60%;1,00%;-2,50%;-77,40%;-2,20%;9,90%;-27,70%;3,90%;-21,40%;46,60%;4,80%;-15,50%
;Transporte de pasajeros por ferrocarril;0;0;0;0;0;0;0;0;0;0;0;0;0;0;0;0;0;0;0;;;;;;;;;;;;;;;;;;;
;Transporte de pasajeros por carretera;20.764;47.669;23.656;59.369;23.125;55.589;63.016;77.800;93.252;91.706;110.228;68.416;101.363;66.186;68.945;46.328;94.273;117.258;117.672;;129,60%;-50,40%;151,00%;-61,00%;140,40%;13,40%;23,50%;19,90%;-1,70%;20,20%;-37,90%;48,20%;-34,70%;4,20%;-32,80%;103,50%;24,40%;0,40%
;Transporte de pasajeros por agua;0;0;0;0;0;0;0;0;0;0;0;0;0;0;0;0;0;0;0;;;;;;;;;;;;;;;;;;;
;Transporte aéreo de pasajeros;0;*;0;0;0;0;0;0;0;0;0;0;0;0;0;0;0;0;0;;;;;;;;;;;;;;;;;;;
;Alquiler de equipos de transporte;*;*;*;*;*;*;*;*;*;*;*;19.043;31.490;*;*;*;*;*;*;;;;;;;;;;;;;65,40%;;;;;;
;Actividades de agencias de viajes y de otros servicios de reservas;0;0;0;0;0;*;*;0;0;0;0;*;*;*;*;*;*;*;*;;;;;;;;;;;;;;;;;;;
;Actividades culturales;*;*;*;*;0;0;0;*;*;*;*;*;*;*;*;*;*;*;*;;;;;;;;;;;;;;;;;;;
;Actividades deportivas y recreativas;1.794;0;0;*;*;*;*;*;*;*;68.308;79.931;72.509;23.889;7.147;3.015;3.921;0;0;;-100,00%;;;;;;;;;;17,00%;-9,30%;-67,10%;-70,10%;-57,80%;30,00%;-100,00%;
;Comercio al por menor de bienes característicos del turismo;*;3.831;*;*;*;*;*;*;*;*;*;*;*;*;*;*;698;*;*;;;;;;;;;;;;;;;;;;;
;Actividades relacionadas con segundos hogares y multipropiedades;0;0;0;*;0;*;0;0;*;0;0;171.058;142.667;211.845;137.043;147.370;466.301;1.269.630;44.057;;;;;;;;;;;;;-16,60%;48,50%;-35,30%;7,50%;216,40%;172,30%;-96,50%
13117;Lo Prado;143.117;148.041;174.354;166.785;179.295;199.851;237.481;364.243;304.598;293.562;538.668;566.434;660.850;448.804;452.497;379.861;493.242;473.291;473.149;;3,40%;17,80%;-4,30%;7,50%;11,50%;18,80%;53,40%;-16,40%;-3,60%;83,50%;5,20%;16,70%;-32,10%;0,80%;-16,10%;29,80%;-4,00%;0,00%
;Alojamiento turístico;*;*;*;*;*;*;*;*;*;*;*;*;*;*;*;*;*;*;*;;;;;;;;;;;;;;;;;;;
;Actividades de provisión de alimentos y bebidas;77.468;81.393;87.933;92.454;90.216;104.176;116.470;117.066;141.194;120.877;155.821;149.758;178.338;194.103;201.788;165.076;263.482;287.801;292.370;;5,10%;8,00%;5,10%;-2,40%;15,50%;11,80%;0,50%;20,60%;-14,40%;28,90%;-3,90%;19,10%;8,80%;4,00%;-18,20%;59,60%;9,20%;1,60%
;Transporte de pasajeros por ferrocarril;0;0;0;0;0;0;0;*;*;*;*;*;*;*;*;*;*;0;0;;;;;;;;;;;;;;;;;;;
;Transporte de pasajeros por carretera;26.692;39.633;57.773;54.356;63.525;74.941;83.166;90.368;107.668;135.754;126.456;86.070;91.181;120.157;139.087;139.983;130.221;122.854;113.819;;48,50%;45,80%;-5,90%;16,90%;18,00%;11,00%;8,70%;19,10%;26,10%;-6,80%;-31,90%;5,90%;31,80%;15,80%;0,60%;-7,00%;-5,70%;-7,40%
;Transporte de pasajeros por agua;0;0;0;0;0;0;0;0;0;0;0;0;0;0;0;0;0;0;0;;;;;;;;;;;;;;;;;;;
;Transporte aéreo de pasajeros;0;0;0;0;0;0;0;0;0;0;0;0;0;0;0;0;0;0;0;;;;;;;;;;;;;;;;;;;
;Alquiler de equipos de transporte;4.323;7.838;13.802;*;*;*;*;*;*;*;38.060;24.159;14.992;*;*;*;*;*;*;;81,30%;76,10%;;;;;;;;;-36,50%;-37,90%;;;;;;
;Actividades de agencias de viajes y de otros servicios de reservas;*;0;0;0;0;*;*;*;*;0;*;*;*;*;*;*;*;*;*;;;;;;;;;;;;;;;;;;;
;Actividades culturales;*;*;0;*;*;*;*;*;*;*;*;*;*;*;*;*;*;*;*;;;;;;;;;;;;;;;;;;;
;Actividades deportivas y recreativas;*;*;0;0;0;0;0;0;*;0;101.115;121.967;106.874;63.989;37.654;0;12.449;0;0;;;;;;;;;;;;20,60%;-12,40%;-40,10%;-41,20%;-100,00%;;-100,00%;
;Comercio al por menor de bienes característicos del turismo;5.212;*;*;*;4.047;*;2.542;5.936;6.353;5.850;*;6.045;3.044;2.088;2.756;1.973;3.881;*;*;;;;;;;;133,60%;7,00%;-7,90%;;;-49,60%;-31,40%;32,00%;-28,40%;96,70%;;
;Actividades relacionadas con segundos hogares y multipropiedades;29.422;19.178;14.845;19.975;21.507;20.735;35.304;150.873;49.382;31.081;117.216;178.435;266.421;68.467;71.212;72.828;83.209;62.636;66.961;;-34,80%;-22,60%;34,60%;7,70%;-3,60%;70,30%;327,40%;-67,30%;-37,10%;277,10%;52,20%;49,30%;-74,30%;4,00%;2,30%;14,30%;-24,70%;6,90%
13118;Macul;1.629.250;1.839.237;1.750.005;2.060.641;3.053.565;4.010.545;1.904.356;989.984;1.439.456;1.671.966;4.907.398;2.531.549;5.600.071;5.136.927;5.762.887;3.775.292;1.875.643;2.036.590;2.600.670;;12,90%;-4,90%;17,80%;48,20%;31,30%;-52,50%;-48,00%;45,40%;16,20%;193,50%;-48,40%;121,20%;-8,30%;12,20%;-34,50%;-50,30%;8,60%;27,70%
;Alojamiento turístico;*;*;*;*;*;*;*;*;*;*;0;*;*;*;*;*;*;*;*;;;;;;;;;;;;;;;;;;;
;Actividades de provisión de alimentos y bebidas;931.568;1.071.012;1.131.853;1.245.065;2.312.802;2.557.852;271.325;286.919;281.027;302.459;2.887.698;409.868;515.278;2.976.542;4.367.014;2.347.155;533.462;585.035;602.810;;15,00%;5,70%;10,00%;85,80%;10,60%;-89,40%;5,70%;-2,10%;7,60%;854,70%;-85,80%;25,70%;477,70%;46,70%;-46,30%;-77,30%;9,70%;3,00%
;Transporte de pasajeros por ferrocarril;0;0;0;0;0;*;*;*;*;*;*;0;*;0;*;*;0;*;0;;;;;;;;;;;;;;;;;;;
;Transporte de pasajeros por carretera;92.134;115.225;153.261;163.958;147.227;172.599;216.422;222.551;205.449;229.150;222.884;152.452;236.177;170.224;158.797;119.985;180.985;192.423;186.152;;25,10%;33,00%;7,00%;-10,20%;17,20%;25,40%;2,80%;-7,70%;11,50%;-2,70%;-31,60%;54,90%;-27,90%;-6,70%;-24,40%;50,80%;6,30%;-3,30%
;Transporte de pasajeros por agua;*;*;*;*;*;*;*;*;*;*;*;*;0;0;*;*;0;*;0;;;;;;;;;;;;;;;;;;;
;Transporte aéreo de pasajeros;0;0;0;0;0;0;*;*;*;*;*;*;*;*;0;0;0;0;0;;;;;;;;;;;;;;;;;;;
;Alquiler de equipos de transporte;156.773;235.586;37.199;24.468;37.914;17.530;6.371;52.223;30.960;33.108;88.043;108.464;168.893;464.500;502.870;407.111;418.509;497.648;499.578;;50,30%;-84,20%;-34,20%;55,00%;-53,80%;-63,70%;719,70%;-40,70%;6,90%;165,90%;23,20%;55,70%;175,00%;8,30%;-19,00%;2,80%;18,90%;0,40%
;Actividades de agencias de viajes y de otros servicios de reservas;*;*;*;*;*;*;*;*;*;*;*;0;1.544;1.628;*;*;*;*;*;;;;;;;;;;;;;;5,50%;;;;;
;Actividades culturales;0;0;*;0;0;0;*;0;0;18.839;17.159;31.441;41.509;46.858;17.264;12.200;13.870;27.436;64.368;;;;;;;;;;;-8,90%;83,20%;32,00%;12,90%;-63,20%;-29,30%;13,70%;97,80%;134,60%
;Actividades deportivas y recreativas;*;*;0;0;0;0;0;0;0;0;102.699;62.892;132.976;186.488;203.847;48.777;62.111;87.298;85.663;;;;;;;;;;;;-38,80%;111,40%;40,20%;9,30%;-76,10%;27,30%;40,60%;-1,90%
;Comercio al por menor de bienes característicos del turismo;3.427;2.560;798;*;1.156;1.061;685;*;*;*;816;59.438;88.200;5.556;1.833;1.813;2.944;3.266;3.084;;-25,30%;-68,80%;;;-8,20%;-35,50%;;;;;7181,40%;48,40%;-93,70%;-67,00%;-1,10%;62,40%;10,90%;-5,60%
;Actividades relacionadas con segundos hogares y multipropiedades;445.348;414.854;426.895;627.150;554.466;1.261.503;1.409.554;428.291;922.020;1.088.410;1.588.100;1.706.993;4.415.494;1.285.130;511.262;838.251;663.761;643.484;1.159.014;;-6,80%;2,90%;46,90%;-11,60%;127,50%;11,70%;-69,60%;115,30%;18,00%;45,90%;7,50%;158,70%;-70,90%;-60,20%;64,00%;-20,80%;-3,10%;80,10%
13119;Maipú;1.821.777;2.820.307;2.931.899;3.414.865;3.632.503;3.694.435;4.343.142;3.887.873;4.011.286;3.929.083;5.899.080;6.948.937;6.791.315;4.530.027;5.116.680;4.246.569;8.037.610;6.252.152;5.755.276;;54,80%;4,00%;16,50%;6,40%;1,70%;17,60%;-10,50%;3,20%;-2,00%;50,10%;17,80%;-2,30%;-33,30%;13,00%;-17,00%;89,30%;-22,20%;-7,90%
;Alojamiento turístico;*;0;0;0;0;0;0;0;0;0;0;0;0;0;0;0;0;0;0;;;;;;;;;;;;;;;;;;;
;Actividades de provisión de alimentos y bebidas;538.384;568.282;738.573;789.734;650.675;688.861;871.160;995.887;960.607;1.002.364;1.617.199;1.603.789;1.877.962;1.774.807;1.876.081;1.250.479;2.019.207;2.215.820;2.075.423;;5,60%;30,00%;6,90%;-17,60%;5,90%;26,50%;14,30%;-3,50%;4,30%;61,30%;-0,80%;17,10%;-5,50%;5,70%;-33,30%;61,50%;9,70%;-6,30%
;Transporte de pasajeros por ferrocarril;0;0;*;*;0;0;0;0;0;0;0;0;0;0;0;0;0;0;0;;;;;;;;;;;;;;;;;;;
;Transporte de pasajeros por carretera;187.612;224.702;304.687;335.254;411.489;424.804;516.623;589.222;727.186;767.620;744.583;782.693;1.107.050;1.189.023;1.226.886;1.229.677;1.427.179;1.329.674;1.370.196;;19,80%;35,60%;10,00%;22,70%;3,20%;21,60%;14,10%;23,40%;5,60%;-3,00%;5,10%;41,40%;7,40%;3,20%;0,20%;16,10%;-6,80%;3,00%
;Transporte de pasajeros por agua;*;*;*;*;*;*;0;0;0;0;0;0;0;0;*;0;0;0;0;;;;;;;;;;;;;;;;;;;
;Transporte aéreo de pasajeros;*;*;*;*;*;*;*;*;*;*;*;*;*;0;0;0;0;*;*;;;;;;;;;;;;;;;;;;;
;Alquiler de equipos de transporte;145.439;174.366;16.249;20.782;18.049;25.863;22.903;30.284;35.361;38.983;371.667;1.219.775;492.777;87.762;93.798;134.985;142.768;129.980;74.081;;19,90%;-90,70%;27,90%;-13,20%;43,30%;-11,40%;32,20%;16,80%;10,20%;853,40%;228,20%;-59,60%;-82,20%;6,90%;43,90%;5,80%;-9,00%;-43,00%
;Actividades de agencias de viajes y de otros servicios de reservas;*;*;*;*;*;29.082;*;*;*;*;72.808;70.600;73.240;22.703;15.369;13.801;9.464;11.817;1.959;;;;;;;;;;;;-3,00%;3,70%;-69,00%;-32,30%;-10,20%;-31,40%;24,90%;-83,40%
;Actividades culturales;*;0;0;10.960;13.044;31.707;50.748;54.489;25.610;20.490;59.411;71.981;119.300;153.308;128.488;51.603;70.924;105.348;103.418;;;;;19,00%;143,10%;60,10%;7,40%;-53,00%;-20,00%;190,00%;21,20%;65,70%;28,50%;-16,20%;-59,80%;37,40%;48,50%;-1,80%
;Actividades deportivas y recreativas;0;1.039.065;1.038.536;1.045.572;1.129.834;1.074.323;1.082.025;1.121.913;1.140.105;1.184.920;1.323.761;1.384.021;1.454.030;194.042;153.995;51.319;105.869;68.212;64.702;;;-0,10%;0,70%;8,10%;-4,90%;0,70%;3,70%;1,60%;3,90%;11,70%;4,60%;5,10%;-86,70%;-20,60%;-66,70%;106,30%;-35,60%;-5,10%
;Comercio al por menor de bienes característicos del turismo;12.333;15.282;6.645;6.481;6.364;6.705;15.303;10.940;13.726;12.219;13.811;23.589;13.306;22.497;20.295;12.225;28.597;49.403;55.475;;23,90%;-56,50%;-2,50%;-1,80%;5,40%;128,20%;-28,50%;25,50%;-11,00%;13,00%;70,80%;-43,60%;69,10%;-9,80%;-39,80%;133,90%;72,80%;12,30%
;Actividades relacionadas con segundos hogares y multipropiedades;938.007;798.609;827.211;1.206.083;1.403.047;1.413.090;1.784.380;1.085.137;1.108.692;902.486;1.695.838;1.792.488;1.653.651;1.085.885;1.601.770;1.502.479;4.233.602;2.341.897;2.010.022;;-14,90%;3,60%;45,80%;16,30%;0,70%;26,30%;-39,20%;2,20%;-18,60%;87,90%;5,70%;-7,70%;-34,30%;47,50%;-6,20%;181,80%;-44,70%;-14,20%
13120;Ñuñoa;9.644.128;11.396.278;5.061.749;6.784.779;13.847.261;4.801.781;5.006.853;4.960.278;6.345.041;6.137.743;16.248.298;21.188.662;22.319.180;33.134.574;22.679.209;21.236.198;27.080.199;28.763.802;31.421.514;;18,20%;-55,60%;34,00%;104,10%;-65,30%;4,30%;-0,90%;27,90%;-3,30%;164,70%;30,40%;5,30%;48,50%;-31,60%;-6,40%;27,50%;6,20%;9,20%
;Alojamiento turístico;22.345;28.109;33.159;31.925;31.917;24.877;117.923;120.290;83.144;80.791;38.355;43.158;35.622;127.440;120.390;63.474;59.555;70.804;61.361;;25,80%;18,00%;-3,70%;0,00%;-22,10%;374,00%;2,00%;-30,90%;-2,80%;-52,50%;12,50%;-17,50%;257,80%;-5,50%;-47,30%;-6,20%;18,90%;-13,30%
;Actividades de provisión de alimentos y bebidas;7.487.792;9.002.268;2.217.167;2.616.026;10.676.515;1.604.075;1.912.081;1.392.918;1.525.650;1.709.001;1.939.282;1.946.828;15.422.072;16.916.588;17.747.742;17.968.180;21.746.366;23.800.800;26.938.953;;20,20%;-75,40%;18,00%;308,10%;-85,00%;19,20%;-27,20%;9,50%;12,00%;13,50%;0,40%;692,20%;9,70%;4,90%;1,20%;21,00%;9,40%;13,20%
;Transporte de pasajeros por ferrocarril;0;0;0;0;0;0;0;0;0;0;0;0;0;0;0;0;0;0;0;;;;;;;;;;;;;;;;;;;
;Transporte de pasajeros por carretera;254.630;323.182;584.783;669.942;398.601;538.108;556.973;677.650;929.211;828.914;771.924;608.983;652.140;673.185;639.760;614.745;580.521;661.289;957.340;;26,90%;80,90%;14,60%;-40,50%;35,00%;3,50%;21,70%;37,10%;-10,80%;-6,90%;-21,10%;7,10%;3,20%;-5,00%;-3,90%;-5,60%;13,90%;44,80%
;Transporte de pasajeros por agua;*;*;*;0;*;*;*;*;*;*;*;0;0;*;0;*;*;*;0;;;;;;;;;;;;;;;;;;;
;Transporte aéreo de pasajeros;*;*;*;*;*;*;*;0;0;0;*;0;0;0;0;*;*;*;*;;;;;;;;;;;;;;;;;;;
;Alquiler de equipos de transporte;103.271;350.217;316.445;329.844;148.405;470.493;202.240;610.805;573.454;534.199;527.887;5.776.837;569.492;468.123;558.498;481.843;473.345;579.299;557.962;;239,10%;-9,60%;4,20%;-55,00%;217,00%;-57,00%;202,00%;-6,10%;-6,80%;-1,20%;994,30%;-90,10%;-17,80%;19,30%;-13,70%;-1,80%;22,40%;-3,70%
;Actividades de agencias de viajes y de otros servicios de reservas;19.879;20.665;11.284;*;13.029;89.673;8.220;5.314;145.768;139.068;153.070;189.972;157.171;64.170;70.278;70.340;55.307;72.125;90.461;;4,00%;-45,40%;;;588,30%;-90,80%;-35,30%;2643,10%;-4,60%;10,10%;24,10%;-17,30%;-59,20%;9,50%;0,10%;-21,40%;30,40%;25,40%
;Actividades culturales;60.052;81.492;88.317;60.663;65.367;95.964;88.472;88.999;120.373;116.959;251.314;424.536;550.606;573.236;464.267;224.901;293.244;508.992;504.795;;35,70%;8,40%;-31,30%;7,80%;46,80%;-7,80%;0,60%;35,30%;-2,80%;114,90%;68,90%;29,70%;4,10%;-19,00%;-51,60%;30,40%;73,60%;-0,80%
;Actividades deportivas y recreativas;0;0;2.583;0;0;0;22.750;0;69.691;72.493;156.659;390.866;245.105;337.785;225.124;110.615;179.831;308.359;285.691;;;;-100,00%;;;;-100,00%;;4,00%;116,10%;149,50%;-37,30%;37,80%;-33,40%;-50,90%;62,60%;71,50%;-7,40%
;Comercio al por menor de bienes característicos del turismo;41.716;44.567;16.680;19.795;18.825;26.225;18.066;16.348;17.765;23.376;59.522;85.796;69.929;70.092;33.627;11.009;16.911;8.841;10.977;;6,80%;-62,60%;18,70%;-4,90%;39,30%;-31,10%;-9,50%;8,70%;31,60%;154,60%;44,10%;-18,50%;0,20%;-52,00%;-67,30%;53,60%;-47,70%;24,20%
;Actividades relacionadas con segundos hogares y multipropiedades;1.654.444;1.545.778;1.791.330;3.056.584;2.494.603;1.952.365;2.080.127;2.047.954;2.879.985;2.632.941;12.350.284;11.721.686;4.617.043;13.903.955;2.819.524;1.691.090;3.675.120;2.753.293;2.013.974;;-6,60%;15,90%;70,60%;-18,40%;-21,70%;6,50%;-1,50%;40,60%;-8,60%;369,10%;-5,10%;-60,60%;201,10%;-79,70%;-40,00%;117,30%;-25,10%;-26,90%
13121;Pedro Aguirre Cerda;789.086;910.156;881.348;882.253;1.190.443;968.145;861.304;595.208;531.413;771.960;1.025.062;1.435.542;1.297.490;1.371.426;1.267.523;1.409.355;1.662.361;2.162.394;1.445.854;;15,30%;-3,20%;0,10%;34,90%;-18,70%;-11,00%;-30,90%;-10,70%;45,30%;32,80%;40,00%;-9,60%;5,70%;-7,60%;11,20%;18,00%;30,10%;-33,10%
;Alojamiento turístico;*;*;*;*;*;*;0;0;0;0;0;0;*;*;*;*;*;*;*;;;;;;;;;;;;;;;;;;;
;Actividades de provisión de alimentos y bebidas;98.750;119.858;119.561;107.670;89.582;95.291;91.512;85.018;97.618;87.012;131.998;128.005;214.473;300.125;208.453;184.786;263.466;226.155;227.794;;21,40%;-0,20%;-9,90%;-16,80%;6,40%;-4,00%;-7,10%;14,80%;-10,90%;51,70%;-3,00%;67,60%;39,90%;-30,50%;-11,40%;42,60%;-14,20%;0,70%
;Transporte de pasajeros por ferrocarril;0;0;0;0;0;0;0;0;0;0;0;0;0;0;0;0;0;0;0;;;;;;;;;;;;;;;;;;;
;Transporte de pasajeros por carretera;95.768;99.126;97.300;101.225;100.705;105.376;101.155;129.223;133.077;172.954;186.389;208.627;222.647;283.037;291.245;245.483;301.280;318.433;314.695;;3,50%;-1,80%;4,00%;-0,50%;4,60%;-4,00%;27,70%;3,00%;30,00%;7,80%;11,90%;6,70%;27,10%;2,90%;-15,70%;22,70%;5,70%;-1,20%
;Transporte de pasajeros por agua;0;*;0;0;0;0;0;0;0;0;0;0;0;0;0;0;0;0;0;;;;;;;;;;;;;;;;;;;
;Transporte aéreo de pasajeros;0;0;0;0;0;0;0;0;0;0;0;0;0;0;0;0;*;*;*;;;;;;;;;;;;;;;;;;;
;Alquiler de equipos de transporte;*;*;*;*;*;*;*;*;*;*;72.645;65.444;41.994;15.344;7.956;*;*;*;*;;;;;;;;;;;;-9,90%;-35,80%;-63,50%;-48,10%;;;;
;Actividades de agencias de viajes y de otros servicios de reservas;0;0;0;0;0;0;0;0;0;0;*;*;28.985;*;*;*;*;*;*;;;;;;;;;;;;;;;;;;;
;Actividades culturales;*;*;*;*;*;*;*;*;*;*;*;0;*;16.449;113.760;0;0;7.469;0;;;;;;;;;;;;;;;591,60%;-100,00%;;;-100,00%
;Actividades deportivas y recreativas;*;0;0;0;*;*;*;*;0;0;39.897;45.956;98.685;34.724;8.325;0;2.072;0;0;;;;;;;;;;;;15,20%;114,70%;-64,80%;-76,00%;-100,00%;;-100,00%;
;Comercio al por menor de bienes característicos del turismo;3.091;3.236;5.879;*;3.337;*;*;*;*;*;*;*;*;*;*;*;*;*;*;;4,70%;81,70%;;;;;;;;;;;;;;;;
;Actividades relacionadas con segundos hogares y multipropiedades;591.477;687.936;658.608;673.357;996.819;767.478;668.637;380.967;300.718;511.994;594.133;987.510;690.707;721.747;637.783;979.085;1.095.542;1.610.337;903.364;;16,30%;-4,30%;2,20%;48,00%;-23,00%;-12,90%;-43,00%;-21,10%;70,30%;16,00%;66,20%;-30,10%;4,50%;-11,60%;53,50%;11,90%;47,00%;-43,90%
13122;Peñalolén;1.975.067;2.395.829;2.221.639;1.384.226;1.179.847;3.701.102;2.887.719;3.832.575;3.804.175;6.040.835;8.188.135;6.688.345;4.783.811;4.737.334;5.435.820;5.299.395;5.103.847;6.862.396;4.985.247;;21,30%;-7,30%;-37,70%;-14,80%;213,70%;-22,00%;32,70%;-0,70%;58,80%;35,50%;-18,30%;-28,50%;-1,00%;14,70%;-2,50%;-3,70%;34,50%;-27,40%
;Alojamiento turístico;*;0;*;*;*;*;*;*;*;*;*;0;0;*;*;*;0;0;0;;;;;;;;;;;;;;;;;;;
;Actividades de provisión de alimentos y bebidas;134.972;163.643;188.978;196.013;181.560;235.060;226.961;269.140;312.958;308.448;527.621;673.069;661.340;806.973;909.527;521.273;863.234;1.078.307;1.007.822;;21,20%;15,50%;3,70%;-7,40%;29,50%;-3,40%;18,60%;16,30%;-1,40%;71,10%;27,60%;-1,70%;22,00%;12,70%;-42,70%;65,60%;24,90%;-6,50%
;Transporte de pasajeros por ferrocarril;*;0;*;0;0;0;0;0;0;0;0;0;0;0;0;0;0;0;0;;;;;;;;;;;;;;;;;;;
;Transporte de pasajeros por carretera;96.095;314.746;132.041;172.608;126.082;184.841;224.176;300.657;377.096;393.954;503.219;281.496;327.675;501.989;512.224;476.796;546.762;565.981;347.099;;227,50%;-58,00%;30,70%;-27,00%;46,60%;21,30%;34,10%;25,40%;4,50%;27,70%;-44,10%;16,40%;53,20%;2,00%;-6,90%;14,70%;3,50%;-38,70%
;Transporte de pasajeros por agua;0;*;*;*;*;*;*;0;0;0;0;0;0;0;0;0;0;0;0;;;;;;;;;;;;;;;;;;;
;Transporte aéreo de pasajeros;*;*;*;*;*;*;*;*;*;*;0;0;*;*;0;*;0;0;0;;;;;;;;;;;;;;;;;;;
;Alquiler de equipos de transporte;14.986;29.485;27.441;24.245;22.860;23.491;42.236;45.817;37.264;52.766;76.247;110.719;109.673;37.300;31.055;32.698;42.120;51.823;45.940;;96,70%;-6,90%;-11,60%;-5,70%;2,80%;79,80%;8,50%;-18,70%;41,60%;44,50%;45,20%;-0,90%;-66,00%;-16,70%;5,30%;28,80%;23,00%;-11,40%
;Actividades de agencias de viajes y de otros servicios de reservas;*;*;*;*;*;*;*;*;*;*;50.097;257.343;239.193;28.968;15.462;3.119;0;0;0;;;;;;;;;;;;413,70%;-7,10%;-87,90%;-46,60%;-79,80%;-100,00%;;
;Actividades culturales;0;*;0;0;0;0;18.772;*;0;24.737;37.478;53.101;56.449;132.166;74.327;17.061;25.601;87.282;143.520;;;;;;;;;;;51,50%;41,70%;6,30%;134,10%;-43,80%;-77,00%;50,10%;240,90%;64,40%
;Actividades deportivas y recreativas;0;0;0;0;0;0;0;0;0;0;45.283;48.699;118.432;97.884;105.525;43.302;58.570;106.886;64.344;;;;;;;;;;;;7,50%;143,20%;-17,40%;7,80%;-59,00%;35,30%;82,50%;-39,80%
;Comercio al por menor de bienes característicos del turismo;9.265;8.963;5.722;5.057;6.975;6.219;4.351;4.109;4.702;8.162;24.683;33.173;34.051;4.923;7.957;2.355;10.130;10.525;4.840;;-3,30%;-36,20%;-11,60%;37,90%;-10,80%;-30,00%;-5,60%;14,50%;73,60%;202,40%;34,40%;2,60%;-85,50%;61,60%;-70,40%;330,10%;3,90%;-54,00%
;Actividades relacionadas con segundos hogares y multipropiedades;1.719.748;1.878.992;1.867.457;986.302;842.369;3.251.491;2.371.223;3.212.852;3.072.155;5.252.768;6.923.507;5.230.746;3.236.998;3.127.131;3.779.741;4.202.791;3.557.430;4.961.593;3.371.682;;9,30%;-0,60%;-47,20%;-14,60%;286,00%;-27,10%;35,50%;-4,40%;71,00%;31,80%;-24,40%;-38,10%;-3,40%;20,90%;11,20%;-15,40%;39,50%;-32,00%
13123;Providencia;45.959.888;50.568.059;58.865.837;52.308.433;117.848.035;56.736.483;62.207.299;65.507.176;77.101.561;85.293.248;125.577.670;135.039.425;127.858.408;138.876.740;115.498.763;93.166.478;118.579.629;118.009.118;118.259.653;;10,00%;16,40%;-11,10%;125,30%;-51,90%;9,60%;5,30%;17,70%;10,60%;47,20%;7,50%;-5,30%;8,60%;-16,80%;-19,30%;27,30%;-0,50%;0,20%
;Alojamiento turístico;1.735.314;2.796.506;3.372.947;3.645.064;3.019.587;3.020.600;3.192.980;4.303.414;4.014.984;4.176.682;3.290.948;1.764.638;1.788.160;3.052.799;3.747.018;1.955.665;2.604.786;4.138.972;5.049.900;;61,20%;20,60%;8,10%;-17,20%;0,00%;5,70%;34,80%;-6,70%;4,00%;-21,20%;-46,40%;1,30%;70,70%;22,70%;-47,80%;33,20%;58,90%;22,00%
;Actividades de provisión de alimentos y bebidas;5.983.653;6.049.836;6.784.605;6.867.304;70.142.776;8.898.654;8.537.877;9.932.002;9.230.557;10.067.485;12.575.324;14.716.774;13.717.956;18.358.893;18.173.295;11.742.529;14.776.469;18.601.712;19.662.388;;1,10%;12,10%;1,20%;921,40%;-87,30%;-4,10%;16,30%;-7,10%;9,10%;24,90%;17,00%;-6,80%;33,80%;-1,00%;-35,40%;25,80%;25,90%;5,70%
;Transporte de pasajeros por ferrocarril;*;*;*;*;*;*;*;*;*;*;*;0;0;0;0;0;0;0;0;;;;;;;;;;;;;;;;;;;
;Transporte de pasajeros por carretera;568.910;1.351.125;1.529.122;1.822.656;1.675.510;1.314.339;2.496.962;3.042.808;3.545.698;3.284.266;3.659.122;4.493.086;5.377.132;3.787.125;3.887.321;4.183.624;5.857.473;6.587.997;9.244.409;;137,50%;13,20%;19,20%;-8,10%;-21,60%;90,00%;21,90%;16,50%;-7,40%;11,40%;22,80%;19,70%;-29,60%;2,60%;7,60%;40,00%;12,50%;40,30%
;Transporte de pasajeros por agua;*;*;*;*;*;*;*;1.190.178;0;1.462.956;*;*;*;*;*;*;*;*;*;;;;;;;;;-100,00%;;;;;;;;;;
;Transporte aéreo de pasajeros;1.234.146;1.439.753;1.576.697;1.639.139;1.461.566;1.620.388;2.097.037;2.645.374;661.868;2.208.328;2.266.743;108.925;127.505;971.500;2.498.929;781.512;238.768;414.170;584.133;;16,70%;9,50%;4,00%;-10,80%;10,90%;29,40%;26,10%;-75,00%;233,70%;2,60%;-95,20%;17,10%;661,90%;157,20%;-68,70%;-69,40%;73,50%;41,00%
;Alquiler de equipos de transporte;2.486.598;4.608.836;5.344.934;5.148.662;6.621.416;6.267.995;6.948.388;7.721.060;7.475.795;7.002.476;12.747.283;9.864.957;5.299.230;12.759.289;11.891.352;7.663.283;9.417.561;7.887.214;7.370.628;;85,30%;16,00%;-3,70%;28,60%;-5,30%;10,90%;11,10%;-3,20%;-6,30%;82,00%;-22,60%;-46,30%;140,80%;-6,80%;-35,60%;22,90%;-16,20%;-6,50%
;Actividades de agencias de viajes y de otros servicios de reservas;11.053.071;10.712.060;10.207.913;8.508.891;8.860.966;9.145.871;7.380.988;2.812.226;3.253.136;4.005.096;7.467.994;4.333.106;3.456.974;8.932.458;9.171.886;3.633.821;4.381.041;11.462.501;12.003.548;;-3,10%;-4,70%;-16,60%;4,10%;3,20%;-19,30%;-61,90%;15,70%;23,10%;86,50%;-42,00%;-20,20%;158,40%;2,70%;-60,40%;20,60%;161,60%;4,70%
;Actividades culturales;389.068;420.216;431.567;489.719;501.381;460.306;651.763;538.835;663.967;891.189;6.864.457;8.564.318;7.647.183;3.313.054;2.464.694;1.223.161;1.589.157;2.865.892;2.199.498;;8,00%;2,70%;13,50%;2,40%;-8,20%;41,60%;-17,30%;23,20%;34,20%;670,30%;24,80%;-10,70%;-56,70%;-25,60%;-50,40%;29,90%;80,30%;-23,30%
;Actividades deportivas y recreativas;327.188;374.882;206.048;285.464;372.021;112.565;935.446;646.828;55.950;695.840;708.003;1.245.513;1.362.771;1.571.414;1.166.640;1.057.772;537.251;1.642.213;1.318.573;;14,60%;-45,00%;38,50%;30,30%;-69,70%;731,00%;-30,90%;-91,40%;1143,70%;1,70%;75,90%;9,40%;15,30%;-25,80%;-9,30%;-49,20%;205,70%;-19,70%
;Comercio al por menor de bienes característicos del turismo;125.574;129.311;104.315;102.848;91.112;106.149;76.297;138.728;205.026;142.719;959.601;1.525.905;915.937;93.029;107.438;52.971;66.321;104.405;175.583;;3,00%;-19,30%;-1,40%;-11,40%;16,50%;-28,10%;81,80%;47,80%;-30,40%;572,40%;59,00%;-40,00%;-89,80%;15,50%;-50,70%;25,20%;57,40%;68,20%
;Actividades relacionadas con segundos hogares y multipropiedades;22.056.367;22.685.534;29.307.689;23.798.686;25.101.700;25.789.615;29.889.560;32.535.723;47.994.581;51.356.209;75.038.195;88.422.204;88.165.559;86.037.178;62.390.189;60.872.139;79.110.803;64.304.044;60.650.993;;2,90%;29,20%;-18,80%;5,50%;2,70%;15,90%;8,90%;47,50%;7,00%;46,10%;17,80%;-0,30%;-2,40%;-27,50%;-2,40%;30,00%;-18,70%;-5,70%
13124;Pudahuel;1.977.709;1.563.581;2.781.490;3.279.558;3.444.433;4.191.694;7.732.852;4.729.252;4.688.451;2.604.419;11.255.430;21.121.458;15.230.019;21.539.340;30.777.834;27.839.294;24.776.931;25.842.721;38.009.117;;-20,90%;77,90%;17,90%;5,00%;21,70%;84,50%;-38,80%;-0,90%;-44,50%;332,20%;87,70%;-27,90%;41,40%;42,90%;-9,50%;-11,00%;4,30%;47,10%
;Alojamiento turístico;*;0;0;410.252;0;0;0;629.670;*;0;0;0;0;1.632.951;1.570.936;856.701;1.366.213;2.044.405;2.106.515;;;;;-100,00%;;;;;;;;;;-3,80%;-45,50%;59,50%;49,60%;3,00%
;Actividades de provisión de alimentos y bebidas;880.539;891.875;575.111;498.892;1.116.091;1.149.332;1.119.165;1.266.532;1.427.741;1.100.570;1.699.524;11.144.722;4.032.960;5.910.132;4.918.528;2.381.396;3.526.638;5.439.447;3.704.334;;1,30%;-35,50%;-13,30%;123,70%;3,00%;-2,60%;13,20%;12,70%;-22,90%;54,40%;555,80%;-63,80%;46,50%;-16,80%;-51,60%;48,10%;54,20%;-31,90%
;Transporte de pasajeros por ferrocarril;0;0;0;0;0;0;0;0;0;0;0;0;0;0;0;0;0;0;0;;;;;;;;;;;;;;;;;;;
;Transporte de pasajeros por carretera;154.992;259.157;651.330;392.427;431.855;635.638;768.238;1.056.575;1.099.719;358.372;1.097.612;420.191;514.696;855.289;934.724;578.263;884.034;997.041;1.037.546;;67,20%;151,30%;-39,70%;10,00%;47,20%;20,90%;37,50%;4,10%;-67,40%;206,30%;-61,70%;22,50%;66,20%;9,30%;-38,10%;52,90%;12,80%;4,10%
;Transporte de pasajeros por agua;0;0;0;0;0;0;0;0;0;0;0;0;0;0;0;0;0;*;*;;;;;;;;;;;;;;;;;;;
;Transporte aéreo de pasajeros;*;*;*;*;*;*;*;*;*;*;*;*;*;*;*;*;*;*;*;;;;;;;;;;;;;;;;;;;
;Alquiler de equipos de transporte;225.936;206.960;469.730;659.192;535.696;690.243;3.991.035;1.044.369;1.290.196;9.506;4.348.780;5.248.977;4.394.023;8.796.092;9.634.542;10.326.779;10.349.639;11.108.669;12.407.725;;-8,40%;127,00%;40,30%;-18,70%;28,80%;478,20%;-73,80%;23,50%;-99,30%;45645,80%;20,70%;-16,30%;100,20%;9,50%;7,20%;0,20%;7,30%;11,70%
;Actividades de agencias de viajes y de otros servicios de reservas;*;*;*;*;*;*;*;*;*;*;232.626;262.353;15.656;10.536;7.788;0;*;*;*;;;;;;;;;;;;12,80%;-94,00%;-32,70%;-26,10%;-100,00%;;;
;Actividades culturales;*;*;*;*;*;*;*;*;*;*;0;6.042;12.728;7.746;46.343;12.770;1.000;5.571;23.239;;;;;;;;;;;;;110,70%;-39,10%;498,30%;-72,40%;-92,20%;457,00%;317,10%
;Actividades deportivas y recreativas;0;0;0;*;0;0;0;0;0;0;69.928;82.109;84.773;39.610;35.719;11.762;9.230;8.016;15.620;;;;;;;;;;;;17,40%;3,20%;-53,30%;-9,80%;-67,10%;-21,50%;-13,20%;94,90%
;Comercio al por menor de bienes característicos del turismo;73.821;75.707;64.422;61.794;46.733;48.268;52.137;50.147;39.349;*;*;2.870;8.859;68.870;63.494;20.336;17.817;15.971;5.250;;2,60%;-14,90%;-4,10%;-24,40%;3,30%;8,00%;-3,80%;-21,50%;;;;208,60%;677,40%;-7,80%;-68,00%;-12,40%;-10,40%;-67,10%
;Actividades relacionadas con segundos hogares y multipropiedades;642.421;129.882;1.020.897;1.257.000;1.314.058;1.668.213;1.802.276;681.958;831.446;1.135.970;3.806.960;3.954.193;6.166.322;4.218.113;13.565.760;13.651.286;8.622.360;6.223.600;18.708.888;;-79,80%;686,00%;23,10%;4,50%;27,00%;8,00%;-62,20%;21,90%;36,60%;235,10%;3,90%;55,90%;-31,60%;221,60%;0,60%;-36,80%;-27,80%;200,60%
13125;Quilicura;1.724.378;2.550.044;2.891.745;3.388.524;4.929.362;2.220.384;36.490.733;3.368.782;6.016.394;8.689.950;165.781.674;314.362.606;327.547.862;347.524.559;15.677.429;13.291.510;13.800.606;20.595.961;11.306.391;;47,90%;13,40%;17,20%;45,50%;-55,00%;1543,40%;-90,80%;78,60%;44,40%;1807,70%;89,60%;4,20%;6,10%;-95,50%;-15,20%;3,80%;49,20%;-45,10%
;Alojamiento turístico;*;*;*;*;*;*;*;*;0;*;*;*;*;*;*;*;*;*;*;;;;;;;;;;;;;;;;;;;
;Actividades de provisión de alimentos y bebidas;1.169.940;1.577.609;1.921.324;2.151.910;3.573.381;636.988;558.706;670.445;749.060;800.288;1.321.334;10.610.320;1.610.442;2.117.938;3.243.038;3.731.233;1.674.543;2.589.828;4.128.046;;34,80%;21,80%;12,00%;66,10%;-82,20%;-12,30%;20,00%;11,70%;6,80%;65,10%;703,00%;-84,80%;31,50%;53,10%;15,10%;-55,10%;54,70%;59,40%
;Transporte de pasajeros por ferrocarril;0;*;0;0;0;0;0;0;0;0;0;0;0;0;*;0;0;0;0;;;;;;;;;;;;;;;;;;;
;Transporte de pasajeros por carretera;35.589;50.921;65.388;81.470;121.578;175.434;33.995.270;206.447;1.466.145;1.665.125;1.575.656;1.491.429;1.624.315;346.037;350.060;374.147;526.751;425.159;442.568;;43,10%;28,40%;24,60%;49,20%;44,30%;19277,80%;-99,40%;610,20%;13,60%;-5,40%;-5,30%;8,90%;-78,70%;1,20%;6,90%;40,80%;-19,30%;4,10%
;Transporte de pasajeros por agua;0;0;0;0;0;0;0;0;*;*;*;*;*;0;0;0;*;0;0;;;;;;;;;;;;;;;;;;;
;Transporte aéreo de pasajeros;*;0;0;0;*;0;0;*;*;*;0;0;*;*;0;*;0;0;0;;;;;;;;;;;;;;;;;;;
;Alquiler de equipos de transporte;48.598;69.397;11.106;15.728;15.413;23.202;41.199;511.139;839.990;838.041;1.198.719;1.018.850;508.449;13.228.076;276.335;277.706;271.466;237.712;160.747;;42,80%;-84,00%;41,60%;-2,00%;50,50%;77,60%;1140,70%;64,30%;-0,20%;43,00%;-15,00%;-50,10%;2501,70%;-97,90%;0,50%;-2,20%;-12,40%;-32,40%
;Actividades de agencias de viajes y de otros servicios de reservas;*;*;*;*;*;*;*;*;*;*;21.323;27.315;29.150;4.665;9.170;6.032;29.390;70.813;*;;;;;;;;;;;;28,10%;6,70%;-84,00%;96,60%;-34,20%;387,20%;140,90%;
;Actividades culturales;*;0;*;*;*;*;*;*;0;*;*;35.511;35.618;34.641;35.575;15.195;19.899;136.140;119.742;;;;;;;;;;;;;0,30%;-2,70%;2,70%;-57,30%;31,00%;584,20%;-12,00%
;Actividades deportivas y recreativas;*;*;*;*;*;*;*;*;0;0;59.237;77.712;87.454;613.051;52.379;19.010;19.235;59.296;20.164;;;;;;;;;;;;31,20%;12,50%;601,00%;-91,50%;-63,70%;1,20%;208,30%;-66,00%
;Comercio al por menor de bienes característicos del turismo;4.051;7.044;4.941;3.457;14.405;30.446;12.672;*;*;*;*;*;3.225;2.998;8.109;5.154;4.418;2.913;2.247;;73,90%;-29,80%;-30,00%;316,80%;111,40%;-58,40%;;;;;;;-7,10%;170,50%;-36,50%;-14,30%;-34,10%;-22,90%
;Actividades relacionadas con segundos hogares y multipropiedades;466.200;845.074;888.985;1.135.960;1.204.585;1.354.315;1.882.886;1.980.750;2.961.200;5.386.497;161.605.405;301.101.469;323.649.208;331.177.152;11.702.762;8.863.033;11.254.906;17.074.099;6.432.878;;81,30%;5,20%;27,80%;6,00%;12,40%;39,00%;5,20%;49,50%;81,90%;2900,20%;86,30%;7,50%;2,30%;-96,50%;-24,30%;27,00%;51,70%;-62,30%
13126;Quinta Normal;620.417;718.204;845.198;949.654;1.491.594;1.437.220;1.907.998;2.463.789;2.282.566;3.030.763;3.367.032;3.915.234;3.970.190;4.528.596;4.488.328;4.113.422;4.927.863;6.039.267;5.963.587;;15,80%;17,70%;12,40%;57,10%;-3,60%;32,80%;29,10%;-7,40%;32,80%;11,10%;16,30%;1,40%;14,10%;-0,90%;-8,40%;19,80%;22,60%;-1,30%
;Alojamiento turístico;*;*;*;*;*;0;0;*;0;0;*;*;0;0;0;0;0;0;0;;;;;;;;;;;;;;;;;;;
;Actividades de provisión de alimentos y bebidas;172.398;175.525;196.464;202.857;252.884;246.143;310.084;773.005;474.390;529.959;1.057.427;650.344;1.377.939;1.779.379;1.558.547;985.094;1.346.574;1.512.445;1.522.185;;1,80%;11,90%;3,30%;24,70%;-2,70%;26,00%;149,30%;-38,60%;11,70%;99,50%;-38,50%;111,90%;29,10%;-12,40%;-36,80%;36,70%;12,30%;0,60%
;Transporte de pasajeros por ferrocarril;*;0;0;0;0;*;0;0;0;0;0;0;0;0;0;0;0;0;0;;;;;;;;;;;;;;;;;;;
;Transporte de pasajeros por carretera;300.047;155.796;423.914;569.063;558.949;786.969;977.191;1.146.385;1.129.468;1.137.699;993.387;946.135;1.156.534;2.075.123;2.257.505;1.721.742;2.420.918;2.772.495;2.953.467;;-48,10%;172,10%;34,20%;-1,80%;40,80%;24,20%;17,30%;-1,50%;0,70%;-12,70%;-4,80%;22,20%;79,40%;8,80%;-23,70%;40,60%;14,50%;6,50%
;Transporte de pasajeros por agua;0;0;*;0;0;0;0;0;0;0;0;0;0;0;0;0;0;0;0;;;;;;;;;;;;;;;;;;;
;Transporte aéreo de pasajeros;0;0;0;0;0;0;0;0;0;0;0;0;*;*;*;*;*;*;*;;;;;;;;;;;;;;;;;;;
;Alquiler de equipos de transporte;23.552;18.323;2.549;45.826;177.587;166.368;458.687;211.249;406.504;474.024;451.415;1.100.740;415.503;67.790;135.685;108.054;395.523;537.363;51.174;;-22,20%;-86,10%;1697,70%;287,50%;-6,30%;175,70%;-53,90%;92,40%;16,60%;-4,80%;143,80%;-62,30%;-83,70%;100,20%;-20,40%;266,00%;35,90%;-90,50%
;Actividades de agencias de viajes y de otros servicios de reservas;*;*;*;*;*;0;*;0;*;*;*;*;*;*;*;*;*;*;*;;;;;;;;;;;;;;;;;;;
;Actividades culturales;*;*;*;0;0;0;0;0;*;*;*;*;*;0;0;0;0;12.741;0;;;;;;;;;;;;;;;;;;;-100,00%
;Actividades deportivas y recreativas;0;*;0;0;0;0;0;0;0;0;77.197;61.784;97.208;53.626;33.897;11.518;29.124;37.709;16.958;;;;;;;;;;;;-20,00%;57,30%;-44,80%;-36,80%;-66,00%;152,90%;29,50%;-55,00%
;Comercio al por menor de bienes característicos del turismo;9.505;7.027;7.325;*;4.414;9.288;6.213;*;*;2.675;4.391;5.929;5.321;3.534;1.507;1.622;7.440;29.945;23.984;;-26,10%;4,20%;;;110,40%;-33,10%;;;;64,10%;35,00%;-10,30%;-33,60%;-57,40%;7,60%;358,70%;302,50%;-19,90%
;Actividades relacionadas con segundos hogares y multipropiedades;114.914;361.534;214.946;131.908;497.761;228.451;155.823;333.150;272.204;886.407;783.214;1.150.304;917.685;549.144;501.187;1.285.393;728.285;1.136.569;1.395.819;;214,60%;-40,50%;-38,60%;277,40%;-54,10%;-31,80%;113,80%;-18,30%;225,60%;-11,60%;46,90%;-20,20%;-40,20%;-8,70%;156,50%;-43,30%;56,10%;22,80%
13127;Recoleta;3.118.709;2.882.360;3.672.174;3.435.950;4.219.012;5.625.194;5.162.937;5.855.186;5.808.520;6.686.841;12.416.030;12.575.479;14.614.265;12.794.091;20.210.931;16.845.311;16.049.248;18.023.048;16.003.497;;-7,60%;27,40%;-6,40%;22,80%;33,30%;-8,20%;13,40%;-0,80%;15,10%;85,70%;1,30%;16,20%;-12,50%;58,00%;-16,70%;-4,70%;12,30%;-11,20%
;Alojamiento turístico;0;26.557;0;0;0;0;0;32.356;43.717;63.717;131.869;78.963;98.267;89.289;116.843;66.085;76.519;142.107;105.146;;;-100,00%;;;;;;35,10%;45,80%;107,00%;-40,10%;24,40%;-9,10%;30,90%;-43,40%;15,80%;85,70%;-26,00%
;Actividades de provisión de alimentos y bebidas;459.444;497.816;556.644;591.353;637.016;857.499;864.278;878.985;898.903;981.410;1.337.936;1.756.760;1.993.765;1.731.929;1.755.047;856.071;1.266.155;1.916.929;2.247.576;;8,40%;11,80%;6,20%;7,70%;34,60%;0,80%;1,70%;2,30%;9,20%;36,30%;31,30%;13,50%;-13,10%;1,30%;-51,20%;47,90%;51,40%;17,20%
;Transporte de pasajeros por ferrocarril;0;0;0;0;0;0;0;0;0;0;0;0;0;0;0;0;0;0;0;;;;;;;;;;;;;;;;;;;
;Transporte de pasajeros por carretera;149.056;154.412;222.436;221.575;193.730;193.463;237.430;232.950;331.986;317.278;352.047;349.643;380.347;389.100;354.813;334.228;428.062;440.016;361.375;;3,60%;44,10%;-0,40%;-12,60%;-0,10%;22,70%;-1,90%;42,50%;-4,40%;11,00%;-0,70%;8,80%;2,30%;-8,80%;-5,80%;28,10%;2,80%;-17,90%
;Transporte de pasajeros por agua;*;*;0;0;*;*;*;0;0;0;0;0;0;0;0;0;0;0;0;;;;;;;;;;;;;;;;;;;
;Transporte aéreo de pasajeros;*;*;*;*;*;*;*;*;*;*;*;0;0;0;0;*;*;*;*;;;;;;;;;;;;;;;;;;;
;Alquiler de equipos de transporte;101.287;104.396;14.219;13.128;53.528;42.931;66.070;69.559;71.855;18.277;333.470;302.111;244.837;207.146;133.898;50.685;43.140;40.878;36.077;;3,10%;-86,40%;-7,70%;307,70%;-19,80%;53,90%;5,30%;3,30%;-74,60%;1724,50%;-9,40%;-19,00%;-15,40%;-35,40%;-62,10%;-14,90%;-5,20%;-11,70%
;Actividades de agencias de viajes y de otros servicios de reservas;*;*;*;*;*;*;*;*;28.257;*;21.320;29.856;31.515;44.024;18.924;16.607;6.907;5.773;9.330;;;;;;;;;;;;40,00%;5,60%;39,70%;-57,00%;-12,20%;-58,40%;-16,40%;61,60%
;Actividades culturales;0;0;0;0;0;0;0;9.326;92.084;100.335;192.287;407.553;452.226;1.386.475;1.521.984;406.008;172.417;842.579;1.590.747;;;;;;;;;887,40%;9,00%;91,60%;111,90%;11,00%;206,60%;9,80%;-73,30%;-57,50%;388,70%;88,80%
;Actividades deportivas y recreativas;0;3.858;0;0;0;2.296;0;0;0;14.018;108.315;147.320;133.050;192.919;155.053;51.381;65.037;515.607;151.611;;;-100,00%;;;;-100,00%;;;;672,70%;36,00%;-9,70%;45,00%;-19,60%;-66,90%;26,60%;692,80%;-70,60%
;Comercio al por menor de bienes característicos del turismo;28.636;21.894;18.005;14.433;11.078;13.013;14.569;13.527;14.967;11.314;16.886;17.593;13.744;49.734;17.026;10.103;18.295;17.907;16.556;;-23,50%;-17,80%;-19,80%;-23,20%;17,50%;12,00%;-7,20%;10,60%;-24,40%;49,30%;4,20%;-21,90%;261,90%;-65,80%;-40,70%;81,10%;-2,10%;-7,50%
;Actividades relacionadas con segundos hogares y multipropiedades;2.380.286;2.073.427;2.860.870;2.595.461;3.323.660;4.515.992;3.980.590;4.618.481;4.326.752;5.180.492;9.921.900;9.485.680;11.266.514;8.703.476;16.137.344;15.054.144;13.972.717;14.101.252;11.485.080;;-12,90%;38,00%;-9,30%;28,10%;35,90%;-11,90%;16,00%;-6,30%;19,70%;91,50%;-4,40%;18,80%;-22,70%;85,40%;-6,70%;-7,20%;0,90%;-18,60%
13128;Renca;506.342;529.139;818.339;470.815;683.351;493.284;622.515;1.684.214;2.210.274;1.978.289;4.424.118;4.610.900;5.212.527;4.982.633;3.833.278;3.309.552;6.206.895;4.423.491;4.604.806;;4,50%;54,70%;-42,50%;45,10%;-27,80%;26,20%;170,50%;31,20%;-10,50%;123,60%;4,20%;13,00%;-4,40%;-23,10%;-13,70%;87,50%;-28,70%;4,10%
;Alojamiento turístico;*;*;*;*;*;*;*;*;*;*;*;*;*;*;*;*;*;*;*;;;;;;;;;;;;;;;;;;;
;Actividades de provisión de alimentos y bebidas;145.569;166.659;177.462;170.527;177.676;183.617;189.469;214.268;242.958;281.715;329.276;350.308;482.888;543.017;581.049;573.603;577.679;567.609;607.556;;14,50%;6,50%;-3,90%;4,20%;3,30%;3,20%;13,10%;13,40%;16,00%;16,90%;6,40%;37,80%;12,50%;7,00%;-1,30%;0,70%;-1,70%;7,00%
;Transporte de pasajeros por ferrocarril;0;0;0;0;0;0;0;0;0;0;0;0;0;0;0;0;0;0;0;;;;;;;;;;;;;;;;;;;
;Transporte de pasajeros por carretera;59.305;51.616;75.272;84.006;100.983;147.569;168.193;705.348;1.061.564;1.309.964;1.192.171;1.048.793;1.176.748;1.042.357;922.143;928.639;1.176.185;1.320.646;1.552.319;;-13,00%;45,80%;11,60%;20,20%;46,10%;14,00%;319,40%;50,50%;23,40%;-9,00%;-12,00%;12,20%;-11,40%;-11,50%;0,70%;26,70%;12,30%;17,50%
;Transporte de pasajeros por agua;0;0;0;0;0;0;0;0;0;0;*;*;*;*;0;0;0;0;0;;;;;;;;;;;;;;;;;;;
;Transporte aéreo de pasajeros;0;0;0;0;0;0;0;0;0;0;0;0;0;0;0;0;0;0;0;;;;;;;;;;;;;;;;;;;
;Alquiler de equipos de transporte;*;81.969;*;*;*;*;*;*;*;*;29.629;343.579;490.604;111.876;59.014;84.217;117.754;77.407;98.849;;;;;;;;;;;;1059,60%;42,80%;-77,20%;-47,30%;42,70%;39,80%;-34,30%;27,70%
;Actividades de agencias de viajes y de otros servicios de reservas;0;0;*;*;*;*;*;*;*;*;*;*;*;*;*;*;*;0;*;;;;;;;;;;;;;;;;;;;
;Actividades culturales;0;*;*;*;*;*;*;*;*;*;*;*;*;*;*;*;0;0;0;;;;;;;;;;;;;;;;;;;
;Actividades deportivas y recreativas;0;*;*;*;*;*;*;*;*;*;51.986;36.390;35.271;21.677;4.975;0;3.821;6.947;0;;;;;;;;;;;;-30,00%;-3,10%;-38,50%;-77,10%;-100,00%;;81,80%;-100,00%
;Comercio al por menor de bienes característicos del turismo;21.141;*;*;*;*;*;*;*;*;*;*;5.742;*;*;2.646;1.533;*;*;*;;;;;;;;;;;;;;;;-42,10%;;;
;Actividades relacionadas con segundos hogares y multipropiedades;280.328;228.894;565.605;216.281;404.692;162.098;264.854;764.597;905.752;386.610;2.821.056;2.826.089;3.027.017;3.263.707;2.263.452;1.721.560;4.331.457;2.450.881;2.346.082;;-18,30%;147,10%;-61,80%;87,10%;-59,90%;63,40%;188,70%;18,50%;-57,30%;629,70%;0,20%;7,10%;7,80%;-30,60%;-23,90%;151,60%;-43,40%;-4,30%
13129;San Joaquín;420.227;365.822;357.221;406.653;481.268;521.986;543.716;672.601;572.204;469.459;4.170.803;2.302.385;2.457.640;3.309.095;3.579.391;2.114.882;7.035.724;3.703.548;3.782.923;;-12,90%;-2,40%;13,80%;18,30%;8,50%;4,20%;23,70%;-14,90%;-18,00%;788,40%;-44,80%;6,70%;34,60%;8,20%;-40,90%;232,70%;-47,40%;2,10%
;Alojamiento turístico;*;*;*;*;*;*;*;*;*;*;*;*;*;*;*;*;*;*;*;;;;;;;;;;;;;;;;;;;
;Actividades de provisión de alimentos y bebidas;116.526;133.664;149.104;153.364;167.797;179.151;191.305;143.772;142.167;157.728;1.459.529;629.142;643.315;227.765;241.507;172.192;289.072;382.434;351.348;;14,70%;11,60%;2,90%;9,40%;6,80%;6,80%;-24,80%;-1,10%;10,90%;825,30%;-56,90%;2,30%;-64,60%;6,00%;-28,70%;67,90%;32,30%;-8,10%
;Transporte de pasajeros por ferrocarril;0;0;0;0;0;0;0;0;0;0;0;0;0;0;0;0;0;0;0;;;;;;;;;;;;;;;;;;;
;Transporte de pasajeros por carretera;46.600;43.862;47.879;50.666;58.213;45.848;57.373;61.814;58.131;56.313;78.524;79.633;105.930;84.655;120.303;110.282;268.219;233.282;175.460;;-5,90%;9,20%;5,80%;14,90%;-21,20%;25,10%;7,70%;-6,00%;-3,10%;39,40%;1,40%;33,00%;-20,10%;42,10%;-8,30%;143,20%;-13,00%;-24,80%
;Transporte de pasajeros por agua;0;0;0;0;0;0;0;0;0;0;0;0;0;0;0;0;0;0;0;;;;;;;;;;;;;;;;;;;
;Transporte aéreo de pasajeros;*;0;0;*;*;*;*;*;*;*;*;*;*;0;0;0;0;0;0;;;;;;;;;;;;;;;;;;;
;Alquiler de equipos de transporte;25.301;33.676;8.012;7.116;10.359;7.671;*;15.059;20.885;*;45.783;56.001;27.992;36.877;21.929;19.771;33.446;14.719;13.740;;33,10%;-76,20%;-11,20%;45,60%;-26,00%;;;38,70%;;;22,30%;-50,00%;31,70%;-40,50%;-9,80%;69,20%;-56,00%;-6,70%
;Actividades de agencias de viajes y de otros servicios de reservas;*;*;*;*;*;*;*;*;*;*;*;*;8.944;*;*;*;*;*;*;;;;;;;;;;;;;;;;;;;
;Actividades culturales;*;*;*;*;*;*;*;*;*;*;0;0;0;55.244;57.814;6.979;19.312;27.024;46.645;;;;;;;;;;;;;;;4,70%;-87,90%;176,70%;39,90%;72,60%
;Actividades deportivas y recreativas;*;*;*;*;*;*;*;*;*;*;127.363;131.387;138.207;28.554;9.480;0;0;0;0;;;;;;;;;;;;3,20%;5,20%;-79,30%;-66,80%;-100,00%;;;
;Comercio al por menor de bienes característicos del turismo;2.756;2.795;2.697;1.286;1.493;2.293;1.898;1.688;*;*;*;*;*;*;*;*;*;3.509;*;;1,40%;-3,50%;-52,30%;16,10%;53,60%;-17,20%;-11,10%;;;;;;;;;;;
;Actividades relacionadas con segundos hogares y multipropiedades;229.043;151.824;149.529;194.221;243.406;287.023;293.140;450.268;351.021;255.418;2.459.605;1.406.222;1.533.251;2.876.000;3.128.358;1.805.658;6.425.676;3.042.580;3.195.731;;-33,70%;-1,50%;29,90%;25,30%;17,90%;2,10%;53,60%;-22,00%;-27,20%;863,00%;-42,80%;9,00%;87,60%;8,80%;-42,30%;255,90%;-52,60%;5,00%
13130;San Miguel;1.312.430;1.222.230;1.278.397;1.360.359;1.382.179;1.669.098;1.701.270;1.897.146;1.855.826;2.429.942;3.355.863;3.449.898;3.478.333;3.507.587;2.600.691;3.284.160;4.663.287;4.838.168;4.034.451;;-6,90%;4,60%;6,40%;1,60%;20,80%;1,90%;11,50%;-2,20%;30,90%;38,10%;2,80%;0,80%;0,80%;-25,90%;26,30%;42,00%;3,80%;-16,60%
;Alojamiento turístico;0;0;0;23.158;24.593;100.120;57.798;0;0;0;31.841;0;0;0;0;0;0;58.037;50.743;;;;;6,20%;307,10%;-42,30%;-100,00%;;;;-100,00%;;;;;;;-12,60%
;Actividades de provisión de alimentos y bebidas;363.616;393.820;450.020;426.105;495.294;587.545;554.820;571.521;704.689;854.909;825.402;747.367;783.610;1.039.266;978.790;768.190;1.335.095;1.498.133;1.277.336;;8,30%;14,30%;-5,30%;16,20%;18,60%;-5,60%;3,00%;23,30%;21,30%;-3,50%;-9,50%;4,80%;32,60%;-5,80%;-21,50%;73,80%;12,20%;-14,70%
;Transporte de pasajeros por ferrocarril;0;0;0;0;0;0;0;0;0;0;0;0;0;0;0;0;0;0;0;;;;;;;;;;;;;;;;;;;
;Transporte de pasajeros por carretera;179.268;228.486;247.538;255.677;243.352;272.271;403.458;460.036;210.370;245.057;271.174;266.375;155.928;129.219;192.283;234.157;355.497;321.154;305.486;;27,50%;8,30%;3,30%;-4,80%;11,90%;48,20%;14,00%;-54,30%;16,50%;10,70%;-1,80%;-41,50%;-17,10%;48,80%;21,80%;51,80%;-9,70%;-4,90%
;Transporte de pasajeros por agua;0;0;0;0;0;0;0;0;0;0;0;0;0;0;0;0;0;0;0;;;;;;;;;;;;;;;;;;;
;Transporte aéreo de pasajeros;0;0;0;0;0;0;0;0;0;0;0;0;0;0;0;0;0;0;0;;;;;;;;;;;;;;;;;;;
;Alquiler de equipos de transporte;40.152;69.067;47.858;50.541;*;56.818;68.571;89.672;94.540;82.537;519.773;661.576;530.677;405.954;49.377;28.543;37.651;33.438;39.778;;72,00%;-30,70%;5,60%;;;20,70%;30,80%;5,40%;-12,70%;529,70%;27,30%;-19,80%;-23,50%;-87,80%;-42,20%;31,90%;-11,20%;19,00%
;Actividades de agencias de viajes y de otros servicios de reservas;*;*;*;*;*;*;*;*;*;*;1.678;3.196;3.040;9.198;5.010;1.639;1.642;0;*;;;;;;;;;;;;90,50%;-4,90%;202,60%;-45,50%;-67,30%;0,20%;-100,00%;
;Actividades culturales;*;*;0;0;0;64.739;0;4.518;9.407;0;57.077;15.077;151.077;44.473;46.768;27.240;26.889;76.270;36.210;;;;;;;-100,00%;;108,20%;-100,00%;;-73,60%;902,10%;-70,60%;5,20%;-41,80%;-1,30%;183,60%;-52,50%
;Actividades deportivas y recreativas;0;0;0;0;0;0;0;0;0;0;27.242;60.474;64.205;55.940;58.980;12.696;11.701;31.276;24.938;;;;;;;;;;;;122,00%;6,20%;-12,90%;5,40%;-78,50%;-7,80%;167,30%;-20,30%
;Comercio al por menor de bienes característicos del turismo;15.377;23.073;8.634;6.978;5.225;*;*;*;*;*;5.424;6.749;13.989;6.084;5.026;1.492;1.249;899;2.385;;50,00%;-62,60%;-19,20%;-25,10%;;;;;;;24,40%;107,30%;-56,50%;-17,40%;-70,30%;-16,30%;-28,00%;165,20%
;Actividades relacionadas con segundos hogares y multipropiedades;714.018;507.783;524.347;597.900;613.716;587.605;616.623;771.399;836.821;1.247.438;1.616.253;1.689.084;1.775.806;1.817.453;1.264.457;2.210.203;2.893.563;2.818.960;2.297.574;;-28,90%;3,30%;14,00%;2,60%;-4,30%;4,90%;25,10%;8,50%;49,10%;29,60%;4,50%;5,10%;2,30%;-30,40%;74,80%;30,90%;-2,60%;-18,50%
13131;San Ramón;41.926;81.669;49.894;48.039;41.567;47.538;61.479;73.613;57.495;68.223;200.413;203.216;238.887;242.772;225.991;158.401;227.939;222.702;206.413;;94,80%;-38,90%;-3,70%;-13,50%;14,40%;29,30%;19,70%;-21,90%;18,70%;193,80%;1,40%;17,60%;1,60%;-6,90%;-29,90%;43,90%;-2,30%;-7,30%
;Alojamiento turístico;*;*;*;*;*;*;*;*;*;*;*;*;*;*;*;*;*;*;*;;;;;;;;;;;;;;;;;;;
;Actividades de provisión de alimentos y bebidas;28.180;35.964;41.406;38.635;29.552;36.193;41.747;36.084;38.920;46.451;77.596;87.444;80.911;126.642;95.315;74.993;111.142;101.914;99.112;;27,60%;15,10%;-6,70%;-23,50%;22,50%;15,30%;-13,60%;7,90%;19,40%;67,00%;12,70%;-7,50%;56,50%;-24,70%;-21,30%;48,20%;-8,30%;-2,70%
;Transporte de pasajeros por ferrocarril;0;0;0;0;0;0;0;0;0;0;0;0;0;0;0;0;0;0;0;;;;;;;;;;;;;;;;;;;
;Transporte de pasajeros por carretera;13.746;10.874;5.708;9.404;10.520;11.345;19.731;12.611;18.576;21.772;36.756;42.948;45.977;61.495;85.614;62.637;88.919;103.535;67.081;;-20,90%;-47,50%;64,70%;11,90%;7,80%;73,90%;-36,10%;47,30%;17,20%;68,80%;16,80%;7,10%;33,80%;39,20%;-26,80%;42,00%;16,40%;-35,20%
;Transporte de pasajeros por agua;*;0;0;0;0;0;0;0;0;0;0;0;*;0;0;0;0;0;0;;;;;;;;;;;;;;;;;;;
;Transporte aéreo de pasajeros;0;0;0;0;0;0;0;0;0;0;0;0;0;0;0;0;0;0;0;;;;;;;;;;;;;;;;;;;
;Alquiler de equipos de transporte;*;8.113;*;*;*;*;*;*;*;*;*;*;*;*;*;*;*;*;*;;;;;;;;;;;;;;;;;;;
;Actividades de agencias de viajes y de otros servicios de reservas;0;0;0;0;0;0;0;0;0;0;*;*;*;*;*;*;*;0;0;;;;;;;;;;;;;;;;;;;
;Actividades culturales;*;*;*;*;*;*;*;*;*;*;*;*;*;*;*;*;*;*;*;;;;;;;;;;;;;;;;;;;
;Actividades deportivas y recreativas;0;0;2.779;0;1.495;0;0;0;0;0;36.432;37.415;57.851;20.378;16.083;0;2.454;0;21.979;;;;-100,00%;;-100,00%;;;;;;2,70%;54,60%;-64,80%;-21,10%;-100,00%;;-100,00%;
;Comercio al por menor de bienes característicos del turismo;*;*;*;*;*;*;*;*;*;*;*;*;*;*;*;*;*;*;*;;;;;;;;;;;;;;;;;;;
;Actividades relacionadas con segundos hogares y multipropiedades;0;26.719;0;0;0;0;0;24.918;0;0;49.629;35.409;54.148;34.257;28.979;20.771;25.425;17.253;18.240;;;-100,00%;;;;;;-100,00%;;;-28,70%;52,90%;-36,70%;-15,40%;-28,30%;22,40%;-32,10%;5,70%
13132;Vitacura;19.497.908;17.671.524;21.279.370;20.333.394;19.061.730;17.829.699;24.739.641;22.288.848;28.491.564;26.801.635;49.123.769;49.090.262;61.437.988;54.894.831;61.997.330;61.518.536;85.443.333;83.326.797;79.551.253;;-9,40%;20,40%;-4,40%;-6,30%;-6,50%;38,80%;-9,90%;27,80%;-5,90%;83,30%;-0,10%;25,20%;-10,70%;12,90%;-0,80%;38,90%;-2,50%;-4,50%
;Alojamiento turístico;365.661;353.615;429.139;485.527;453.349;498.099;993.719;1.246.704;1.465.493;1.549.570;1.717.553;930.290;875.672;1.911.900;2.216.519;1.000.269;2.494.669;2.774.829;2.697.458;;-3,30%;21,40%;13,10%;-6,60%;9,90%;99,50%;25,50%;17,50%;5,70%;10,80%;-45,80%;-5,90%;118,30%;15,90%;-54,90%;149,40%;11,20%;-2,80%
;Actividades de provisión de alimentos y bebidas;4.593.546;4.345.041;4.701.778;5.500.629;6.158.720;6.606.542;9.500.851;5.004.631;5.382.521;4.731.860;5.237.248;6.562.674;8.008.801;6.367.231;6.838.936;7.449.763;12.002.199;14.230.513;15.734.382;;-5,40%;8,20%;17,00%;12,00%;7,30%;43,80%;-47,30%;7,60%;-12,10%;10,70%;25,30%;22,00%;-20,50%;7,40%;8,90%;61,10%;18,60%;10,60%
;Transporte de pasajeros por ferrocarril;0;0;0;0;0;0;0;*;*;*;*;*;0;0;0;0;0;0;0;;;;;;;;;;;;;;;;;;;
;Transporte de pasajeros por carretera;105.648;101.144;135.754;279.792;112.246;152.551;187.827;209.960;194.927;336.160;312.040;403.608;1.207.145;1.361.598;84.408;72.631;108.411;276.542;2.142.893;;-4,30%;34,20%;106,10%;-59,90%;35,90%;23,10%;11,80%;-7,20%;72,50%;-7,20%;29,30%;199,10%;12,80%;-93,80%;-14,00%;49,30%;155,10%;674,90%
;Transporte de pasajeros por agua;*;*;*;*;*;*;*;*;*;*;*;*;*;*;*;*;*;*;*;;;;;;;;;;;;;;;;;;;
;Transporte aéreo de pasajeros;*;*;*;*;*;*;*;*;*;*;872.545;*;*;*;1.144.823;696.025;1.446.510;1.101.678;1.313.346;;;;;;;;;;;;;;;;-39,20%;107,80%;-23,80%;19,20%
;Alquiler de equipos de transporte;131.152;88.338;72.500;136.952;135.321;206.833;63.432;61.184;45.787;49.164;361.429;239.785;1.326.925;242.065;131.535;494.755;206.968;207.447;519.623;;-32,60%;-17,90%;88,90%;-1,20%;52,80%;-69,30%;-3,50%;-25,20%;7,40%;635,20%;-33,70%;453,40%;-81,80%;-45,70%;276,10%;-58,20%;0,20%;150,50%
;Actividades de agencias de viajes y de otros servicios de reservas;186.219;277.978;287.243;340.278;260.723;110.704;208.311;210.274;137.610;217.602;269.493;227.554;214.402;352.011;2.040.981;597.603;602.759;1.426.073;1.627.414;;49,30%;3,30%;18,50%;-23,40%;-57,50%;88,20%;0,90%;-34,60%;58,10%;23,80%;-15,60%;-5,80%;64,20%;479,80%;-70,70%;0,90%;136,60%;14,10%
;Actividades culturales;240.859;390.052;491.735;383.843;182.273;212.585;706.532;461.533;793.708;318.839;333.115;628.797;669.233;1.097.826;832.159;396.651;234.996;321.197;1.510.167;;61,90%;26,10%;-21,90%;-52,50%;16,60%;232,40%;-34,70%;72,00%;-59,80%;4,50%;88,80%;6,40%;64,00%;-24,20%;-52,30%;-40,80%;36,70%;370,20%
;Actividades deportivas y recreativas;17.119;0;0;0;0;0;0;0;9.285;0;1.793.989;1.645.295;1.751.005;525.531;883.238;273.672;498.028;640.505;1.419.885;;-100,00%;;;;;;;;-100,00%;;-8,30%;6,40%;-70,00%;68,10%;-69,00%;82,00%;28,60%;121,70%
;Comercio al por menor de bienes característicos del turismo;78.866;91.535;84.019;56.690;70.014;69.143;35.467;41.540;47.552;243.380;269.400;267.370;63.349;48.760;63.196;21.871;59.478;20.171;15.402;;16,10%;-8,20%;-32,50%;23,50%;-1,20%;-48,70%;17,10%;14,50%;411,80%;10,70%;-0,80%;-76,30%;-23,00%;29,60%;-65,40%;172,00%;-66,10%;-23,60%
;Actividades relacionadas con segundos hogares y multipropiedades;13.778.838;12.023.822;15.077.202;13.149.683;11.689.083;9.973.242;13.043.502;15.053.021;20.414.681;19.355.060;37.956.957;38.184.889;47.321.457;42.987.909;47.761.535;50.515.296;67.789.315;62.327.842;52.570.684;;-12,70%;25,40%;-12,80%;-11,10%;-14,70%;30,80%;15,40%;35,60%;-5,20%;96,10%;0,60%;23,90%;-9,20%;11,10%;5,80%;34,20%;-8,10%;-15,70%
13201;Puente Alto;1.126.391;1.189.707;1.516.059;1.516.187;1.519.829;1.429.972;1.353.788;1.583.747;2.127.274;2.493.911;3.389.082;4.151.408;4.749.929;3.392.479;3.823.357;3.172.740;4.434.378;4.313.599;4.246.475;;5,60%;27,40%;0,00%;0,20%;-5,90%;-5,30%;17,00%;34,30%;17,20%;35,90%;22,50%;14,40%;-28,60%;12,70%;-17,00%;39,80%;-2,70%;-1,60%
;Alojamiento turístico;*;0;14.902;0;0;0;0;0;0;0;0;0;0;0;0;0;0;0;0;;;;-100,00%;;;;;;;;;;;;;;;
;Actividades de provisión de alimentos y bebidas;426.177;478.550;594.486;607.969;672.585;724.621;632.146;698.604;1.090.952;1.238.405;1.459.537;1.873.503;2.177.209;1.589.053;1.700.257;1.313.860;1.765.589;1.861.945;1.778.070;;12,30%;24,20%;2,30%;10,60%;7,70%;-12,80%;10,50%;56,20%;13,50%;17,90%;28,40%;16,20%;-27,00%;7,00%;-22,70%;34,40%;5,50%;-4,50%
;Transporte de pasajeros por ferrocarril;0;*;*;*;0;0;0;*;0;0;*;*;0;0;0;0;0;0;0;;;;;;;;;;;;;;;;;;;
;Transporte de pasajeros por carretera;151.333;226.034;333.049;424.160;432.253;427.303;433.518;590.287;648.574;617.653;546.335;592.987;699.946;871.782;958.732;1.000.683;1.127.855;1.005.410;961.110;;49,40%;47,30%;27,40%;1,90%;-1,10%;1,50%;36,20%;9,90%;-4,80%;-11,50%;8,50%;18,00%;24,50%;10,00%;4,40%;12,70%;-10,90%;-4,40%
;Transporte de pasajeros por agua;0;0;0;0;0;0;0;0;0;0;0;*;*;0;0;0;0;0;0;;;;;;;;;;;;;;;;;;;
;Transporte aéreo de pasajeros;*;*;0;0;0;0;0;0;*;0;0;0;0;0;0;0;0;*;0;;;;;;;;;;;;;;;;;;;
;Alquiler de equipos de transporte;109.010;70.063;24.339;21.629;49.277;31.544;29.429;28.572;27.164;67.020;89.020;277.328;280.228;133.204;94.934;61.288;60.950;50.379;46.073;;-35,70%;-65,30%;-11,10%;127,80%;-36,00%;-6,70%;-2,90%;-4,90%;146,70%;32,80%;211,50%;1,00%;-52,50%;-28,70%;-35,40%;-0,60%;-17,30%;-8,50%
;Actividades de agencias de viajes y de otros servicios de reservas;*;*;*;*;*;*;*;*;*;*;31.004;27.126;18.664;18.630;7.579;0;8.141;0;0;;;;;;;;;;;;-12,50%;-31,20%;-0,20%;-59,30%;-100,00%;;-100,00%;
;Actividades culturales;0;9.328;12.173;13.974;0;0;7.126;20.232;25.303;34.556;60.601;70.999;71.033;81.150;78.382;24.625;44.104;91.757;89.821;;;30,50%;14,80%;-100,00%;;;183,90%;25,10%;36,60%;75,40%;17,20%;0,00%;14,20%;-3,40%;-68,60%;79,10%;108,00%;-2,10%
;Actividades deportivas y recreativas;5.219;6.930;10.202;13.177;17.360;15.556;14.201;11.151;9.905;15.388;84.869;126.922;148.706;154.067;104.116;25.064;51.862;63.738;40.706;;32,80%;47,20%;29,20%;31,70%;-10,40%;-8,70%;-21,50%;-11,20%;55,40%;451,50%;49,60%;17,20%;3,60%;-32,40%;-75,90%;106,90%;22,90%;-36,10%
;Comercio al por menor de bienes característicos del turismo;20.669;19.638;12.479;8.553;7.940;7.599;10.282;11.832;14.118;17.536;19.022;27.282;26.953;16.646;20.099;14.494;27.554;24.381;19.108;;-5,00%;-36,50%;-31,50%;-7,20%;-4,30%;35,30%;15,10%;19,30%;24,20%;8,50%;43,40%;-1,20%;-38,20%;20,70%;-27,90%;90,10%;-11,50%;-21,60%
;Actividades relacionadas con segundos hogares y multipropiedades;413.983;379.164;514.428;426.726;340.415;223.350;227.086;223.069;311.259;503.352;1.098.693;1.155.261;1.327.191;527.948;859.259;732.726;1.348.322;1.215.988;1.311.587;;-8,40%;35,70%;-17,00%;-20,20%;-34,40%;1,70%;-1,80%;39,50%;61,70%;118,30%;5,10%;14,90%;-60,20%;62,80%;-14,70%;84,00%;-9,80%;7,90%
13202;Pirque;5.341.434;6.455.564;6.295.644;3.249.978;2.126.874;2.947.409;4.592.759;3.182.070;2.628.721;4.035.006;244.918;575.272;262.146;1.555.076;452.490;1.211.956;1.442.343;1.043.254;1.690.907;;20,90%;-2,50%;-48,40%;-34,60%;38,60%;55,80%;-30,70%;-17,40%;53,50%;-93,90%;134,90%;-54,40%;493,20%;-70,90%;167,80%;19,00%;-27,70%;62,10%
;Alojamiento turístico;0;0;*;*;*;*;*;*;*;*;0;17.282;15.283;15.384;21.084;13.886;22.545;25.564;0;;;;;;;;;;;;;-11,60%;0,70%;37,10%;-34,10%;62,40%;13,40%;-100,00%
;Actividades de provisión de alimentos y bebidas;15.068;12.680;12.284;13.627;10.301;12.245;12.689;14.149;32.035;40.615;87.048;101.992;84.086;207.156;125.168;63.668;152.572;171.037;157.173;;-15,80%;-3,10%;10,90%;-24,40%;18,90%;3,60%;11,50%;126,40%;26,80%;114,30%;17,20%;-17,60%;146,40%;-39,60%;-49,10%;139,60%;12,10%;-8,10%
;Transporte de pasajeros por ferrocarril;0;0;0;0;0;0;0;0;0;0;0;0;0;0;0;0;0;0;0;;;;;;;;;;;;;;;;;;;
;Transporte de pasajeros por carretera;1.553;1.827;2.144;2.254;2.633;3.127;13.288;9.929;9.708;7.626;6.438;263.298;40.811;19.969;18.816;7.687;9.173;18.928;24.043;;17,70%;17,40%;5,20%;16,80%;18,80%;324,90%;-25,30%;-2,20%;-21,50%;-15,60%;3989,40%;-84,50%;-51,10%;-5,80%;-59,10%;19,30%;106,30%;27,00%
;Transporte de pasajeros por agua;0;0;0;0;0;0;0;0;0;0;0;0;0;0;0;*;*;*;*;;;;;;;;;;;;;;;;;;;
;Transporte aéreo de pasajeros;*;*;0;0;*;*;*;*;*;*;*;*;*;*;*;*;*;*;*;;;;;;;;;;;;;;;;;;;
;Alquiler de equipos de transporte;*;*;*;*;*;*;*;*;*;*;*;*;*;2.778;*;*;*;*;*;;;;;;;;;;;;;;;;;;;
;Actividades de agencias de viajes y de otros servicios de reservas;*;*;0;0;0;0;0;*;0;0;0;0;0;*;*;*;*;*;*;;;;;;;;;;;;;;;;;;;
;Actividades culturales;*;*;*;*;*;*;*;*;*;*;*;*;*;*;*;*;*;*;*;;;;;;;;;;;;;;;;;;;
;Actividades deportivas y recreativas;*;*;*;*;*;*;*;0;0;*;*;*;*;0;5.987;0;5.311;9.771;0;;;;;;;;;;;;;;;;-100,00%;;84,00%;-100,00%
;Comercio al por menor de bienes característicos del turismo;*;*;*;*;*;378;*;*;*;*;*;*;2.297;1.039;1.254;*;*;1.963;*;;;;;;;;;;;;;;-54,80%;20,70%;;;;
;Actividades relacionadas con segundos hogares y multipropiedades;5.324.814;6.441.058;6.281.216;3.234.096;2.113.941;2.931.659;4.566.781;3.157.992;2.586.978;3.986.765;151.432;192.700;119.670;1.308.751;280.181;1.126.715;1.252.743;815.992;1.509.691;;21,00%;-2,50%;-48,50%;-34,60%;38,70%;55,80%;-30,80%;-18,10%;54,10%;-96,20%;27,30%;-37,90%;993,60%;-78,60%;302,10%;11,20%;-34,90%;85,00%
13203;San José de Maipo;88.537;138.104;102.647;110.132;122.200;144.494;172.092;243.123;305.831;370.277;721.575;711.988;652.911;808.270;781.940;545.248;992.196;917.563;923.790;;56,00%;-25,70%;7,30%;11,00%;18,20%;19,10%;41,30%;25,80%;21,10%;94,90%;-1,30%;-8,30%;23,80%;-3,30%;-30,30%;82,00%;-7,50%;0,70%
;Alojamiento turístico;14.456;13.582;29.480;43.623;40.222;64.861;76.273;127.467;146.032;189.516;371.480;250.483;224.538;377.176;390.650;289.024;344.334;368.230;331.520;;-6,00%;117,10%;48,00%;-7,80%;61,30%;17,60%;67,10%;14,60%;29,80%;96,00%;-32,60%;-10,40%;68,00%;3,60%;-26,00%;19,10%;6,90%;-10,00%
;Actividades de provisión de alimentos y bebidas;60.355;63.899;46.120;37.361;54.258;43.796;65.859;81.347;122.984;145.038;271.743;330.780;285.674;325.616;303.508;175.904;550.633;392.417;395.947;;5,90%;-27,80%;-19,00%;45,20%;-19,30%;50,40%;23,50%;51,20%;17,90%;87,40%;21,70%;-13,60%;14,00%;-6,80%;-42,00%;213,00%;-28,70%;0,90%
;Transporte de pasajeros por ferrocarril;0;0;0;0;0;0;0;0;0;0;0;0;0;0;0;0;0;0;0;;;;;;;;;;;;;;;;;;;
;Transporte de pasajeros por carretera;0;208;5.522;17.747;10.572;11.135;4.763;8.522;7.111;7.527;4.058;14.631;11.190;10.237;4.757;2.932;8.878;8.636;18.927;;;2556,90%;221,40%;-40,40%;5,30%;-57,20%;78,90%;-16,60%;5,90%;-46,10%;260,60%;-23,50%;-8,50%;-53,50%;-38,40%;202,80%;-2,70%;119,20%
;Transporte de pasajeros por agua;0;0;0;0;0;0;0;0;0;0;0;0;0;0;0;0;0;0;0;;;;;;;;;;;;;;;;;;;
;Transporte aéreo de pasajeros;0;0;0;0;0;0;0;0;0;0;0;0;0;0;0;0;0;0;0;;;;;;;;;;;;;;;;;;;
;Alquiler de equipos de transporte;0;0;0;0;0;0;0;0;0;*;*;*;*;*;*;*;*;*;*;;;;;;;;;;;;;;;;;;;
;Actividades de agencias de viajes y de otros servicios de reservas;*;*;*;*;*;*;*;*;*;*;*;*;17.283;*;0;*;*;0;5.949;;;;;;;;;;;;;;;;;;;
;Actividades culturales;0;0;0;*;*;0;0;*;0;0;*;*;*;*;*;*;*;*;*;;;;;;;;;;;;;;;;;;;
;Actividades deportivas y recreativas;*;*;*;*;*;*;*;*;*;*;0;35.788;21.219;10.708;16.226;8.709;6.943;12.429;24.942;;;;;;;;;;;;;-40,70%;-49,50%;51,50%;-46,30%;-20,30%;79,00%;100,70%
;Comercio al por menor de bienes característicos del turismo;*;*;*;*;*;1.030;*;*;*;*;1.934;1.988;2.763;1.616;*;*;*;*;*;;;;;;;;;;;;2,80%;39,00%;-41,50%;;;;;
;Actividades relacionadas con segundos hogares y multipropiedades;13.726;60.415;21.525;11.400;17.148;23.673;25.197;25.787;29.704;28.196;72.360;78.318;90.243;82.917;66.799;68.680;81.407;135.851;146.505;;340,20%;-64,40%;-47,00%;50,40%;38,00%;6,40%;2,30%;15,20%;-5,10%;156,60%;8,20%;15,20%;-8,10%;-19,40%;2,80%;18,50%;66,90%;7,80%
13301;Colina;2.857.581;2.880.739;2.490.465;2.252.003;1.242.321;1.937.256;1.881.835;3.458.966;2.781.532;5.058.217;2.814.359;4.439.430;5.570.036;3.802.673;4.109.101;4.777.085;6.238.145;6.392.133;4.900.152;;0,80%;-13,50%;-9,60%;-44,80%;55,90%;-2,90%;83,80%;-19,60%;81,90%;-44,40%;57,70%;25,50%;-31,70%;8,10%;16,30%;30,60%;2,50%;-23,30%
;Alojamiento turístico;*;*;*;*;*;*;0;0;0;0;0;*;0;0;0;13.542;0;0;0;;;;;;;;;;;;;;;;;-100,00%;;
;Actividades de provisión de alimentos y bebidas;54.897;67.959;98.078;78.392;94.404;241.774;369.687;306.697;359.403;436.481;391.898;374.953;1.657.846;685.450;813.858;760.320;1.327.393;1.191.448;1.089.055;;23,80%;44,30%;-20,10%;20,40%;156,10%;52,90%;-17,00%;17,20%;21,40%;-10,20%;-4,30%;342,10%;-58,70%;18,70%;-6,60%;74,60%;-10,20%;-8,60%
;Transporte de pasajeros por ferrocarril;0;0;0;0;0;0;0;0;0;0;0;0;0;0;0;0;0;0;0;;;;;;;;;;;;;;;;;;;
;Transporte de pasajeros por carretera;19.470;107.352;121.517;160.816;149.450;137.373;169.347;389.651;347.267;169.477;120.674;133.679;122.649;292.449;284.747;244.197;209.071;246.436;228.411;;451,40%;13,20%;32,30%;-7,10%;-8,10%;23,30%;130,10%;-10,90%;-51,20%;-28,80%;10,80%;-8,30%;138,40%;-2,60%;-14,20%;-14,40%;17,90%;-7,30%
;Transporte de pasajeros por agua;0;0;0;0;0;0;0;0;0;0;0;0;0;0;0;0;0;0;0;;;;;;;;;;;;;;;;;;;
;Transporte aéreo de pasajeros;0;0;0;0;0;0;*;*;*;*;0;0;*;0;0;0;0;*;*;;;;;;;;;;;;;;;;;;;
;Alquiler de equipos de transporte;16.969;9.684;*;25.877;*;33.193;24.655;42.077;40.266;65.306;74.150;252.132;302.711;544.720;180.218;195.472;292.568;156.117;177.894;;-42,90%;;;;;-25,70%;70,70%;-4,30%;62,20%;13,50%;240,00%;20,10%;79,90%;-66,90%;8,50%;49,70%;-46,60%;13,90%
;Actividades de agencias de viajes y de otros servicios de reservas;*;*;0;0;0;*;*;0;0;*;*;*;*;*;*;*;0;0;0;;;;;;;;;;;;;;;;;;;
;Actividades culturales;*;*;*;*;*;*;*;*;*;*;*;24.882;46.229;62.120;38.628;18.149;19.113;55.791;48.641;;;;;;;;;;;;;85,80%;34,40%;-37,80%;-53,00%;5,30%;191,90%;-12,80%
;Actividades deportivas y recreativas;*;*;*;*;*;0;0;0;0;0;4.813;59.795;63.547;74.539;117.138;74.301;74.187;158.570;125.736;;;;;;;;;;;;1142,40%;6,30%;17,30%;57,10%;-36,60%;-0,20%;113,70%;-20,70%
;Comercio al por menor de bienes característicos del turismo;*;*;*;*;*;*;*;*;6.612;*;*;40.487;42.464;48.832;9.870;8.791;13.634;7.546;5.986;;;;;;;;;;;;;4,90%;15,00%;-79,80%;-10,90%;55,10%;-44,60%;-20,70%
;Actividades relacionadas con segundos hogares y multipropiedades;2.766.245;2.695.744;2.270.870;1.986.917;998.467;1.524.916;1.318.146;2.720.541;2.027.984;4.386.953;2.222.823;3.553.502;3.334.591;2.094.562;2.664.642;3.462.313;4.302.179;4.576.225;3.224.429;;-2,50%;-15,80%;-12,50%;-49,70%;52,70%;-13,60%;106,40%;-25,50%;116,30%;-49,30%;59,90%;-6,20%;-37,20%;27,20%;29,90%;24,30%;6,40%;-29,50%
13302;Lampa;674.378;639.783;1.031.455;1.187.229;890.850;1.096.783;1.529.223;1.723.586;1.578.071;2.127.053;4.236.150;3.650.737;5.315.290;3.286.216;3.908.881;3.763.343;5.104.950;8.247.647;9.085.661;;-5,10%;61,20%;15,10%;-25,00%;23,10%;39,40%;12,70%;-8,40%;34,80%;99,20%;-13,80%;45,60%;-38,20%;18,90%;-3,70%;35,60%;61,60%;10,20%
;Alojamiento turístico;*;*;*;*;*;*;*;*;*;*;*;*;*;*;*;*;0;*;*;;;;;;;;;;;;;;;;;;;
;Actividades de provisión de alimentos y bebidas;150.576;14.831;194.819;240.285;293.612;365.064;391.402;437.365;485.211;538.129;617.566;865.481;1.003.302;1.252.756;1.454.069;1.248.780;1.894.209;2.731.394;5.487.024;;-90,20%;1213,60%;23,30%;22,20%;24,30%;7,20%;11,70%;10,90%;10,90%;14,80%;40,10%;15,90%;24,90%;16,10%;-14,10%;51,70%;44,20%;100,90%
;Transporte de pasajeros por ferrocarril;0;0;0;0;0;0;0;0;0;0;0;0;0;0;0;0;0;0;0;;;;;;;;;;;;;;;;;;;
;Transporte de pasajeros por carretera;9.305;34.466;38.917;43.056;21.839;33.604;36.152;123.409;62.693;48.402;78.567;113.394;99.364;103.513;150.253;119.093;246.607;162.032;199.990;;270,40%;12,90%;10,60%;-49,30%;53,90%;7,60%;241,40%;-49,20%;-22,80%;62,30%;44,30%;-12,40%;4,20%;45,20%;-20,70%;107,10%;-34,30%;23,40%
;Transporte de pasajeros por agua;0;0;0;0;0;0;0;0;0;0;*;*;*;*;0;0;0;0;0;;;;;;;;;;;;;;;;;;;
;Transporte aéreo de pasajeros;0;0;*;0;0;*;*;*;*;*;*;*;*;*;*;*;*;*;*;;;;;;;;;;;;;;;;;;;
;Alquiler de equipos de transporte;*;41.334;*;*;*;*;*;*;*;38.479;37.557;110.208;110.019;167.255;297.769;261.462;264.600;251.302;258.625;;;;;;;;;;;-2,40%;193,40%;-0,20%;52,00%;78,00%;-12,20%;1,20%;-5,00%;2,90%
;Actividades de agencias de viajes y de otros servicios de reservas;0;0;0;0;0;0;0;*;*;*;*;*;*;*;*;*;*;*;*;;;;;;;;;;;;;;;;;;;
;Actividades culturales;*;*;*;*;*;*;*;*;*;*;*;8.991;0;20.439;15.112;5.800;32.310;31.538;27.420;;;;;;;;;;;;;-100,00%;;-26,10%;-61,60%;457,10%;-2,40%;-13,10%
;Actividades deportivas y recreativas;0;*;*;*;*;*;*;*;*;*;11.270;26.594;46.400;46.999;28.860;7.275;14.196;25.153;32.344;;;;;;;;;;;;136,00%;74,50%;1,30%;-38,60%;-74,80%;95,10%;77,20%;28,60%
;Comercio al por menor de bienes característicos del turismo;*;*;*;*;*;*;*;*;*;*;*;*;*;2.719;2.711;1.534;1.116;1.489;3.243;;;;;;;;;;;;;;;-0,30%;-43,40%;-27,30%;33,40%;117,80%
;Actividades relacionadas con segundos hogares y multipropiedades;514.497;549.152;797.719;903.888;575.398;698.115;1.101.670;1.162.813;1.030.167;1.502.042;3.491.190;2.526.070;4.056.205;1.692.535;1.960.106;2.119.398;2.651.912;5.044.738;3.077.014;;6,70%;45,30%;13,30%;-36,30%;21,30%;57,80%;5,60%;-11,40%;45,80%;132,40%;-27,60%;60,60%;-58,30%;15,80%;8,10%;25,10%;90,20%;-39,00%
13303;Titil;15.945;16.573;21.807;20.811;18.620;18.201;19.651;20.941;25.399;17.372;32.454;67.439;118.289;287.846;425.630;113.349;315.290;379.385;379.402;;3,90%;31,60%;-4,60%;-10,50%;-2,20%;8,00%;6,60%;21,30%;-31,60%;86,80%;107,80%;75,40%;143,30%;47,90%;-73,40%;178,20%;20,30%;0,00%
;Alojamiento turístico;*;*;*;*;*;*;*;*;*;*;0;*;0;21.949;11.363;24.536;68.450;103.004;76.206;;;;;;;;;;;;;;;-48,20%;115,90%;179,00%;50,50%;-26,00%
;Actividades de provisión de alimentos y bebidas;15.945;16.573;11.120;12.769;9.410;10.854;11.512;13.164;18.104;13.612;24.192;58.367;60.706;205.101;352.585;44.080;120.301;117.358;148.537;;3,90%;-32,90%;14,80%;-26,30%;15,40%;6,10%;14,30%;37,50%;-24,80%;77,70%;141,30%;4,00%;237,90%;71,90%;-87,50%;172,90%;-2,40%;26,60%
;Transporte de pasajeros por ferrocarril;0;0;0;0;0;0;0;0;0;0;0;0;0;0;0;0;0;0;0;;;;;;;;;;;;;;;;;;;
;Transporte de pasajeros por carretera;0;0;10.687;8.042;9.210;7.347;8.138;7.777;7.295;3.759;8.262;9.072;8.826;4.915;36.547;24.351;32.734;17.262;30.042;;;;-24,70%;14,50%;-20,20%;10,80%;-4,40%;-6,20%;-48,50%;119,80%;9,80%;-2,70%;-44,30%;643,60%;-33,40%;34,40%;-47,30%;74,00%
;Transporte de pasajeros por agua;0;0;0;0;0;0;0;0;0;0;0;0;0;0;0;0;0;0;0;;;;;;;;;;;;;;;;;;;
;Transporte aéreo de pasajeros;0;0;0;0;0;0;0;0;0;0;0;0;0;0;0;0;0;0;0;;;;;;;;;;;;;;;;;;;
;Alquiler de equipos de transporte;*;*;0;0;0;*;*;*;*;*;*;*;*;*;*;*;*;*;*;;;;;;;;;;;;;;;;;;;
;Actividades de agencias de viajes y de otros servicios de reservas;*;*;*;*;*;*;*;*;*;*;*;*;*;*;*;*;*;*;*;;;;;;;;;;;;;;;;;;;
;Actividades culturales;0;0;0;0;0;0;0;*;0;0;0;*;*;*;*;*;*;*;*;;;;;;;;;;;;;;;;;;;
;Actividades deportivas y recreativas;0;*;*;*;*;*;*;*;*;*;*;*;*;*;*;*;*;*;*;;;;;;;;;;;;;;;;;;;
;Comercio al por menor de bienes característicos del turismo;0;0;0;*;*;*;*;*;*;*;*;0;*;*;*;*;*;*;*;;;;;;;;;;;;;;;;;;;
;Actividades relacionadas con segundos hogares y multipropiedades;*;*;*;*;*;*;*;*;*;*;0;0;48.756;55.882;25.136;20.382;93.805;141.761;124.617;;;;;;;;;;;;;;14,60%;-55,00%;-18,90%;360,20%;51,10%;-12,10%
13401;San Bernardo;1.241.556;1.208.780;1.465.180;1.524.796;1.551.136;1.970.989;2.141.488;1.848.604;2.558.450;2.392.221;4.587.457;9.183.839;10.692.291;4.053.353;4.517.553;4.311.645;8.739.519;5.724.285;5.136.027;;-2,60%;21,20%;4,10%;1,70%;27,10%;8,70%;-13,70%;38,40%;-6,50%;91,80%;100,20%;16,40%;-62,10%;11,50%;-4,60%;102,70%;-34,50%;-10,30%
;Alojamiento turístico;0;0;0;66.841;57.956;43.034;0;0;0;0;0;0;0;62.725;0;0;0;0;0;;;;;-13,30%;-25,70%;-100,00%;;;;;;;;-100,00%;;;;
;Actividades de provisión de alimentos y bebidas;369.387;440.250;471.973;469.620;454.944;537.332;611.126;629.532;742.193;741.446;1.113.153;1.166.086;1.692.424;1.267.394;1.085.194;778.385;4.504.602;1.596.531;1.446.391;;19,20%;7,20%;-0,50%;-3,10%;18,10%;13,70%;3,00%;17,90%;-0,10%;50,10%;4,80%;45,10%;-25,10%;-14,40%;-28,30%;478,70%;-64,60%;-9,40%
;Transporte de pasajeros por ferrocarril;0;0;0;0;0;0;0;0;0;0;0;0;0;0;0;0;0;0;0;;;;;;;;;;;;;;;;;;;
;Transporte de pasajeros por carretera;74.180;102.494;136.797;139.320;128.775;167.992;210.335;331.051;403.929;498.052;519.722;427.553;468.583;458.898;441.495;443.680;592.653;569.652;525.647;;38,20%;33,50%;1,80%;-7,60%;30,50%;25,20%;57,40%;22,00%;23,30%;4,40%;-17,70%;9,60%;-2,10%;-3,80%;0,50%;33,60%;-3,90%;-7,70%
;Transporte de pasajeros por agua;0;*;0;0;*;*;*;*;*;*;0;0;*;0;0;0;0;0;0;;;;;;;;;;;;;;;;;;;
;Transporte aéreo de pasajeros;*;*;*;*;*;*;*;0;0;0;0;0;*;*;*;*;*;*;*;;;;;;;;;;;;;;;;;;;
;Alquiler de equipos de transporte;118.877;114.748;7.060;5.178;6.670;10.092;4.077;40.689;180.852;177.393;169.336;294.774;247.892;43.681;41.267;35.123;49.821;46.975;48.304;;-3,50%;-93,80%;-26,70%;28,80%;51,30%;-59,60%;898,00%;344,50%;-1,90%;-4,50%;74,10%;-15,90%;-82,40%;-5,50%;-14,90%;41,90%;-5,70%;2,80%
;Actividades de agencias de viajes y de otros servicios de reservas;*;*;*;*;*;*;*;*;*;*;*;*;59.323;4.819;7.287;1.542;0;*;*;;;;;;;;;;;;;;-91,90%;51,20%;-78,80%;-100,00%;;
;Actividades culturales;*;*;*;*;*;*;*;*;13.488;43.252;79.794;66.914;62.398;80.366;109.302;29.832;10.445;18.065;22.895;;;;;;;;;;220,70%;84,50%;-16,10%;-6,80%;28,80%;36,00%;-72,70%;-65,00%;73,00%;26,70%
;Actividades deportivas y recreativas;19.621;5.014;4.291;4.532;4.022;14.103;0;5.849;4.642;5.198;123.795;170.566;188.030;80.897;112.656;32.574;50.279;78.167;74.219;;-74,40%;-14,40%;5,60%;-11,30%;250,60%;-100,00%;;-20,60%;12,00%;2281,60%;37,80%;10,20%;-57,00%;39,30%;-71,10%;54,40%;55,50%;-5,10%
;Comercio al por menor de bienes característicos del turismo;9.173;8.288;2.788;6.574;5.601;5.131;4.763;4.574;4.566;4.353;12.324;17.553;15.234;11.477;13.540;8.010;13.039;6.823;9.329;;-9,60%;-66,40%;135,80%;-14,80%;-8,40%;-7,20%;-4,00%;-0,20%;-4,70%;183,10%;42,40%;-13,20%;-24,70%;18,00%;-40,80%;62,80%;-47,70%;36,70%
;Actividades relacionadas con segundos hogares y multipropiedades;650.318;537.985;842.270;832.730;893.168;1.193.305;1.311.186;836.910;1.208.779;922.528;2.569.332;7.040.393;7.958.408;2.043.095;2.706.811;2.982.499;3.518.680;3.408.072;3.009.242;;-17,30%;56,60%;-1,10%;7,30%;33,60%;9,90%;-36,20%;44,40%;-23,70%;178,50%;174,00%;13,00%;-74,30%;32,50%;10,20%;18,00%;-3,10%;-11,70%
13402;Buin;236.132;306.267;271.222;406.024;361.089;337.962;436.083;319.985;411.618;458.520;740.964;1.553.361;1.048.941;1.209.156;1.148.966;1.125.975;1.261.341;1.393.752;1.623.828;;29,70%;-11,40%;49,70%;-11,10%;-6,40%;29,00%;-26,60%;28,60%;11,40%;61,60%;109,60%;-32,50%;15,30%;-5,00%;-2,00%;12,00%;10,50%;16,50%
;Alojamiento turístico;*;*;*;*;*;*;*;*;*;*;0;0;0;0;0;*;*;*;*;;;;;;;;;;;;;;;;;;;
;Actividades de provisión de alimentos y bebidas;77.576;99.119;125.650;139.842;164.211;138.524;152.465;155.755;185.168;187.067;241.350;305.219;337.917;435.521;453.647;226.530;557.420;472.147;441.905;;27,80%;26,80%;11,30%;17,40%;-15,60%;10,10%;2,20%;18,90%;1,00%;29,00%;26,50%;10,70%;28,90%;4,20%;-50,10%;146,10%;-15,30%;-6,40%
;Transporte de pasajeros por ferrocarril;0;0;0;0;*;*;*;0;0;0;0;0;0;0;0;0;0;0;*;;;;;;;;;;;;;;;;;;;
;Transporte de pasajeros por carretera;35.297;43.652;75.648;89.239;67.146;51.169;63.435;84.452;84.450;118.696;203.103;194.832;194.598;199.061;215.945;160.701;198.111;222.445;226.620;;23,70%;73,30%;18,00%;-24,80%;-23,80%;24,00%;33,10%;0,00%;40,60%;71,10%;-4,10%;-0,10%;2,30%;8,50%;-25,60%;23,30%;12,30%;1,90%
;Transporte de pasajeros por agua;0;0;0;0;0;0;0;0;0;0;0;0;0;0;0;0;0;0;0;;;;;;;;;;;;;;;;;;;
;Transporte aéreo de pasajeros;0;0;0;0;0;0;0;0;0;0;0;0;0;0;0;0;0;0;0;;;;;;;;;;;;;;;;;;;
;Alquiler de equipos de transporte;*;*;*;*;*;*;*;5.716;4.385;4.467;68.157;224.711;113.972;29.660;5.051;5.140;17.118;13.081;11.144;;;;;;;;;-23,30%;1,90%;1425,80%;229,70%;-49,30%;-74,00%;-83,00%;1,80%;233,00%;-23,60%;-14,80%
;Actividades de agencias de viajes y de otros servicios de reservas;0;0;0;*;0;0;0;*;*;*;*;*;*;*;*;*;*;*;*;;;;;;;;;;;;;;;;;;;
;Actividades culturales;*;*;*;*;*;*;*;*;*;*;*;*;17.681;37.278;0;1.888;1.023;9.858;13.694;;;;;;;;;;;;;;110,80%;-100,00%;;-45,80%;863,90%;38,90%
;Actividades deportivas y recreativas;0;0;0;*;0;0;0;*;*;*;51.573;263.634;68.175;311.006;248.717;133.241;27.953;68.610;358.751;;;;;;;;;;;;411,20%;-74,10%;356,20%;-20,00%;-46,40%;-79,00%;145,50%;422,90%
;Comercio al por menor de bienes característicos del turismo;3.220;5.007;4.704;4.332;5.346;4.598;4.181;3.941;3.630;3.844;3.929;5.088;2.777;3.809;6.016;2.943;5.073;11.788;8.705;;55,50%;-6,10%;-7,90%;23,40%;-14,00%;-9,10%;-5,80%;-7,90%;5,90%;2,20%;29,50%;-45,40%;37,10%;57,90%;-51,10%;72,40%;132,40%;-26,20%
;Actividades relacionadas con segundos hogares y multipropiedades;120.038;158.487;65.221;172.611;124.387;143.671;216.002;70.122;133.986;144.447;172.851;559.877;313.820;192.820;219.590;595.532;454.645;595.822;563.009;;32,00%;-58,80%;164,70%;-27,90%;15,50%;50,30%;-67,50%;91,10%;7,80%;19,70%;223,90%;-43,90%;-38,60%;13,90%;171,20%;-23,70%;31,10%;-5,50%
13403;Calera de Tango;157.845;159.644;208.813;131.260;131.115;135.341;136.309;148.188;276.128;180.612;427.293;768.034;377.018;518.682;1.086.353;490.787;762.912;1.075.049;717.377;;1,10%;30,80%;-37,10%;-0,10%;3,20%;0,70%;8,70%;86,30%;-34,60%;136,60%;79,70%;-50,90%;37,60%;109,40%;-54,80%;55,40%;40,90%;-33,30%
;Alojamiento turístico;0;0;0;*;*;*;*;*;*;*;*;*;*;*;*;*;*;*;*;;;;;;;;;;;;;;;;;;;
;Actividades de provisión de alimentos y bebidas;23.607;37.422;41.064;17.122;14.568;12.071;18.950;34.358;39.801;54.787;70.008;83.838;93.435;179.898;158.840;76.351;152.779;175.551;179.240;;58,50%;9,70%;-58,30%;-14,90%;-17,10%;57,00%;81,30%;15,80%;37,70%;27,80%;19,80%;11,40%;92,50%;-11,70%;-51,90%;100,10%;14,90%;2,10%
;Transporte de pasajeros por ferrocarril;*;0;0;0;0;0;0;0;0;0;0;0;0;0;0;0;0;0;0;;;;;;;;;;;;;;;;;;;
;Transporte de pasajeros por carretera;1.051;6.282;3.014;4.532;9.776;21.018;36.233;16.898;28.484;46.400;44.248;31.177;25.231;18.782;22.956;3.236;3.270;31.244;16.385;;497,90%;-52,00%;50,40%;115,70%;115,00%;72,40%;-53,40%;68,60%;62,90%;-4,60%;-29,50%;-19,10%;-25,60%;22,20%;-85,90%;1,00%;855,60%;-47,60%
;Transporte de pasajeros por agua;0;0;0;0;0;0;0;0;0;0;0;0;0;0;0;0;0;0;0;;;;;;;;;;;;;;;;;;;
;Transporte aéreo de pasajeros;0;0;0;0;0;0;0;0;0;0;0;0;0;0;0;0;0;0;0;;;;;;;;;;;;;;;;;;;
;Alquiler de equipos de transporte;*;*;*;*;*;*;*;*;*;*;*;*;*;*;*;*;*;*;*;;;;;;;;;;;;;;;;;;;
;Actividades de agencias de viajes y de otros servicios de reservas;*;0;0;0;0;0;0;*;0;0;*;*;*;*;0;*;*;0;0;;;;;;;;;;;;;;;;;;;
;Actividades culturales;0;0;0;0;0;*;*;*;*;*;*;*;*;*;*;*;*;*;*;;;;;;;;;;;;;;;;;;;
;Actividades deportivas y recreativas;*;*;*;0;0;*;*;*;*;*;0;0;0;0;0;0;0;0;0;;;;;;;;;;;;;;;;;;;
;Comercio al por menor de bienes característicos del turismo;*;*;*;*;*;*;*;*;*;*;5.106;6.123;4.370;2.255;*;4.060;*;*;*;;;;;;;;;;;;19,90%;-28,60%;-48,40%;;;;;
;Actividades relacionadas con segundos hogares y multipropiedades;133.187;115.940;164.735;109.606;106.771;102.252;81.125;96.932;207.843;79.425;307.931;646.896;253.983;317.746;904.556;407.140;606.863;868.255;521.752;;-12,90%;42,10%;-33,50%;-2,60%;-4,20%;-20,70%;19,50%;114,40%;-61,80%;287,70%;110,10%;-60,70%;25,10%;184,70%;-55,00%;49,10%;43,10%;-39,90%
13404;Paine;365.992;343.722;393.183;418.642;458.581;590.272;851.892;560.824;794.757;612.123;966.826;1.460.074;1.466.883;1.237.994;1.670.907;1.756.036;2.179.558;3.025.280;1.732.580;;-6,10%;14,40%;6,50%;9,50%;28,70%;44,30%;-34,20%;41,70%;-23,00%;57,90%;51,00%;0,50%;-15,60%;35,00%;5,10%;24,10%;38,80%;-42,70%
;Alojamiento turístico;*;*;*;*;*;*;*;*;*;*;0;0;0;0;0;0;0;2.847;0;;;;;;;;;;;;;;;;;;;-100,00%
;Actividades de provisión de alimentos y bebidas;138.058;138.492;151.195;150.014;148.047;196.039;226.192;181.591;303.057;128.064;166.905;155.092;152.438;288.342;286.847;120.632;233.964;258.406;358.260;;0,30%;9,20%;-0,80%;-1,30%;32,40%;15,40%;-19,70%;66,90%;-57,70%;30,30%;-7,10%;-1,70%;89,20%;-0,50%;-57,90%;93,90%;10,40%;38,60%
;Transporte de pasajeros por ferrocarril;0;0;0;0;0;0;0;0;0;0;*;0;0;0;0;0;0;0;0;;;;;;;;;;;;;;;;;;;
;Transporte de pasajeros por carretera;26.863;25.304;28.981;35.650;87.737;139.873;234.632;133.681;228.997;199.897;316.732;330.827;337.346;148.688;133.896;79.958;93.715;126.751;113.124;;-5,80%;14,50%;23,00%;146,10%;59,40%;67,70%;-43,00%;71,30%;-12,70%;58,40%;4,50%;2,00%;-55,90%;-9,90%;-40,30%;17,20%;35,30%;-10,80%
;Transporte de pasajeros por agua;0;0;0;0;0;0;0;0;0;0;0;0;0;0;0;0;0;0;0;;;;;;;;;;;;;;;;;;;
;Transporte aéreo de pasajeros;0;0;0;0;0;0;0;0;0;0;0;0;0;0;0;0;0;0;0;;;;;;;;;;;;;;;;;;;
;Alquiler de equipos de transporte;*;*;*;*;*;*;*;*;*;*;19.791;21.461;23.421;69.370;39.621;38.065;57.446;50.963;76.007;;;;;;;;;;;;8,40%;9,10%;196,20%;-42,90%;-3,90%;50,90%;-11,30%;49,10%
;Actividades de agencias de viajes y de otros servicios de reservas;*;*;*;*;0;0;0;*;*;*;*;*;*;*;*;*;*;*;*;;;;;;;;;;;;;;;;;;;
;Actividades culturales;*;0;*;0;*;*;*;*;*;*;*;*;*;*;*;*;0;*;0;;;;;;;;;;;;;;;;;;;
;Actividades deportivas y recreativas;*;0;0;0;*;*;*;*;*;*;0;0;5.671;5.695;0;4.919;0;8.925;22.474;;;;;;;;;;;;;;0,40%;-100,00%;;-100,00%;;151,80%
;Comercio al por menor de bienes característicos del turismo;*;*;*;*;*;*;*;*;6.939;5.970;10.284;6.013;5.356;8.940;8.107;5.468;7.275;7.876;7.730;;;;;;;;;;-14,00%;72,30%;-41,50%;-10,90%;66,90%;-9,30%;-32,60%;33,00%;8,30%;-1,90%
;Actividades relacionadas con segundos hogares y multipropiedades;201.071;179.925;213.007;232.978;222.798;254.360;391.069;245.552;255.764;278.192;453.114;946.681;942.651;716.959;1.202.436;1.506.994;1.787.157;2.569.511;1.154.985;;-10,50%;18,40%;9,40%;-4,40%;14,20%;53,70%;-37,20%;4,20%;8,80%;62,90%;108,90%;-0,40%;-23,90%;67,70%;25,30%;18,60%;43,80%;-55,10%
13501;Melipilla;646.276;605.192;719.759;658.575;631.790;588.441;672.710;757.940;905.117;901.605;1.637.471;1.877.481;9.140.212;2.056.619;1.475.173;1.367.229;1.911.074;2.580.445;1.928.842;;-6,40%;18,90%;-8,50%;-4,10%;-6,90%;14,30%;12,70%;19,40%;-0,40%;81,60%;14,70%;386,80%;-77,50%;-28,30%;-7,30%;39,80%;35,00%;-25,30%
;Alojamiento turístico;0;0;0;0;0;0;0;29.105;27.490;60.272;141.115;22.292;74.103;38.043;41.034;16.375;25.475;33.514;29.456;;;;;;;;;-5,50%;119,20%;134,10%;-84,20%;232,40%;-48,70%;7,90%;-60,10%;55,60%;31,60%;-12,10%
;Actividades de provisión de alimentos y bebidas;268.359;313.512;343.574;354.521;348.878;370.773;376.246;326.368;334.937;335.552;407.100;444.750;753.356;840.542;538.128;375.322;665.104;806.483;684.086;;16,80%;9,60%;3,20%;-1,60%;6,30%;1,50%;-13,30%;2,60%;0,20%;21,30%;9,20%;69,40%;11,60%;-36,00%;-30,30%;77,20%;21,30%;-15,20%
;Transporte de pasajeros por ferrocarril;0;0;0;*;*;*;0;0;0;0;0;0;0;0;0;0;0;0;0;;;;;;;;;;;;;;;;;;;
;Transporte de pasajeros por carretera;66.729;37.353;42.786;41.728;51.491;37.494;96.395;164.665;191.381;224.422;376.336;401.556;498.308;392.679;394.730;284.363;278.539;344.401;332.205;;-44,00%;14,50%;-2,50%;23,40%;-27,20%;157,10%;70,80%;16,20%;17,30%;67,70%;6,70%;24,10%;-21,20%;0,50%;-28,00%;-2,00%;23,60%;-3,50%
;Transporte de pasajeros por agua;0;0;0;0;0;0;0;0;0;0;0;0;0;0;0;0;0;0;0;;;;;;;;;;;;;;;;;;;
;Transporte aéreo de pasajeros;0;0;0;*;*;*;*;*;*;0;0;0;*;*;0;0;0;0;0;;;;;;;;;;;;;;;;;;;
;Alquiler de equipos de transporte;*;*;*;*;*;*;4.459;33.772;37.915;32.497;42.470;32.985;15.685;33.258;10.131;15.707;34.913;57.193;74.761;;;;;;;;657,50%;12,30%;-14,30%;30,70%;-22,30%;-52,40%;112,00%;-69,50%;55,00%;122,30%;63,80%;30,70%
;Actividades de agencias de viajes y de otros servicios de reservas;*;*;*;*;*;*;*;*;*;*;*;*;*;*;*;*;*;*;*;;;;;;;;;;;;;;;;;;;
;Actividades culturales;0;*;*;*;*;*;*;*;*;*;*;*;12.247;0;42.888;0;0;25.442;3.920;;;;;;;;;;;;;;-100,00%;;-100,00%;;;-84,60%
;Actividades deportivas y recreativas;0;1.275;1.246;0;0;0;0;0;0;0;63.096;95.782;99.914;44.934;22.762;12.585;12.559;5.846;22.086;;;-2,30%;-100,00%;;;;;;;;51,80%;4,30%;-55,00%;-49,30%;-44,70%;-0,20%;-53,40%;277,80%
;Comercio al por menor de bienes característicos del turismo;12.203;13.278;12.628;12.234;12.549;15.467;15.398;46.428;43.205;43.840;29.375;17.224;13.786;18.219;15.621;9.326;19.967;23.182;22.686;;8,80%;-4,90%;-3,10%;2,60%;23,30%;-0,40%;201,50%;-6,90%;1,50%;-33,00%;-41,40%;-20,00%;32,20%;-14,30%;-40,30%;114,10%;16,10%;-2,10%
;Actividades relacionadas con segundos hogares y multipropiedades;298.985;239.774;319.525;250.093;218.872;164.707;180.213;157.601;270.188;205.023;577.980;862.892;7.672.812;688.942;409.879;653.551;874.516;1.284.384;759.642;;-19,80%;33,30%;-21,70%;-12,50%;-24,70%;9,40%;-12,50%;71,40%;-24,10%;181,90%;49,30%;789,20%;-91,00%;-40,50%;59,40%;33,80%;46,90%;-40,90%
13502;Alhué;7.546;7.692;9.331;0;32.477;39.763;39.163;28.380;25.934;25.512;27.654;60.192;17.130;108.096;120.897;110.821;173.827;126.616;145.062;;1,90%;21,30%;-100,00%;;22,40%;-1,50%;-27,50%;-8,60%;-1,60%;8,40%;117,70%;-71,50%;531,00%;11,80%;-8,30%;56,90%;-27,20%;14,60%
;Alojamiento turístico;*;*;*;*;*;27.588;27.956;28.380;25.934;25.512;22.244;14.926;17.130;41.663;50.532;19.108;34.899;35.284;32.440;;;;;;;1,30%;1,50%;-8,60%;-1,60%;-12,80%;-32,90%;14,80%;143,20%;21,30%;-62,20%;82,60%;1,10%;-8,10%
;Actividades de provisión de alimentos y bebidas;7.546;7.692;9.331;0;0;12.175;11.207;0;*;*;5.411;9.034;0;8.925;0;9.793;12.946;20.128;22.301;;1,90%;21,30%;-100,00%;;;-8,00%;-100,00%;;;;67,00%;-100,00%;;-100,00%;;32,20%;55,50%;10,80%
;Transporte de pasajeros por ferrocarril;0;0;0;0;0;0;0;0;0;0;0;0;0;0;0;0;0;0;0;;;;;;;;;;;;;;;;;;;
;Transporte de pasajeros por carretera;*;*;*;0;32.477;*;*;0;0;0;0;36.232;0;57.508;70.364;81.920;125.982;71.204;90.321;;;;;;;;;;;;;-100,00%;;22,40%;16,40%;53,80%;-43,50%;26,80%
;Transporte de pasajeros por agua;0;0;0;0;0;0;0;0;0;0;0;0;0;0;0;0;0;0;0;;;;;;;;;;;;;;;;;;;
;Transporte aéreo de pasajeros;0;0;0;0;0;0;0;0;0;0;0;0;0;0;0;0;0;0;0;;;;;;;;;;;;;;;;;;;
;Alquiler de equipos de transporte;*;*;0;*;0;0;0;*;*;*;*;*;*;*;*;0;*;*;*;;;;;;;;;;;;;;;;;;;
;Actividades de agencias de viajes y de otros servicios de reservas;0;0;0;0;0;0;0;0;0;0;0;0;0;0;0;0;0;0;0;;;;;;;;;;;;;;;;;;;
;Actividades culturales;0;0;0;0;0;0;0;0;0;0;*;*;*;0;0;0;0;0;0;;;;;;;;;;;;;;;;;;;
;Actividades deportivas y recreativas;0;0;0;0;0;0;0;0;0;*;0;0;0;*;*;0;*;*;*;;;;;;;;;;;;;;;;;;;
;Comercio al por menor de bienes característicos del turismo;*;0;0;0;0;0;*;*;0;0;*;*;0;0;0;0;0;0;0;;;;;;;;;;;;;;;;;;;
;Actividades relacionadas con segundos hogares y multipropiedades;0;*;*;*;*;*;*;*;*;0;*;*;*;*;*;0;*;*;*;;;;;;;;;;;;;;;;;;;
13503;Curacaví;158.758;317.340;451.828;522.455;334.837;1.512.711;460.522;496.277;437.110;938.815;660.463;701.678;566.947;577.154;483.090;674.879;1.241.641;1.143.345;1.536.022;;99,90%;42,40%;15,60%;-35,90%;351,80%;-69,60%;7,80%;-11,90%;114,80%;-29,60%;6,20%;-19,20%;1,80%;-16,30%;39,70%;84,00%;-7,90%;34,30%
;Alojamiento turístico;*;*;*;*;*;*;0;0;0;0;0;0;0;0;*;0;0;*;0;;;;;;;;;;;;;;;;;;;
;Actividades de provisión de alimentos y bebidas;34.846;40.391;48.588;42.371;43.945;83.782;108.590;84.666;88.884;96.741;161.265;171.152;114.867;177.732;257.995;144.849;254.035;340.640;353.760;;15,90%;20,30%;-12,80%;3,70%;90,70%;29,60%;-22,00%;5,00%;8,80%;66,70%;6,10%;-32,90%;54,70%;45,20%;-43,90%;75,40%;34,10%;3,90%
;Transporte de pasajeros por ferrocarril;0;0;0;0;0;0;0;0;0;0;0;0;0;0;0;0;0;0;0;;;;;;;;;;;;;;;;;;;
;Transporte de pasajeros por carretera;2.379;1.827;1.260;950;671;1.355;8.805;9.172;6.370;5.679;2.976;3.452;3.938;6.703;8.894;15.836;28.429;42.179;39.331;;-23,20%;-31,10%;-24,60%;-29,40%;102,00%;549,90%;4,20%;-30,60%;-10,80%;-47,60%;16,00%;14,10%;70,20%;32,70%;78,10%;79,50%;48,40%;-6,80%
;Transporte de pasajeros por agua;0;0;0;0;0;0;0;*;*;*;*;*;*;*;*;0;0;0;0;;;;;;;;;;;;;;;;;;;
;Transporte aéreo de pasajeros;0;0;0;0;0;0;0;0;0;0;0;0;0;0;0;0;0;0;0;;;;;;;;;;;;;;;;;;;
;Alquiler de equipos de transporte;*;*;*;*;*;*;*;*;*;*;*;26.332;*;*;*;*;*;*;*;;;;;;;;;;;;;;;;;;;
;Actividades de agencias de viajes y de otros servicios de reservas;0;0;0;0;0;0;0;0;0;0;*;*;*;*;*;*;*;*;*;;;;;;;;;;;;;;;;;;;
;Actividades culturales;*;0;0;*;0;*;*;*;*;*;*;*;*;*;*;*;*;*;*;;;;;;;;;;;;;;;;;;;
;Actividades deportivas y recreativas;0;0;*;*;*;*;*;*;*;*;49.110;60.476;51.123;6.021;12.501;2.414;0;1.750;18.348;;;;;;;;;;;;23,10%;-15,50%;-88,20%;107,60%;-80,70%;-100,00%;;948,40%
;Comercio al por menor de bienes característicos del turismo;*;*;*;*;*;*;*;*;*;*;*;*;1.304;1.198;964;1.075;832;*;*;;;;;;;;;;;;;;-8,10%;-19,60%;11,50%;-22,50%;;
;Actividades relacionadas con segundos hogares y multipropiedades;121.533;275.121;401.980;479.135;290.221;1.427.574;343.127;402.438;341.857;836.395;447.111;440.266;395.715;385.500;202.737;510.705;958.346;758.776;1.124.582;;126,40%;46,10%;19,20%;-39,40%;391,90%;-76,00%;17,30%;-15,10%;144,70%;-46,50%;-1,50%;-10,10%;-2,60%;-47,40%;151,90%;87,70%;-20,80%;48,20%
13504;María Pinto;9.919;4.998;0;0;0;2.537;5.351;51.481;54.720;90.910;246.503;177.273;139.371;456.940;389.207;266.284;484.872;843.305;575.810;;-49,60%;-100,00%;;;;110,90%;862,20%;6,30%;66,10%;171,10%;-28,10%;-21,40%;227,90%;-14,80%;-31,60%;82,10%;73,90%;-31,70%
;Alojamiento turístico;0;0;0;0;0;0;0;0;0;0;0;*;0;0;*;*;*;*;*;;;;;;;;;;;;;;;;;;;
;Actividades de provisión de alimentos y bebidas;*;*;*;0;0;0;3.429;0;2.585;0;0;0;0;3.578;4.045;3.022;4.785;9.423;10.724;;;;;;;;-100,00%;;-100,00%;;;;;13,00%;-25,30%;58,40%;96,90%;13,80%
;Transporte de pasajeros por ferrocarril;0;0;0;0;0;0;0;0;0;0;0;0;0;0;0;0;0;0;0;;;;;;;;;;;;;;;;;;;
;Transporte de pasajeros por carretera;*;4.998;0;0;0;2.537;1.921;1.501;1.160;1.568;7.714;3.902;5.070;27.751;12.598;38.999;39.747;26.925;37.007;;;-100,00%;;;;-24,30%;-21,80%;-22,70%;35,10%;391,90%;-49,40%;29,90%;447,40%;-54,60%;209,60%;1,90%;-32,30%;37,40%
;Transporte de pasajeros por agua;0;0;0;0;0;0;0;0;0;0;0;0;0;0;0;0;0;0;0;;;;;;;;;;;;;;;;;;;
;Transporte aéreo de pasajeros;0;0;0;0;0;0;0;0;0;0;0;0;0;0;0;0;0;0;0;;;;;;;;;;;;;;;;;;;
;Alquiler de equipos de transporte;0;0;0;0;0;0;0;0;0;0;0;0;*;*;*;*;*;*;*;;;;;;;;;;;;;;;;;;;
;Actividades de agencias de viajes y de otros servicios de reservas;*;*;0;0;0;0;*;*;*;*;*;*;*;0;0;0;0;*;0;;;;;;;;;;;;;;;;;;;
;Actividades culturales;0;0;0;0;0;0;*;*;*;*;*;*;*;*;*;*;*;*;*;;;;;;;;;;;;;;;;;;;
;Actividades deportivas y recreativas;*;0;0;*;*;*;*;*;*;*;*;0;0;*;*;*;*;*;*;;;;;;;;;;;;;;;;;;;
;Comercio al por menor de bienes característicos del turismo;0;*;*;0;0;0;*;0;0;0;0;0;0;0;0;0;*;*;*;;;;;;;;;;;;;;;;;;;
;Actividades relacionadas con segundos hogares y multipropiedades;9.919;*;*;*;*;0;0;49.979;50.974;89.342;238.789;173.370;134.301;425.610;372.564;224.263;440.340;806.957;528.079;;;;;;;;;2,00%;75,30%;167,30%;-27,40%;-22,50%;216,90%;-12,50%;-39,80%;96,40%;83,30%;-34,60%
13505;San Pedro;5.969;6.618;5.221;5.755;6.672;6.893;7.787;9.325;5.194;4.672;23.882;33.727;25.688;57.204;61.695;69.421;57.521;69.500;69.677;;10,90%;-21,10%;10,20%;15,90%;3,30%;13,00%;19,80%;-44,30%;-10,00%;411,10%;41,20%;-23,80%;122,70%;7,90%;12,50%;-17,10%;20,80%;0,30%
;Alojamiento turístico;*;*;*;*;*;*;*;*;*;*;*;*;*;*;*;*;*;*;*;;;;;;;;;;;;;;;;;;;
;Actividades de provisión de alimentos y bebidas;5.969;6.618;5.221;5.755;6.672;6.893;7.787;9.325;5.194;4.672;10.645;17.317;10.877;23.988;29.221;28.496;22.239;20.691;20.121;;10,90%;-21,10%;10,20%;15,90%;3,30%;13,00%;19,80%;-44,30%;-10,00%;127,80%;62,70%;-37,20%;120,50%;21,80%;-2,50%;-22,00%;-7,00%;-2,80%
;Transporte de pasajeros por ferrocarril;0;0;0;0;0;0;0;0;0;0;0;0;0;0;0;0;0;0;0;;;;;;;;;;;;;;;;;;;
;Transporte de pasajeros por carretera;*;*;*;*;*;*;*;0;0;0;13.236;16.410;14.810;33.215;32.474;40.924;35.282;48.810;49.556;;;;;;;;;;;;24,00%;-9,70%;124,30%;-2,20%;26,00%;-13,80%;38,30%;1,50%
;Transporte de pasajeros por agua;0;0;0;0;0;0;0;0;0;0;0;0;0;0;0;0;0;0;0;;;;;;;;;;;;;;;;;;;
;Transporte aéreo de pasajeros;0;0;0;0;0;0;0;0;0;0;0;0;0;0;0;0;0;0;0;;;;;;;;;;;;;;;;;;;
;Alquiler de equipos de transporte;0;0;0;0;0;*;*;0;*;0;0;0;0;0;*;*;*;*;*;;;;;;;;;;;;;;;;;;;
;Actividades de agencias de viajes y de otros servicios de reservas;0;0;0;0;0;0;0;0;0;0;0;0;0;0;0;0;0;0;0;;;;;;;;;;;;;;;;;;;
;Actividades culturales;0;0;0;0;0;0;0;0;*;0;0;0;0;0;0;0;0;0;*;;;;;;;;;;;;;;;;;;;
;Actividades deportivas y recreativas;0;*;0;0;0;0;0;0;0;0;*;*;*;*;*;0;*;*;*;;;;;;;;;;;;;;;;;;;
;Comercio al por menor de bienes característicos del turismo;0;0;*;*;0;0;0;0;0;0;0;0;0;*;*;*;*;0;0;;;;;;;;;;;;;;;;;;;
;Actividades relacionadas con segundos hogares y multipropiedades;*;*;*;*;*;*;*;0;0;*;*;*;*;*;*;*;*;*;*;;;;;;;;;;;;;;;;;;;
13601;Talagante;189.863;200.781;179.150;171.570;408.781;475.880;543.616;313.104;444.100;397.526;1.086.740;1.548.294;612.494;628.062;611.968;587.125;939.361;817.624;796.695;;5,80%;-10,80%;-4,20%;138,30%;16,40%;14,20%;-42,40%;41,80%;-10,50%;173,40%;42,50%;-60,40%;2,50%;-2,60%;-4,10%;60,00%;-13,00%;-2,60%
;Alojamiento turístico;*;*;*;*;*;*;*;*;*;*;*;*;0;0;*;*;*;*;*;;;;;;;;;;;;;;;;;;;
;Actividades de provisión de alimentos y bebidas;71.292;84.010;86.883;85.423;75.899;86.566;105.075;102.238;115.620;131.219;157.989;174.252;194.088;252.542;249.907;162.496;298.859;316.449;276.069;;17,80%;3,40%;-1,70%;-11,10%;14,10%;21,40%;-2,70%;13,10%;13,50%;20,40%;10,30%;11,40%;30,10%;-1,00%;-35,00%;83,90%;5,90%;-12,80%
;Transporte de pasajeros por ferrocarril;*;*;0;0;0;0;0;0;0;0;*;*;*;0;0;0;0;0;0;;;;;;;;;;;;;;;;;;;
;Transporte de pasajeros por carretera;16.801;42.861;44.668;39.520;40.723;43.076;24.459;54.475;62.674;105.795;70.094;72.606;73.746;60.283;76.857;83.605;85.844;77.591;121.913;;155,10%;4,20%;-11,50%;3,00%;5,80%;-43,20%;122,70%;15,10%;68,80%;-33,70%;3,60%;1,60%;-18,30%;27,50%;8,80%;2,70%;-9,60%;57,10%
;Transporte de pasajeros por agua;0;0;0;0;0;0;0;0;0;0;0;0;0;0;0;0;0;0;0;;;;;;;;;;;;;;;;;;;
;Transporte aéreo de pasajeros;0;*;0;0;0;0;0;0;0;0;0;0;0;0;0;0;0;0;0;;;;;;;;;;;;;;;;;;;
;Alquiler de equipos de transporte;*;*;*;*;*;*;*;*;*;*;80.293;51.521;43.204;4.590;*;7.290;11.789;*;*;;;;;;;;;;;;-35,80%;-16,10%;-89,40%;;;61,70%;;
;Actividades de agencias de viajes y de otros servicios de reservas;*;*;*;*;*;*;*;*;*;*;*;*;*;*;*;*;*;*;*;;;;;;;;;;;;;;;;;;;
;Actividades culturales;0;*;*;*;0;0;*;*;*;*;*;11.827;*;0;0;0;0;0;32.881;;;;;;;;;;;;;;;;;;;
;Actividades deportivas y recreativas;*;*;*;*;*;*;0;0;*;*;0;73.976;30.270;12.486;15.828;8.079;0;4.897;11.685;;;;;;;;;;;;;-59,10%;-58,80%;26,80%;-49,00%;-100,00%;;138,60%
;Comercio al por menor de bienes característicos del turismo;5.840;3.715;*;*;*;*;2.242;2.318;2.886;3.405;3.040;4.959;5.872;6.161;6.709;10.271;16.130;11.728;9.104;;-36,40%;;;;;;3,40%;24,50%;18,00%;-10,70%;63,10%;18,40%;4,90%;8,90%;53,10%;57,00%;-27,30%;-22,40%
;Actividades relacionadas con segundos hogares y multipropiedades;95.930;70.196;47.599;46.627;292.159;346.238;411.840;154.073;262.919;157.108;775.324;1.159.152;265.313;292.000;262.667;315.384;526.740;406.960;345.044;;-26,80%;-32,20%;-2,00%;526,60%;18,50%;18,90%;-62,60%;70,60%;-40,20%;393,50%;49,50%;-77,10%;10,10%;-10,00%;20,10%;67,00%;-22,70%;-15,20%
13602;El Monte;33.809;31.264;26.801;27.348;23.645;22.451;25.100;115.246;66.732;146.301;159.009;796.059;587.702;427.551;1.767.875;1.599.949;962.014;527.829;702.028;;-7,50%;-14,30%;2,00%;-13,50%;-5,00%;11,80%;359,10%;-42,10%;119,20%;8,70%;400,60%;-26,20%;-27,30%;313,50%;-9,50%;-39,90%;-45,10%;33,00%
;Alojamiento turístico;*;*;*;*;*;*;*;*;*;*;*;*;*;*;*;*;*;*;*;;;;;;;;;;;;;;;;;;;
;Actividades de provisión de alimentos y bebidas;26.037;27.725;23.366;22.789;20.945;20.093;23.090;23.886;26.549;28.813;34.652;35.356;37.855;58.932;62.164;37.794;68.564;78.456;86.753;;6,50%;-15,70%;-2,50%;-8,10%;-4,10%;14,90%;3,40%;11,20%;8,50%;20,30%;2,00%;7,10%;55,70%;5,50%;-39,20%;81,40%;14,40%;10,60%
;Transporte de pasajeros por ferrocarril;0;0;0;0;0;0;0;0;0;0;0;0;0;0;0;0;0;0;0;;;;;;;;;;;;;;;;;;;
;Transporte de pasajeros por carretera;3.899;2.966;3.201;3.597;2.700;2.358;2.011;3.320;4.168;1.535;4.006;4.496;6.755;3.714;2.267;4.421;11.665;2.809;2.250;;-23,90%;7,90%;12,40%;-24,90%;-12,60%;-14,70%;65,10%;25,50%;-63,20%;161,00%;12,20%;50,20%;-45,00%;-38,90%;95,00%;163,80%;-75,90%;-19,90%
;Transporte de pasajeros por agua;0;0;0;0;0;0;0;0;0;0;0;0;0;0;0;0;0;0;0;;;;;;;;;;;;;;;;;;;
;Transporte aéreo de pasajeros;0;0;0;0;0;0;0;0;0;0;0;0;0;0;0;0;0;0;0;;;;;;;;;;;;;;;;;;;
;Alquiler de equipos de transporte;*;*;*;*;*;*;*;0;0;0;*;*;*;*;*;*;*;*;*;;;;;;;;;;;;;;;;;;;
;Actividades de agencias de viajes y de otros servicios de reservas;0;0;*;*;0;0;*;0;0;0;*;0;*;*;0;0;*;0;0;;;;;;;;;;;;;;;;;;;
;Actividades culturales;0;0;0;0;*;*;*;*;*;*;*;0;*;*;*;*;*;*;*;;;;;;;;;;;;;;;;;;;
;Actividades deportivas y recreativas;*;*;*;*;*;*;*;*;*;*;21.327;31.996;32.725;0;0;0;0;0;35.554;;;;;;;;;;;;50,00%;2,30%;-100,00%;;;;;
;Comercio al por menor de bienes característicos del turismo;*;573;233;962;*;*;*;*;*;*;*;*;*;*;*;*;*;*;*;;;-59,30%;312,30%;;;;;;;;;;;;;;;
;Actividades relacionadas con segundos hogares y multipropiedades;3.873;0;*;*;*;*;*;88.040;36.015;115.953;99.024;724.211;510.367;364.905;1.703.443;1.557.734;881.785;446.565;577.471;;-100,00%;;;;;;;-59,10%;222,00%;-14,60%;631,40%;-29,50%;-28,50%;366,80%;-8,60%;-43,40%;-49,40%;29,30%
13603;Isla de Maipo;42.429;37.297;131.764;53.530;51.576;45.070;73.345;62.059;95.257;92.724;186.540;235.384;322.335;269.231;201.609;208.300;287.706;445.750;274.763;;-12,10%;253,30%;-59,40%;-3,70%;-12,60%;62,70%;-15,40%;53,50%;-2,70%;101,20%;26,20%;36,90%;-16,50%;-25,10%;3,30%;38,10%;54,90%;-38,40%
;Alojamiento turístico;*;*;*;*;*;*;*;*;*;*;*;*;*;17.170;0;17.512;0;23.020;28.699;;;;;;;;;;;;;;;-100,00%;;-100,00%;;24,70%
;Actividades de provisión de alimentos y bebidas;3.932;5.277;5.018;4.295;9.537;5.272;9.536;20.490;20.287;16.269;33.487;54.295;81.879;86.437;54.909;46.378;81.704;87.709;103.368;;34,20%;-4,90%;-14,40%;122,00%;-44,70%;80,90%;114,90%;-1,00%;-19,80%;105,80%;62,10%;50,80%;5,60%;-36,50%;-15,50%;76,20%;7,40%;17,90%
;Transporte de pasajeros por ferrocarril;0;*;*;0;*;*;*;0;0;0;0;0;0;0;0;0;0;0;0;;;;;;;;;;;;;;;;;;;
;Transporte de pasajeros por carretera;10.537;4.162;12.166;13.924;12.264;12.686;34.927;15.781;36.200;31.136;66.344;75.098;94.939;101.786;95.218;108.028;139.431;146.445;102.092;;-60,50%;192,30%;14,50%;-11,90%;3,40%;175,30%;-54,80%;129,40%;-14,00%;113,10%;13,20%;26,40%;7,20%;-6,50%;13,50%;29,10%;5,00%;-30,30%
;Transporte de pasajeros por agua;0;0;0;0;0;0;0;0;0;0;0;0;*;0;0;0;0;0;0;;;;;;;;;;;;;;;;;;;
;Transporte aéreo de pasajeros;0;0;0;0;0;0;0;0;0;0;0;0;0;0;0;0;0;0;0;;;;;;;;;;;;;;;;;;;
;Alquiler de equipos de transporte;*;*;*;*;*;*;*;*;*;*;*;*;*;*;*;*;*;*;*;;;;;;;;;;;;;;;;;;;
;Actividades de agencias de viajes y de otros servicios de reservas;0;*;*;0;0;0;0;0;*;*;*;*;*;*;*;*;*;*;*;;;;;;;;;;;;;;;;;;;
;Actividades culturales;0;0;0;*;*;*;*;*;*;*;*;*;*;*;0;*;*;*;0;;;;;;;;;;;;;;;;;;;
;Actividades deportivas y recreativas;*;*;*;*;*;*;*;*;*;*;*;0;0;2.122;17.196;0;27.426;0;0;;;;;;;;;;;;;;;710,40%;-100,00%;;-100,00%;
;Comercio al por menor de bienes característicos del turismo;0;*;*;*;*;4.800;703;*;*;*;*;*;*;*;*;*;*;*;*;;;;;;;-85,40%;;;;;;;;;;;;
;Actividades relacionadas con segundos hogares y multipropiedades;27.961;27.858;114.581;35.310;29.775;22.312;28.179;25.788;38.770;45.318;86.709;105.991;145.517;61.717;34.287;36.382;39.145;188.577;40.603;;-0,40%;311,30%;-69,20%;-15,70%;-25,10%;26,30%;-8,50%;50,30%;16,90%;91,30%;22,20%;37,30%;-57,60%;-44,40%;6,10%;7,60%;381,70%;-78,50%
13604;Padre Hurtado;60.556;54.054;111.061;79.954;92.656;118.587;100.581;142.673;121.975;193.061;1.468.640;527.375;517.072;670.507;633.065;663.971;838.279;888.374;652.272;;-10,70%;105,50%;-28,00%;15,90%;28,00%;-15,20%;41,80%;-14,50%;58,30%;660,70%;-64,10%;-2,00%;29,70%;-5,60%;4,90%;26,30%;6,00%;-26,60%
;Alojamiento turístico;*;*;*;*;*;*;*;*;*;*;*;*;*;*;*;*;0;*;*;;;;;;;;;;;;;;;;;;;
;Actividades de provisión de alimentos y bebidas;8.785;13.482;11.809;15.807;21.009;23.801;31.912;28.390;29.150;32.480;72.345;76.173;68.441;102.743;109.611;109.636;189.173;191.582;185.026;;53,50%;-12,40%;33,90%;32,90%;13,30%;34,10%;-11,00%;2,70%;11,40%;122,70%;5,30%;-10,20%;50,10%;6,70%;0,00%;72,50%;1,30%;-3,40%
;Transporte de pasajeros por ferrocarril;0;0;0;*;*;*;0;0;0;0;0;0;0;*;0;0;0;0;0;;;;;;;;;;;;;;;;;;;
;Transporte de pasajeros por carretera;12.549;15.138;28.878;30.472;34.655;47.908;40.073;42.259;30.365;21.738;48.637;39.239;76.809;56.996;31.711;26.475;45.164;47.884;61.468;;20,60%;90,80%;5,50%;13,70%;38,20%;-16,40%;5,50%;-28,10%;-28,40%;123,70%;-19,30%;95,70%;-25,80%;-44,40%;-16,50%;70,60%;6,00%;28,40%
;Transporte de pasajeros por agua;0;0;0;0;0;0;0;0;0;0;0;0;0;0;0;0;0;0;0;;;;;;;;;;;;;;;;;;;
;Transporte aéreo de pasajeros;0;0;0;0;0;0;0;0;0;0;0;0;0;0;0;0;0;0;0;;;;;;;;;;;;;;;;;;;
;Alquiler de equipos de transporte;*;*;0;*;*;*;*;*;*;*;*;103.360;*;*;*;*;4.180;13.086;2.252;;;;;;;;;;;;;;;;;;213,10%;-82,80%
;Actividades de agencias de viajes y de otros servicios de reservas;0;*;*;*;*;*;*;*;*;*;*;*;*;*;*;*;*;*;*;;;;;;;;;;;;;;;;;;;
;Actividades culturales;0;0;0;*;*;*;*;*;*;*;*;*;*;*;*;*;*;*;0;;;;;;;;;;;;;;;;;;;
;Actividades deportivas y recreativas;*;*;*;*;*;*;*;*;*;*;0;0;0;3.054;4.728;0;3.272;4.834;1.128;;;;;;;;;;;;;;;54,80%;-100,00%;;47,70%;-76,70%
;Comercio al por menor de bienes característicos del turismo;1.711;1.720;*;*;*;*;*;*;*;*;*;*;2.694;*;*;*;*;*;*;;0,50%;;;;;;;;;;;;;;;;;
;Actividades relacionadas con segundos hogares y multipropiedades;37.511;23.715;70.374;33.675;36.992;46.878;28.596;72.024;62.459;138.843;1.347.658;308.603;369.129;507.715;487.016;527.861;596.490;630.987;402.397;;-36,80%;196,80%;-52,10%;9,90%;26,70%;-39,00%;151,90%;-13,30%;122,30%;870,60%;-77,10%;19,60%;37,50%;-4,10%;8,40%;13,00%;5,80%;-36,20%
13605;Peñaflor;367.687;340.706;357.888;370.421;360.182;524.582;669.863;559.086;606.327;735.137;1.322.073;989.510;1.288.695;1.142.875;1.004.774;1.129.704;1.254.944;1.421.874;1.315.438;;-7,30%;5,00%;3,50%;-2,80%;45,60%;27,70%;-16,50%;8,40%;21,20%;79,80%;-25,20%;30,20%;-11,30%;-12,10%;12,40%;11,10%;13,30%;-7,50%
;Alojamiento turístico;*;*;*;*;*;*;*;*;*;0;*;*;*;*;*;0;0;0;*;;;;;;;;;;;;;;;;;;;
;Actividades de provisión de alimentos y bebidas;105.435;92.954;86.527;108.337;117.613;129.754;246.153;234.411;239.513;250.355;730.118;243.862;191.138;322.351;297.071;251.367;447.408;476.231;492.029;;-11,80%;-6,90%;25,20%;8,60%;10,30%;89,70%;-4,80%;2,20%;4,50%;191,60%;-66,60%;-21,60%;68,60%;-7,80%;-15,40%;78,00%;6,40%;3,30%
;Transporte de pasajeros por ferrocarril;0;0;0;0;*;*;*;*;*;*;*;*;0;0;0;*;*;0;0;;;;;;;;;;;;;;;;;;;
;Transporte de pasajeros por carretera;49.188;67.748;63.604;33.622;88.130;118.793;118.769;61.162;83.619;188.567;153.858;219.270;262.565;244.251;251.300;168.308;173.428;210.810;187.837;;37,70%;-6,10%;-47,10%;162,10%;34,80%;0,00%;-48,50%;36,70%;125,50%;-18,40%;42,50%;19,70%;-7,00%;2,90%;-33,00%;3,00%;21,60%;-10,90%
;Transporte de pasajeros por agua;0;0;0;0;0;0;0;0;0;0;0;0;0;0;0;0;0;0;0;;;;;;;;;;;;;;;;;;;
;Transporte aéreo de pasajeros;0;0;0;0;0;0;0;0;0;0;0;0;0;0;0;0;0;0;0;;;;;;;;;;;;;;;;;;;
;Alquiler de equipos de transporte;*;14.457;*;*;*;*;*;*;*;4.565;65.339;37.824;34.645;24.998;16.970;*;27.318;18.702;20.974;;;;;;;;;;;1331,40%;-42,10%;-8,40%;-27,80%;-32,10%;;;-31,50%;12,20%
;Actividades de agencias de viajes y de otros servicios de reservas;0;0;*;*;0;0;0;0;0;0;*;*;*;*;*;*;*;*;*;;;;;;;;;;;;;;;;;;;
;Actividades culturales;*;*;*;*;*;*;*;*;*;*;*;0;0;*;0;*;0;0;13.392;;;;;;;;;;;;;;;;;;;
;Actividades deportivas y recreativas;0;0;0;0;0;0;0;0;0;*;17.364;27.517;34.222;127.491;129.572;16.076;89.822;161.109;35.181;;;;;;;;;;;;58,50%;24,40%;272,50%;1,60%;-87,60%;458,70%;79,40%;-78,20%
;Comercio al por menor de bienes característicos del turismo;1.463;2.498;1.418;1.277;1.050;12.289;5.952;7.400;*;*;*;*;4.694;1.514;2.481;1.748;1.170;1.220;922;;70,80%;-43,20%;-9,90%;-17,80%;1070,00%;-51,60%;24,30%;;;;;;-67,80%;63,90%;-29,60%;-33,00%;4,20%;-24,50%
;Actividades relacionadas con segundos hogares y multipropiedades;211.601;163.050;206.339;227.184;153.389;263.746;298.989;256.112;283.195;291.650;355.394;461.038;761.430;422.271;307.382;692.205;515.798;553.801;565.104;;-22,90%;26,50%;10,10%;-32,50%;71,90%;13,40%;-14,30%;10,60%;3,00%;21,90%;29,70%;65,20%;-44,50%;-27,20%;125,20%;-25,50%;7,40%;2,00%
Región de Los Ríos;;1.570.663;1.600.204;2.065.945;2.434.123;2.414.072;2.632.740;3.414.677;4.427.457;3.995.717;3.662.784;5.606.511;7.761.149;8.129.572;6.827.173;6.379.780;4.666.653;6.401.820;9.329.432;9.311.870;;1,90%;29,10%;17,80%;-0,80%;9,10%;29,70%;29,70%;-9,80%;-8,30%;53,10%;38,40%;4,70%;-16,00%;-6,60%;-26,90%;37,20%;45,70%;-0,20%
14101;Valdivia;1.140.184;1.279.252;1.471.460;1.490.585;1.821.923;2.052.757;2.515.126;3.438.930;2.990.595;2.823.725;4.024.731;5.394.191;5.555.581;4.846.417;4.297.315;3.142.512;4.103.118;6.434.755;6.668.448;;12,20%;15,00%;1,30%;22,20%;12,70%;22,50%;36,70%;-13,00%;-5,60%;42,50%;34,00%;3,00%;-12,80%;-11,30%;-26,90%;30,60%;56,80%;3,60%
;Alojamiento turístico;223.792;285.343;292.220;286.945;264.850;249.269;257.590;305.436;298.770;270.549;343.344;360.368;386.653;414.650;437.216;267.650;288.832;346.235;346.375;;27,50%;2,40%;-1,80%;-7,70%;-5,90%;3,30%;18,60%;-2,20%;-9,40%;26,90%;5,00%;7,30%;7,20%;5,40%;-38,80%;7,90%;19,90%;0,00%
;Actividades de provisión de alimentos y bebidas;342.904;410.552;488.016;490.842;785.518;922.600;625.908;605.279;668.569;693.080;853.407;1.164.625;1.369.796;1.549.051;1.633.499;846.502;1.300.203;1.949.115;2.107.257;;19,70%;18,90%;0,60%;60,00%;17,50%;-32,20%;-3,30%;10,50%;3,70%;23,10%;36,50%;17,60%;13,10%;5,50%;-48,20%;53,60%;49,90%;8,10%
;Transporte de pasajeros por ferrocarril;0;0;*;*;*;*;*;*;0;0;0;0;0;0;*;0;0;*;0;;;;;;;;;;;;;;;;;;;
;Transporte de pasajeros por carretera;134.928;155.945;142.556;141.709;165.508;181.511;186.557;164.029;169.752;206.410;229.423;280.394;268.314;203.493;187.636;207.544;315.734;217.998;312.359;;15,60%;-8,60%;-0,60%;16,80%;9,70%;2,80%;-12,10%;3,50%;21,60%;11,10%;22,20%;-4,30%;-24,20%;-7,80%;10,60%;52,10%;-31,00%;43,30%
;Transporte de pasajeros por agua;10.680;*;*;*;0;*;*;0;0;0;29.444;0;*;5.304;61.110;143.687;71.250;10.511;21.562;;;;;;;;;;;;-100,00%;;;1052,10%;135,10%;-50,40%;-85,20%;105,10%
;Transporte aéreo de pasajeros;0;0;0;0;0;0;0;0;0;0;0;0;0;0;*;*;*;*;*;;;;;;;;;;;;;;;;;;;
;Alquiler de equipos de transporte;53.411;54.473;43.770;54.781;61.828;66.361;62.536;36.411;40.129;40.775;190.752;521.203;594.752;191.288;127.316;88.184;134.116;246.021;132.955;;2,00%;-19,60%;25,20%;12,90%;7,30%;-5,80%;-41,80%;10,20%;1,60%;367,80%;173,20%;14,10%;-67,80%;-33,40%;-30,70%;52,10%;83,40%;-46,00%
;Actividades de agencias de viajes y de otros servicios de reservas;6.478;4.730;9.903;6.149;8.384;7.334;9.224;11.634;12.741;12.948;19.722;36.938;30.145;17.421;10.995;2.297;4.433;12.985;23.965;;-27,00%;109,40%;-37,90%;36,30%;-12,50%;25,80%;26,10%;9,50%;1,60%;52,30%;87,30%;-18,40%;-42,20%;-36,90%;-79,10%;93,00%;192,90%;84,60%
;Actividades culturales;*;0;*;*;0;0;0;6.323;0;6.328;28.144;33.203;46.286;125.068;123.301;49.658;82.754;137.990;183.938;;;;;;;;;-100,00%;;344,80%;18,00%;39,40%;170,20%;-1,40%;-59,70%;66,60%;66,70%;33,30%
;Actividades deportivas y recreativas;6.313;0;0;0;0;11.885;8.579;1.686;1.714;4.202;7.172;10.630;16.806;25.839;25.305;13.635;18.429;22.526;40.118;;-100,00%;;;;;-27,80%;-80,30%;1,60%;145,20%;70,70%;48,20%;58,10%;53,80%;-2,10%;-46,10%;35,20%;22,20%;78,10%
;Comercio al por menor de bienes característicos del turismo;11.469;12.961;11.243;14.655;13.456;17.578;18.449;19.065;26.430;31.154;60.620;41.369;30.850;28.133;17.351;7.095;14.594;18.232;17.583;;13,00%;-13,30%;30,30%;-8,20%;30,60%;5,00%;3,30%;38,60%;17,90%;94,60%;-31,80%;-25,40%;-8,80%;-38,30%;-59,10%;105,70%;24,90%;-3,60%
;Actividades relacionadas con segundos hogares y multipropiedades;350.210;355.247;483.753;495.505;522.380;596.220;1.346.283;2.289.067;1.772.489;1.558.281;2.262.704;2.945.460;2.811.980;2.286.170;1.673.585;1.516.258;1.872.774;3.473.141;3.482.337;;1,40%;36,20%;2,40%;5,40%;14,10%;125,80%;70,00%;-22,60%;-12,10%;45,20%;30,20%;-4,50%;-18,70%;-26,80%;-9,40%;23,50%;85,50%;0,30%
14102;Corral;2.728;2.673;0;0;0;0;2.552;4.044;3.871;4.936;8.667;14.288;15.243;7.787;10.081;7.614;9.816;19.015;23.291;;-2,00%;-100,00%;;;;;58,40%;-4,30%;27,50%;75,60%;64,90%;6,70%;-48,90%;29,50%;-24,50%;28,90%;93,70%;22,50%
;Alojamiento turístico;*;*;*;*;*;*;0;0;1.666;2.186;4.954;6.410;5.494;1.640;2.398;2.152;1.803;3.418;3.811;;;;;;;;;;31,20%;126,60%;29,40%;-14,30%;-70,20%;46,20%;-10,30%;-16,20%;89,60%;11,50%
;Actividades de provisión de alimentos y bebidas;2.728;2.673;0;0;0;0;2.552;4.044;2.205;2.750;3.712;7.878;9.748;6.147;7.684;5.463;8.013;15.598;19.480;;-2,00%;-100,00%;;;;;58,40%;-45,50%;24,70%;35,00%;112,20%;23,70%;-36,90%;25,00%;-28,90%;46,70%;94,60%;24,90%
;Transporte de pasajeros por ferrocarril;0;0;0;0;0;0;0;0;0;0;0;0;0;0;0;0;0;0;0;;;;;;;;;;;;;;;;;;;
;Transporte de pasajeros por carretera;*;*;*;*;*;*;*;*;*;*;*;0;0;0;0;0;0;0;0;;;;;;;;;;;;;;;;;;;
;Transporte de pasajeros por agua;*;*;*;*;*;*;*;*;*;*;*;*;*;0;0;0;0;*;*;;;;;;;;;;;;;;;;;;;
;Transporte aéreo de pasajeros;0;0;0;0;0;0;0;0;0;0;0;0;0;0;0;0;0;0;0;;;;;;;;;;;;;;;;;;;
;Alquiler de equipos de transporte;*;*;0;0;0;0;0;0;*;*;*;*;*;*;*;*;*;*;*;;;;;;;;;;;;;;;;;;;
;Actividades de agencias de viajes y de otros servicios de reservas;0;0;0;*;*;*;0;0;0;0;*;*;*;*;*;*;*;0;0;;;;;;;;;;;;;;;;;;;
;Actividades culturales;0;0;0;0;0;0;0;0;0;0;*;0;0;0;*;0;0;*;*;;;;;;;;;;;;;;;;;;;
;Actividades deportivas y recreativas;0;0;0;0;0;0;*;*;*;*;*;*;*;*;*;*;*;0;*;;;;;;;;;;;;;;;;;;;
;Comercio al por menor de bienes característicos del turismo;0;0;0;0;0;0;*;*;*;*;*;*;*;*;*;*;*;*;*;;;;;;;;;;;;;;;;;;;
;Actividades relacionadas con segundos hogares y multipropiedades;0;0;0;0;0;0;*;*;*;*;*;*;*;*;*;*;*;*;*;;;;;;;;;;;;;;;;;;;
14103;Lanco;8.673;11.562;12.248;13.447;11.840;13.970;20.382;18.427;26.352;22.402;36.325;31.018;44.664;78.479;67.237;42.162;68.762;90.601;61.559;;33,30%;5,90%;9,80%;-12,00%;18,00%;45,90%;-9,60%;43,00%;-15,00%;62,10%;-14,60%;44,00%;75,70%;-14,30%;-37,30%;63,10%;31,80%;-32,10%
;Alojamiento turístico;*;*;*;*;*;*;*;*;*;*;0;0;7.652;14.743;0;0;7.633;0;0;;;;;;;;;;;;;;92,70%;-100,00%;;;-100,00%;
;Actividades de provisión de alimentos y bebidas;8.673;10.785;11.981;12.632;11.840;13.970;19.538;18.427;25.792;22.186;28.844;26.459;29.913;38.640;39.321;21.717;28.146;45.024;47.291;;24,40%;11,10%;5,40%;-6,30%;18,00%;39,90%;-5,70%;40,00%;-14,00%;30,00%;-8,30%;13,10%;29,20%;1,80%;-44,80%;29,60%;60,00%;5,00%
;Transporte de pasajeros por ferrocarril;0;0;*;*;*;*;0;0;0;0;0;0;0;0;0;0;0;0;0;;;;;;;;;;;;;;;;;;;
;Transporte de pasajeros por carretera;0;777;267;816;0;0;844;0;559;217;7.481;4.559;7.100;25.096;27.916;20.445;32.982;45.576;14.268;;;-65,60%;205,20%;-100,00%;;;-100,00%;;-61,30%;3352,40%;-39,10%;55,70%;253,50%;11,20%;-26,80%;61,30%;38,20%;-68,70%
;Transporte de pasajeros por agua;0;0;0;0;0;0;0;0;0;0;0;0;0;0;0;0;0;0;0;;;;;;;;;;;;;;;;;;;
;Transporte aéreo de pasajeros;0;0;0;0;0;0;0;0;0;0;0;0;0;0;0;0;0;0;0;;;;;;;;;;;;;;;;;;;
;Alquiler de equipos de transporte;*;*;*;*;*;*;*;*;*;*;*;*;*;*;*;*;*;*;*;;;;;;;;;;;;;;;;;;;
;Actividades de agencias de viajes y de otros servicios de reservas;*;*;*;*;*;*;*;*;*;*;*;*;*;*;*;*;*;*;*;;;;;;;;;;;;;;;;;;;
;Actividades culturales;0;0;0;0;0;*;*;*;*;*;*;*;*;*;*;*;*;*;*;;;;;;;;;;;;;;;;;;;
;Actividades deportivas y recreativas;0;*;*;*;*;*;*;*;*;*;*;*;*;0;*;*;*;*;*;;;;;;;;;;;;;;;;;;;
;Comercio al por menor de bienes característicos del turismo;*;*;*;*;*;*;*;*;*;*;*;*;*;*;*;*;*;*;*;;;;;;;;;;;;;;;;;;;
;Actividades relacionadas con segundos hogares y multipropiedades;*;*;*;*;*;*;*;*;*;*;0;0;0;*;*;*;0;0;0;;;;;;;;;;;;;;;;;;;
14104;Los Lagos;12.608;11.911;16.697;15.903;15.815;15.714;16.384;15.003;17.683;27.007;44.591;54.150;82.559;203.724;67.413;44.869;70.600;88.960;87.372;;-5,50%;40,20%;-4,80%;-0,60%;-0,60%;4,30%;-8,40%;17,90%;52,70%;65,10%;21,40%;52,50%;146,80%;-66,90%;-33,40%;57,30%;26,00%;-1,80%
;Alojamiento turístico;*;*;0;0;0;0;0;0;0;0;7.728;7.112;6.540;8.535;9.328;12.103;13.560;12.098;13.680;;;;;;;;;;;;-8,00%;-8,00%;30,50%;9,30%;29,80%;12,00%;-10,80%;13,10%
;Actividades de provisión de alimentos y bebidas;12.604;11.911;14.646;15.109;15.815;15.714;16.384;13.508;15.303;19.246;25.561;35.096;40.680;59.521;37.331;28.484;38.573;50.379;55.891;;-5,50%;23,00%;3,20%;4,70%;-0,60%;4,30%;-17,60%;13,30%;25,80%;32,80%;37,30%;15,90%;46,30%;-37,30%;-23,70%;35,40%;30,60%;10,90%
;Transporte de pasajeros por ferrocarril;0;0;0;0;0;0;0;0;0;0;0;0;0;0;0;0;0;0;0;;;;;;;;;;;;;;;;;;;
;Transporte de pasajeros por carretera;4;0;2.051;795;0;0;0;1.496;2.380;7.761;11.301;7.783;10.847;16.665;20.754;2.786;1.621;4.371;0;;-100,00%;;-61,20%;-100,00%;;;;59,10%;226,00%;45,60%;-31,10%;39,40%;53,60%;24,50%;-86,60%;-41,80%;169,60%;-100,00%
;Transporte de pasajeros por agua;*;0;*;*;*;*;*;*;*;*;0;0;0;0;0;0;0;0;0;;;;;;;;;;;;;;;;;;;
;Transporte aéreo de pasajeros;0;0;0;0;0;0;0;0;0;0;0;0;0;0;0;0;0;0;0;;;;;;;;;;;;;;;;;;;
;Alquiler de equipos de transporte;*;*;*;*;*;*;*;*;*;*;*;4.160;24.492;119.003;*;1.496;935;2.459;*;;;;;;;;;;;;;488,70%;385,90%;;;-37,50%;162,90%;
;Actividades de agencias de viajes y de otros servicios de reservas;0;0;0;0;0;*;*;*;*;*;*;*;*;*;*;*;*;*;*;;;;;;;;;;;;;;;;;;;
;Actividades culturales;*;*;*;*;*;*;*;*;0;0;0;*;*;*;*;*;*;*;*;;;;;;;;;;;;;;;;;;;
;Actividades deportivas y recreativas;*;*;*;*;*;*;*;*;*;*;0;*;*;*;*;*;*;*;*;;;;;;;;;;;;;;;;;;;
;Comercio al por menor de bienes característicos del turismo;*;*;*;*;*;*;*;0;*;*;*;*;*;*;*;*;*;0;0;;;;;;;;;;;;;;;;;;;
;Actividades relacionadas con segundos hogares y multipropiedades;*;*;*;*;*;0;*;*;*;*;0;0;0;0;0;0;15.911;19.654;17.800;;;;;;;;;;;;;;;;;;23,50%;-9,40%
14105;Máfil;0;0;0;0;2.579;0;0;0;0;0;0;0;2.717;5.417;5.376;3.621;8.198;11.045;10.249;;;;;;-100,00%;;;;;;;;99,40%;-0,80%;-32,60%;126,40%;34,70%;-7,20%
;Alojamiento turístico;*;*;*;*;*;*;*;*;*;*;*;*;*;*;*;*;0;0;*;;;;;;;;;;;;;;;;;;;
;Actividades de provisión de alimentos y bebidas;0;*;*;*;2.579;0;0;0;*;0;0;0;2.717;5.417;5.376;3.621;8.198;11.045;10.249;;;;;;-100,00%;;;;;;;;99,40%;-0,80%;-32,60%;126,40%;34,70%;-7,20%
;Transporte de pasajeros por ferrocarril;0;0;0;0;0;0;0;0;0;0;0;0;0;0;0;0;0;0;0;;;;;;;;;;;;;;;;;;;
;Transporte de pasajeros por carretera;*;*;*;0;0;*;*;*;*;0;0;0;0;0;0;0;0;0;0;;;;;;;;;;;;;;;;;;;
;Transporte de pasajeros por agua;0;0;0;0;0;0;0;0;0;0;0;0;0;0;0;0;0;0;0;;;;;;;;;;;;;;;;;;;
;Transporte aéreo de pasajeros;0;0;0;0;0;0;0;0;0;0;0;0;0;0;0;0;0;0;0;;;;;;;;;;;;;;;;;;;
;Alquiler de equipos de transporte;0;*;*;*;*;*;*;*;*;*;*;*;*;*;*;*;*;*;*;;;;;;;;;;;;;;;;;;;
;Actividades de agencias de viajes y de otros servicios de reservas;0;0;0;0;0;0;0;0;0;*;0;0;0;*;*;*;*;0;0;;;;;;;;;;;;;;;;;;;
;Actividades culturales;*;*;*;*;*;*;*;*;*;*;0;0;0;*;*;*;*;*;*;;;;;;;;;;;;;;;;;;;
;Actividades deportivas y recreativas;0;*;*;0;0;0;0;0;0;0;*;*;*;*;*;0;*;*;*;;;;;;;;;;;;;;;;;;;
;Comercio al por menor de bienes característicos del turismo;0;0;0;0;0;0;*;*;*;*;*;*;*;*;*;*;*;*;*;;;;;;;;;;;;;;;;;;;
;Actividades relacionadas con segundos hogares y multipropiedades;*;*;*;*;*;*;*;*;*;*;*;*;*;*;*;*;*;*;*;;;;;;;;;;;;;;;;;;;
14106;Mariquina;18.331;27.749;26.529;19.376;18.784;36.065;42.196;35.283;28.755;43.109;108.438;137.560;130.727;123.419;172.679;98.074;142.861;202.869;186.417;;51,40%;-4,40%;-27,00%;-3,10%;92,00%;17,00%;-16,40%;-18,50%;49,90%;151,50%;26,90%;-5,00%;-5,60%;39,90%;-43,20%;45,70%;42,00%;-8,10%
;Alojamiento turístico;1.234;0;0;0;0;11.701;15.640;17.581;13.728;16.489;59.249;68.120;54.774;39.599;69.625;36.264;52.249;85.584;77.139;;-100,00%;;;;;33,70%;12,40%;-21,90%;20,10%;259,30%;15,00%;-19,60%;-27,70%;75,80%;-47,90%;44,10%;63,80%;-9,90%
;Actividades de provisión de alimentos y bebidas;13.941;24.218;19.638;15.303;11.907;14.870;12.418;13.741;13.727;20.246;34.767;43.789;51.552;54.761;80.385;48.941;72.332;83.548;93.327;;73,70%;-18,90%;-22,10%;-22,20%;24,90%;-16,50%;10,60%;-0,10%;47,50%;71,70%;26,00%;17,70%;6,20%;46,80%;-39,10%;47,80%;15,50%;11,70%
;Transporte de pasajeros por ferrocarril;0;0;0;0;0;0;0;0;0;0;0;0;0;0;0;0;0;0;0;;;;;;;;;;;;;;;;;;;
;Transporte de pasajeros por carretera;3.157;3.531;6.891;4.073;6.877;9.494;10.374;3.961;1.300;2.847;11.287;17.650;17.977;20.268;18.570;10.858;16.436;31.054;15.951;;11,90%;95,20%;-40,90%;68,80%;38,10%;9,30%;-61,80%;-67,20%;118,90%;296,50%;56,40%;1,90%;12,70%;-8,40%;-41,50%;51,40%;88,90%;-48,60%
;Transporte de pasajeros por agua;0;0;0;0;0;*;*;0;0;0;0;0;0;0;0;0;0;0;0;;;;;;;;;;;;;;;;;;;
;Transporte aéreo de pasajeros;0;0;0;0;0;0;0;0;0;0;0;0;0;0;0;0;0;0;0;;;;;;;;;;;;;;;;;;;
;Alquiler de equipos de transporte;*;*;*;*;*;*;3.764;*;*;3.526;3.135;8.001;6.423;8.791;4.100;2.011;1.844;2.685;*;;;;;;;;;;;-11,10%;155,20%;-19,70%;36,90%;-53,40%;-50,90%;-8,30%;45,60%;
;Actividades de agencias de viajes y de otros servicios de reservas;0;0;0;0;0;0;0;0;0;*;*;*;*;*;*;*;*;*;*;;;;;;;;;;;;;;;;;;;
;Actividades culturales;0;0;0;0;0;0;0;0;0;*;*;*;*;*;*;*;*;*;*;;;;;;;;;;;;;;;;;;;
;Actividades deportivas y recreativas;*;0;0;0;0;*;*;0;0;*;*;*;*;*;*;*;*;*;*;;;;;;;;;;;;;;;;;;;
;Comercio al por menor de bienes característicos del turismo;*;*;*;*;0;0;*;*;*;*;*;*;*;*;*;*;*;*;*;;;;;;;;;;;;;;;;;;;
;Actividades relacionadas con segundos hogares y multipropiedades;*;*;*;*;*;*;*;*;*;*;*;0;0;0;0;0;0;0;0;;;;;;;;;;;;;;;;;;;
14107;Paillaco;13.374;15.278;14.776;14.400;9.908;10.674;12.290;13.021;11.463;82.112;52.444;176.978;171.198;68.549;98.555;101.491;152.070;203.340;151.799;;14,20%;-3,30%;-2,50%;-31,20%;7,70%;15,10%;5,90%;-12,00%;616,40%;-36,10%;237,50%;-3,30%;-60,00%;43,80%;3,00%;49,80%;33,70%;-25,30%
;Alojamiento turístico;*;*;*;*;*;*;*;*;*;*;*;0;0;0;0;0;0;0;0;;;;;;;;;;;;;;;;;;;
;Actividades de provisión de alimentos y bebidas;12.892;15.018;13.354;13.303;8.854;10.504;12.040;12.925;11.463;12.180;20.990;28.721;35.058;29.861;48.411;20.185;76.957;85.593;66.792;;16,50%;-11,10%;-0,40%;-33,40%;18,60%;14,60%;7,40%;-11,30%;6,30%;72,30%;36,80%;22,10%;-14,80%;62,10%;-58,30%;281,30%;11,20%;-22,00%
;Transporte de pasajeros por ferrocarril;0;0;*;0;*;0;0;0;0;0;0;0;0;0;0;0;0;0;0;;;;;;;;;;;;;;;;;;;
;Transporte de pasajeros por carretera;483;260;1.422;1.097;1.054;170;250;96;0;0;956;5.095;6.937;5.461;27.604;23.488;0;15.477;15.415;;-46,20%;447,20%;-22,80%;-3,90%;-83,90%;47,10%;-61,80%;-100,00%;;;433,10%;36,20%;-21,30%;405,50%;-14,90%;-100,00%;;-0,40%
;Transporte de pasajeros por agua;0;0;0;0;0;0;0;0;0;0;0;0;0;0;0;0;0;0;0;;;;;;;;;;;;;;;;;;;
;Transporte aéreo de pasajeros;0;0;0;0;0;0;0;0;0;0;0;0;0;0;0;0;0;0;0;;;;;;;;;;;;;;;;;;;
;Alquiler de equipos de transporte;*;*;0;*;*;*;*;*;*;*;*;*;*;*;*;*;*;*;*;;;;;;;;;;;;;;;;;;;
;Actividades de agencias de viajes y de otros servicios de reservas;0;0;0;0;0;0;0;0;0;0;0;*;*;0;*;0;*;*;*;;;;;;;;;;;;;;;;;;;
;Actividades culturales;0;0;0;0;0;0;0;0;*;*;*;*;*;*;*;*;*;*;*;;;;;;;;;;;;;;;;;;;
;Actividades deportivas y recreativas;0;0;0;0;0;0;0;*;*;*;*;*;*;*;*;*;*;*;*;;;;;;;;;;;;;;;;;;;
;Comercio al por menor de bienes característicos del turismo;*;*;0;*;*;*;*;0;0;0;*;*;*;*;*;*;*;*;*;;;;;;;;;;;;;;;;;;;
;Actividades relacionadas con segundos hogares y multipropiedades;*;*;*;*;*;*;*;*;0;69.932;30.498;143.161;129.203;33.227;22.539;57.817;75.114;102.269;69.593;;;;;;;;;;;-56,40%;369,40%;-9,80%;-74,30%;-32,20%;156,50%;29,90%;36,20%;-32,00%
14108;Panguipulli;321.411;186.477;426.398;785.622;454.264;421.928;710.422;785.842;772.181;502.611;796.112;1.327.271;1.424.419;907.177;1.143.623;801.849;1.160.861;1.353.899;1.236.742;;-42,00%;128,70%;84,20%;-42,20%;-7,10%;68,40%;10,60%;-1,70%;-34,90%;58,40%;66,70%;7,30%;-36,30%;26,10%;-29,90%;44,80%;16,60%;-8,70%
;Alojamiento turístico;18.030;10.755;22.264;80.506;113.830;117.388;34.860;46.882;54.942;59.938;166.926;145.827;131.173;88.100;70.383;59.654;53.221;65.959;53.461;;-40,30%;107,00%;261,60%;41,40%;3,10%;-70,30%;34,50%;17,20%;9,10%;178,50%;-12,60%;-10,00%;-32,80%;-20,10%;-15,20%;-10,80%;23,90%;-18,90%
;Actividades de provisión de alimentos y bebidas;30.569;28.213;22.962;23.773;24.091;30.261;27.637;35.863;40.177;54.491;87.645;96.765;99.432;145.017;158.624;119.882;167.033;236.173;233.864;;-7,70%;-18,60%;3,50%;1,30%;25,60%;-8,70%;29,80%;12,00%;35,60%;60,80%;10,40%;2,80%;45,80%;9,40%;-24,40%;39,30%;41,40%;-1,00%
;Transporte de pasajeros por ferrocarril;0;0;0;0;0;0;0;0;0;0;0;0;0;0;0;0;0;0;0;;;;;;;;;;;;;;;;;;;
;Transporte de pasajeros por carretera;2.454;3.276;4.309;4.219;3.700;1.176;921;2.062;7.066;16.883;33.056;45.028;69.279;106.061;87.533;55.517;63.760;94.918;116.048;;33,50%;31,50%;-2,10%;-12,30%;-68,20%;-21,60%;123,80%;242,70%;139,00%;95,80%;36,20%;53,90%;53,10%;-17,50%;-36,60%;14,80%;48,90%;22,30%
;Transporte de pasajeros por agua;0;0;*;*;*;*;*;*;*;*;*;*;*;*;0;0;*;*;*;;;;;;;;;;;;;;;;;;;
;Transporte aéreo de pasajeros;0;0;0;0;0;0;0;0;0;0;0;0;0;0;0;0;*;0;0;;;;;;;;;;;;;;;;;;;
;Alquiler de equipos de transporte;*;*;*;*;0;0;*;*;*;*;*;*;*;*;*;*;*;*;*;;;;;;;;;;;;;;;;;;;
;Actividades de agencias de viajes y de otros servicios de reservas;*;*;*;*;*;*;*;*;*;*;3.997;4.387;8.774;5.628;2.803;4.844;2.274;3.379;2.216;;;;;;;;;;;;9,70%;100,00%;-35,90%;-50,20%;72,80%;-53,10%;48,60%;-34,40%
;Actividades culturales;0;0;0;0;0;*;*;*;*;*;*;*;*;*;*;*;*;*;*;;;;;;;;;;;;;;;;;;;
;Actividades deportivas y recreativas;*;*;0;*;0;*;*;*;*;*;0;44.621;57.728;6.845;59.178;15.819;26.777;46.384;36.807;;;;;;;;;;;;;29,40%;-88,10%;764,50%;-73,30%;69,30%;73,20%;-20,60%
;Comercio al por menor de bienes característicos del turismo;7.411;6.474;3.530;3.417;5.648;3.760;3.819;2.677;3.156;9.419;13.421;15.646;22.901;11.459;13.779;20.445;12.298;20.576;13.304;;-12,60%;-45,50%;-3,20%;65,30%;-33,40%;1,60%;-29,90%;17,90%;198,40%;42,50%;16,60%;46,40%;-50,00%;20,30%;48,40%;-39,80%;67,30%;-35,30%
;Actividades relacionadas con segundos hogares y multipropiedades;262.946;137.758;373.334;673.706;306.995;269.343;643.184;698.358;666.840;361.880;491.068;974.997;1.035.132;544.067;751.322;525.687;835.497;886.510;781.043;;-47,60%;171,00%;80,50%;-54,40%;-12,30%;138,80%;8,60%;-4,50%;-45,70%;35,70%;98,50%;6,20%;-47,40%;38,10%;-30,00%;58,90%;6,10%;-11,90%
14201;La Unión;25.531;24.971;57.264;49.506;41.289;38.958;51.435;56.697;65.257;88.366;183.684;299.088;354.844;317.386;262.237;205.719;321.133;348.029;365.270;;-2,20%;129,30%;-13,50%;-16,60%;-5,60%;32,00%;10,20%;15,10%;35,40%;107,90%;62,80%;18,60%;-10,60%;-17,40%;-21,60%;56,10%;8,40%;5,00%
;Alojamiento turístico;*;0;0;0;0;0;7.688;4.328;3.048;5.249;9.000;7.961;11.048;24.449;10.899;7.675;16.184;23.565;26.307;;;;;;;;-43,70%;-29,60%;72,20%;71,50%;-11,50%;38,80%;121,30%;-55,40%;-29,60%;110,90%;45,60%;11,60%
;Actividades de provisión de alimentos y bebidas;21.938;22.867;23.412;25.568;23.499;25.542;25.931;33.604;32.980;41.946;50.141;67.480;107.597;96.390;87.026;52.460;66.665;111.268;123.970;;4,20%;2,40%;9,20%;-8,10%;8,70%;1,50%;29,60%;-1,90%;27,20%;19,50%;34,60%;59,40%;-10,40%;-9,70%;-39,70%;27,10%;66,90%;11,40%
;Transporte de pasajeros por ferrocarril;0;0;0;0;0;0;0;0;0;0;0;0;0;0;0;0;0;0;0;;;;;;;;;;;;;;;;;;;
;Transporte de pasajeros por carretera;3.593;2.104;33.852;20.170;13.048;8.447;13.439;13.184;15.563;15.636;69.385;72.461;71.538;80.481;97.248;79.505;79.006;92.088;107.419;;-41,40%;1508,90%;-40,40%;-35,30%;-35,30%;59,10%;-1,90%;18,00%;0,50%;343,70%;4,40%;-1,30%;12,50%;20,80%;-18,20%;-0,60%;16,60%;16,60%
;Transporte de pasajeros por agua;*;*;*;*;*;*;*;*;*;*;*;*;0;*;*;*;0;0;0;;;;;;;;;;;;;;;;;;;
;Transporte aéreo de pasajeros;0;0;0;0;0;0;0;0;0;0;0;0;0;0;0;0;0;0;0;;;;;;;;;;;;;;;;;;;
;Alquiler de equipos de transporte;*;*;*;*;*;*;*;*;*;*;25.503;51.556;40.591;11.216;7.516;9.967;52.086;45.888;21.017;;;;;;;;;;;;102,20%;-21,30%;-72,40%;-33,00%;32,60%;422,60%;-11,90%;-54,20%
;Actividades de agencias de viajes y de otros servicios de reservas;*;*;*;*;*;*;*;*;*;*;*;*;*;*;*;*;*;*;*;;;;;;;;;;;;;;;;;;;
;Actividades culturales;0;0;0;0;0;*;*;*;*;*;*;*;*;*;*;*;*;*;*;;;;;;;;;;;;;;;;;;;
;Actividades deportivas y recreativas;*;*;*;*;*;*;*;*;*;*;2.474;13.777;16.059;2.012;0;0;0;0;0;;;;;;;;;;;;456,80%;16,60%;-87,50%;-100,00%;;;;
;Comercio al por menor de bienes característicos del turismo;*;*;*;*;*;*;*;*;*;*;5.264;5.375;3.824;5.147;*;*;*;4.693;5.004;;;;;;;;;;;;2,10%;-28,90%;34,60%;;;;;6,60%
;Actividades relacionadas con segundos hogares y multipropiedades;*;*;0;3.768;4.742;4.969;4.376;5.580;13.666;25.535;21.917;80.477;104.187;97.691;59.548;56.112;107.192;70.527;81.553;;;;;25,90%;4,80%;-11,90%;27,50%;144,90%;86,80%;-14,20%;267,20%;29,50%;-6,20%;-39,00%;-5,80%;91,00%;-34,20%;15,60%
14202;Futrono;9.232;14.638;14.461;12.993;15.359;15.252;13.302;14.822;25.377;24.418;58.381;68.995;66.480;92.015;100.045;54.228;92.548;292.890;207.824;;58,60%;-1,20%;-10,10%;18,20%;-0,70%;-12,80%;11,40%;71,20%;-3,80%;139,10%;18,20%;-3,60%;38,40%;8,70%;-45,80%;70,70%;216,50%;-29,00%
;Alojamiento turístico;*;0;0;0;0;0;0;0;0;0;7.437;13.527;12.063;14.494;10.533;7.048;8.516;46.196;3.745;;;;;;;;;;;;81,90%;-10,80%;20,20%;-27,30%;-33,10%;20,80%;442,50%;-91,90%
;Actividades de provisión de alimentos y bebidas;9.232;14.638;14.461;12.993;15.359;15.252;13.302;6.926;16.157;14.087;29.815;20.455;29.341;53.587;61.528;36.371;48.848;75.160;79.206;;58,60%;-1,20%;-10,10%;18,20%;-0,70%;-12,80%;-47,90%;133,30%;-12,80%;111,70%;-31,40%;43,40%;82,60%;14,80%;-40,90%;34,30%;53,90%;5,40%
;Transporte de pasajeros por ferrocarril;0;0;0;0;0;0;0;0;0;0;0;0;0;0;0;0;0;0;0;;;;;;;;;;;;;;;;;;;
;Transporte de pasajeros por carretera;0;0;0;0;0;0;0;0;0;0;5.631;0;0;11.441;11.080;2.057;11.541;13.991;21.248;;;;;;;;;;;;-100,00%;;;-3,20%;-81,40%;461,00%;21,20%;51,90%
;Transporte de pasajeros por agua;*;0;0;0;0;0;0;0;0;0;0;0;0;0;*;*;*;*;*;;;;;;;;;;;;;;;;;;;
;Transporte aéreo de pasajeros;0;0;0;0;0;0;0;0;0;0;0;0;0;0;0;0;0;0;0;;;;;;;;;;;;;;;;;;;
;Alquiler de equipos de transporte;*;*;*;0;0;0;0;0;0;0;*;*;*;*;*;*;*;*;*;;;;;;;;;;;;;;;;;;;
;Actividades de agencias de viajes y de otros servicios de reservas;*;*;0;0;0;0;0;0;0;0;0;*;*;*;*;*;*;*;*;;;;;;;;;;;;;;;;;;;
;Actividades culturales;0;0;0;0;*;0;0;0;*;*;*;*;*;*;*;*;*;*;*;;;;;;;;;;;;;;;;;;;
;Actividades deportivas y recreativas;*;*;0;0;0;*;*;*;*;*;*;*;*;*;*;*;*;*;0;;;;;;;;;;;;;;;;;;;
;Comercio al por menor de bienes característicos del turismo;*;*;*;*;*;*;*;7.896;9.219;10.332;15.498;16.056;6.073;3.967;2.866;1.055;1.684;2.419;2.370;;;;;;;;;16,80%;12,10%;50,00%;3,60%;-62,20%;-34,70%;-27,70%;-63,20%;59,60%;43,70%;-2,00%
;Actividades relacionadas con segundos hogares y multipropiedades;*;*;*;*;*;*;*;*;*;*;0;18.957;19.003;8.526;14.038;7.696;21.959;155.123;101.255;;;;;;;;;;;;;0,20%;-55,10%;64,60%;-45,20%;185,30%;606,40%;-34,70%
14203;Lago Ranco;3.159;3.548;3.172;3.634;2.804;2.986;3.580;3.380;3.693;4.540;15.881;16.594;15.832;27.747;19.409;15.114;28.472;37.207;44.932;;12,30%;-10,60%;14,60%;-22,90%;6,50%;19,90%;-5,60%;9,30%;22,90%;249,80%;4,50%;-4,60%;75,30%;-30,10%;-22,10%;88,40%;30,70%;20,80%
;Alojamiento turístico;*;*;*;*;*;0;0;0;0;0;2.139;2.922;3.446;13.865;5.356;6.460;8.010;6.974;5.555;;;;;;;;;;;;36,60%;17,90%;302,30%;-61,40%;20,60%;24,00%;-12,90%;-20,30%
;Actividades de provisión de alimentos y bebidas;3.159;3.548;3.172;3.634;2.804;2.986;3.580;3.380;3.693;4.540;13.742;13.672;12.386;13.881;14.053;8.655;18.909;28.398;35.516;;12,30%;-10,60%;14,60%;-22,90%;6,50%;19,90%;-5,60%;9,30%;22,90%;202,70%;-0,50%;-9,40%;12,10%;1,20%;-38,40%;118,50%;50,20%;25,10%
;Transporte de pasajeros por ferrocarril;0;0;0;0;0;0;0;0;0;0;0;0;0;0;0;0;0;0;0;;;;;;;;;;;;;;;;;;;
;Transporte de pasajeros por carretera;*;*;*;*;*;*;*;0;0;0;0;0;0;0;0;0;0;0;0;;;;;;;;;;;;;;;;;;;
;Transporte de pasajeros por agua;0;0;0;0;0;0;0;0;0;0;0;*;*;0;0;0;0;0;0;;;;;;;;;;;;;;;;;;;
;Transporte aéreo de pasajeros;0;0;0;0;0;0;0;0;0;0;0;0;0;0;0;0;0;0;0;;;;;;;;;;;;;;;;;;;
;Alquiler de equipos de transporte;0;0;0;0;0;0;0;0;0;0;*;*;*;*;*;*;*;*;*;;;;;;;;;;;;;;;;;;;
;Actividades de agencias de viajes y de otros servicios de reservas;0;0;0;0;0;0;0;0;0;0;0;*;*;*;*;*;*;*;*;;;;;;;;;;;;;;;;;;;
;Actividades culturales;0;0;0;0;0;0;*;0;*;*;0;0;*;*;*;*;*;*;*;;;;;;;;;;;;;;;;;;;
;Actividades deportivas y recreativas;0;0;0;0;0;0;*;*;*;0;*;*;*;*;*;*;*;*;0;;;;;;;;;;;;;;;;;;;
;Comercio al por menor de bienes característicos del turismo;*;*;*;*;*;*;*;*;*;*;*;*;*;*;*;*;1.552;1.836;3.861;;;;;;;;;;;;;;;;;;18,30%;110,30%
;Actividades relacionadas con segundos hogares y multipropiedades;*;*;*;*;*;*;*;*;*;*;*;*;*;*;*;*;0;0;0;;;;;;;;;;;;;;;;;;;
14204;Río Bueno;15.434;22.145;22.939;28.654;19.508;24.437;27.009;42.009;50.491;39.557;277.257;241.016;265.310;149.057;135.812;149.401;243.382;246.821;267.965;;43,50%;3,60%;24,90%;-31,90%;25,30%;10,50%;55,50%;20,20%;-21,70%;600,90%;-13,10%;10,10%;-43,80%;-8,90%;10,00%;62,90%;1,40%;8,60%
;Alojamiento turístico;*;*;*;*;*;0;0;0;0;0;0;0;5.546;18.470;3.298;2.972;5.737;0;7.721;;;;;;;;;;;;;;233,00%;-82,10%;-9,90%;93,00%;-100,00%;
;Actividades de provisión de alimentos y bebidas;14.668;14.055;17.902;22.676;18.736;23.317;25.231;29.736;31.998;25.769;55.182;41.971;45.248;55.861;71.974;51.042;74.555;73.756;79.630;;-4,20%;27,40%;26,70%;-17,40%;24,40%;8,20%;17,90%;7,60%;-19,50%;114,10%;-23,90%;7,80%;23,50%;28,80%;-29,10%;46,10%;-1,10%;8,00%
;Transporte de pasajeros por ferrocarril;0;0;0;0;0;0;0;0;0;*;*;*;*;0;0;0;0;0;0;;;;;;;;;;;;;;;;;;;
;Transporte de pasajeros por carretera;765;329;490;1.194;772;1.119;1.779;12.272;18.493;13.789;25.309;27.635;25.379;29.880;25.208;16.738;24.485;30.452;31.750;;-57,10%;49,10%;143,80%;-35,40%;45,00%;58,90%;589,90%;50,70%;-25,40%;83,60%;9,20%;-8,20%;17,70%;-15,60%;-33,60%;46,30%;24,40%;4,30%
;Transporte de pasajeros por agua;*;*;*;*;*;*;*;*;*;*;0;0;*;*;*;*;*;*;*;;;;;;;;;;;;;;;;;;;
;Transporte aéreo de pasajeros;0;0;0;0;0;0;0;0;0;0;0;0;0;0;0;0;0;0;0;;;;;;;;;;;;;;;;;;;
;Alquiler de equipos de transporte;*;*;*;*;*;*;*;*;*;*;64.629;68.732;58.642;22.862;12.236;17.108;20.738;*;36.672;;;;;;;;;;;;6,30%;-14,70%;-61,00%;-46,50%;39,80%;21,20%;;
;Actividades de agencias de viajes y de otros servicios de reservas;0;0;0;0;0;0;0;0;0;*;*;*;*;*;*;*;*;*;*;;;;;;;;;;;;;;;;;;;
;Actividades culturales;0;0;0;0;*;0;0;0;*;0;*;*;*;*;*;*;*;*;*;;;;;;;;;;;;;;;;;;;
;Actividades deportivas y recreativas;0;0;*;*;*;*;*;*;*;*;0;0;4.903;0;3.310;0;10.935;1.904;0;;;;;;;;;;;;;;-100,00%;;-100,00%;;-82,60%;-100,00%
;Comercio al por menor de bienes característicos del turismo;*;*;*;*;*;*;*;*;*;*;*;*;*;*;511;905;2.005;4.052;10.949;;;;;;;;;;;;;;;;76,90%;121,70%;102,10%;170,20%
;Actividades relacionadas con segundos hogares y multipropiedades;0;7.762;4.547;4.784;0;0;0;0;0;0;132.136;102.679;125.592;21.983;19.275;60.636;104.926;136.656;101.243;;;-41,40%;5,20%;-100,00%;;;;;;;-22,30%;22,30%;-82,50%;-12,30%;214,60%;73,00%;30,20%;-25,90%
Región de Arica y Parinacota;;894.436;965.455;1.131.986;1.023.735;2.247.413;2.133.103;2.978.015;3.236.857;3.179.773;2.533.380;3.384.746;3.030.214;3.412.379;3.327.698;3.570.054;2.136.433;3.171.578;3.402.503;3.510.279;;7,90%;17,20%;-9,60%;119,50%;-5,10%;39,60%;8,70%;-1,80%;-20,30%;33,60%;-10,50%;12,60%;-2,50%;7,30%;-40,20%;48,50%;7,30%;3,20%
15101;Arica;891.195;961.385;1.128.388;1.023.735;2.247.413;2.133.103;2.978.015;3.236.857;3.179.773;2.533.380;3.355.452;3.010.766;3.402.459;3.312.290;3.549.173;2.119.381;3.133.626;3.362.962;3.484.435;;7,90%;17,40%;-9,30%;119,50%;-5,10%;39,60%;8,70%;-1,80%;-20,30%;32,40%;-10,30%;13,00%;-2,70%;7,20%;-40,30%;47,90%;7,30%;3,60%
;Alojamiento turístico;135.786;162.998;186.868;199.436;185.506;257.771;267.450;225.985;249.053;207.955;199.069;149.480;174.564;484.869;568.651;304.551;425.680;526.576;559.057;;20,00%;14,60%;6,70%;-7,00%;39,00%;3,80%;-15,50%;10,20%;-16,50%;-4,30%;-24,90%;16,80%;177,80%;17,30%;-46,40%;39,80%;23,70%;6,20%
;Actividades de provisión de alimentos y bebidas;425.818;431.524;626.795;495.448;838.360;871.324;978.116;1.099.265;1.039.700;1.027.279;1.427.955;1.460.279;1.423.935;1.374.016;1.433.770;848.355;1.370.308;1.565.369;1.544.639;;1,30%;45,30%;-21,00%;69,20%;3,90%;12,30%;12,40%;-5,40%;-1,20%;39,00%;2,30%;-2,50%;-3,50%;4,30%;-40,80%;61,50%;14,20%;-1,30%
;Transporte de pasajeros por ferrocarril;*;0;*;*;*;*;*;*;0;*;*;*;0;*;0;0;0;0;0;;;;;;;;;;;;;;;;;;;
;Transporte de pasajeros por carretera;86.205;93.598;117.332;116.181;136.304;143.045;199.992;236.094;192.509;204.906;220.669;286.355;275.741;300.361;292.176;184.356;200.614;221.737;227.389;;8,60%;25,40%;-1,00%;17,30%;4,90%;39,80%;18,10%;-18,50%;6,40%;7,70%;29,80%;-3,70%;8,90%;-2,70%;-36,90%;8,80%;10,50%;2,50%
;Transporte de pasajeros por agua;0;0;0;*;*;*;*;*;*;*;*;*;*;*;*;*;*;*;*;;;;;;;;;;;;;;;;;;;
;Transporte aéreo de pasajeros;0;*;*;*;*;*;*;*;*;*;*;0;0;0;0;0;*;0;0;;;;;;;;;;;;;;;;;;;
;Alquiler de equipos de transporte;29.800;36.854;4.978;2.904;3.395;2.222;1.680;*;6.716;7.463;49.991;100.394;150.958;31.716;16.928;24.867;43.676;29.579;42.753;;23,70%;-86,50%;-41,70%;16,90%;-34,50%;-24,40%;;;11,10%;569,80%;100,80%;50,40%;-79,00%;-46,60%;46,90%;75,60%;-32,30%;44,50%
;Actividades de agencias de viajes y de otros servicios de reservas;79.571;41.865;37.545;30.623;855.728;629.752;1.292.879;1.245.843;856.460;705.885;678.120;98.408;124.662;80.839;56.636;35.509;39.736;32.281;28.827;;-47,40%;-10,30%;-18,40%;2694,40%;-26,40%;105,30%;-3,60%;-31,30%;-17,60%;-3,90%;-85,50%;26,70%;-35,20%;-29,90%;-37,30%;11,90%;-18,80%;-10,70%
;Actividades culturales;*;*;*;*;*;*;*;0;0;0;24.285;25.861;39.057;41.342;53.290;11.868;16.358;49.394;54.215;;;;;;;;;;;;6,50%;51,00%;5,90%;28,90%;-77,70%;37,80%;202,00%;9,80%
;Actividades deportivas y recreativas;4.561;7.257;7.286;7.325;7.505;0;9.743;7.643;7.827;21.958;31.753;42.734;48.169;39.859;52.741;39.942;25.634;53.960;81.202;;59,10%;0,40%;0,50%;2,50%;-100,00%;;-21,60%;2,40%;180,50%;44,60%;34,60%;12,70%;-17,30%;32,30%;-24,30%;-35,80%;110,50%;50,50%
;Comercio al por menor de bienes característicos del turismo;13.194;13.889;5.254;8.800;9.160;10.922;8.572;14.264;24.396;23.878;40.132;44.272;26.226;15.219;9.400;4.131;7.144;8.034;8.309;;5,30%;-62,20%;67,50%;4,10%;19,20%;-21,50%;66,40%;71,00%;-2,10%;68,10%;10,30%;-40,80%;-42,00%;-38,20%;-56,00%;72,90%;12,50%;3,40%
;Actividades relacionadas con segundos hogares y multipropiedades;116.261;173.400;142.329;163.018;211.454;218.068;219.584;407.763;803.111;334.055;683.480;802.983;1.139.148;944.069;1.065.583;665.802;1.004.475;876.032;938.045;;49,10%;-17,90%;14,50%;29,70%;3,10%;0,70%;85,70%;97,00%;-58,40%;104,60%;17,50%;41,90%;-17,10%;12,90%;-37,50%;50,90%;-12,80%;7,10%
15102;Camarones;*;*;*;*;*;*;*;*;*;*;0;0;0;0;0;0;0;5.512;0;;;;;;;;;;;;;;;;;;;-100,00%
;Alojamiento turístico;0;0;0;0;0;*;*;*;*;*;*;*;*;*;*;*;*;*;*;;;;;;;;;;;;;;;;;;;
;Actividades de provisión de alimentos y bebidas;*;*;0;*;*;*;*;*;*;*;*;*;*;0;0;0;0;5.512;0;;;;;;;;;;;;;;;;;;;-100,00%
;Transporte de pasajeros por ferrocarril;0;0;0;0;0;0;0;0;0;0;0;0;0;0;0;0;0;0;0;;;;;;;;;;;;;;;;;;;
;Transporte de pasajeros por carretera;0;*;*;0;0;0;0;0;0;0;*;*;0;*;*;0;0;0;0;;;;;;;;;;;;;;;;;;;
;Transporte de pasajeros por agua;0;0;0;0;0;0;0;0;0;0;0;0;0;0;0;0;0;0;0;;;;;;;;;;;;;;;;;;;
;Transporte aéreo de pasajeros;0;0;0;0;0;0;0;0;0;0;0;0;0;0;0;0;0;0;0;;;;;;;;;;;;;;;;;;;
;Alquiler de equipos de transporte;0;0;0;0;0;0;0;0;0;0;0;0;0;0;0;0;0;0;0;;;;;;;;;;;;;;;;;;;
;Actividades de agencias de viajes y de otros servicios de reservas;0;0;0;0;0;0;0;0;0;0;*;*;*;*;*;*;*;*;*;;;;;;;;;;;;;;;;;;;
;Actividades culturales;0;0;0;0;0;0;0;0;0;0;0;*;0;0;0;0;0;0;0;;;;;;;;;;;;;;;;;;;
;Actividades deportivas y recreativas;0;0;0;0;0;0;0;0;0;0;0;0;*;0;0;0;0;*;0;;;;;;;;;;;;;;;;;;;
;Comercio al por menor de bienes característicos del turismo;0;0;0;0;0;0;0;0;0;0;*;*;*;*;0;0;*;*;*;;;;;;;;;;;;;;;;;;;
;Actividades relacionadas con segundos hogares y multipropiedades;0;0;0;0;0;0;0;0;0;0;0;*;*;*;0;*;0;0;0;;;;;;;;;;;;;;;;;;;
15201;Putre;3.242;4.070;3.599;0;0;0;0;0;0;0;29.294;19.448;9.920;15.408;20.881;17.052;37.952;34.030;25.843;;25,60%;-11,60%;-100,00%;;;;;;;;-33,60%;-49,00%;55,30%;35,50%;-18,30%;122,60%;-10,30%;-24,10%
;Alojamiento turístico;*;*;*;*;0;0;0;0;0;0;0;0;*;0;0;0;0;0;0;;;;;;;;;;;;;;;;;;;
;Actividades de provisión de alimentos y bebidas;3.242;4.070;3.599;0;*;*;*;*;*;*;29.294;19.448;9.920;15.408;20.881;17.052;37.952;34.030;25.843;;25,60%;-11,60%;-100,00%;;;;;;;;-33,60%;-49,00%;55,30%;35,50%;-18,30%;122,60%;-10,30%;-24,10%
;Transporte de pasajeros por ferrocarril;0;0;0;0;0;0;0;0;0;0;0;0;0;0;0;0;0;0;0;;;;;;;;;;;;;;;;;;;
;Transporte de pasajeros por carretera;0;*;*;*;*;*;*;*;*;*;*;*;*;*;*;*;*;*;*;;;;;;;;;;;;;;;;;;;
;Transporte de pasajeros por agua;0;0;0;0;0;0;0;0;0;0;0;0;0;0;0;0;0;0;0;;;;;;;;;;;;;;;;;;;
;Transporte aéreo de pasajeros;0;0;0;0;0;0;0;0;0;0;0;0;0;0;0;0;0;0;0;;;;;;;;;;;;;;;;;;;
;Alquiler de equipos de transporte;0;0;0;0;0;0;0;0;0;0;0;0;0;0;0;0;0;0;0;;;;;;;;;;;;;;;;;;;
;Actividades de agencias de viajes y de otros servicios de reservas;0;0;0;*;*;*;*;*;0;0;*;*;*;*;*;*;*;*;*;;;;;;;;;;;;;;;;;;;
;Actividades culturales;0;0;0;0;0;0;0;0;0;0;0;*;0;0;0;0;0;0;0;;;;;;;;;;;;;;;;;;;
;Actividades deportivas y recreativas;0;0;*;0;0;0;0;0;0;0;0;0;0;0;0;*;0;0;*;;;;;;;;;;;;;;;;;;;
;Comercio al por menor de bienes característicos del turismo;*;*;*;*;*;*;*;*;*;*;*;*;*;*;*;*;*;*;*;;;;;;;;;;;;;;;;;;;
;Actividades relacionadas con segundos hogares y multipropiedades;0;0;0;0;0;0;0;0;*;*;*;*;*;*;*;*;*;*;*;;;;;;;;;;;;;;;;;;;
15202;General Lagos;*;*;*;*;*;*;*;*;*;*;*;*;*;*;*;*;*;*;*;;;;;;;;;;;;;;;;;;;
;Alojamiento turístico;0;*;*;*;*;*;*;*;0;0;*;*;*;*;*;*;*;*;*;;;;;;;;;;;;;;;;;;;
;Actividades de provisión de alimentos y bebidas;*;*;*;*;*;*;*;*;*;*;*;*;*;*;*;*;*;*;*;;;;;;;;;;;;;;;;;;;
;Transporte de pasajeros por ferrocarril;0;0;0;0;0;0;0;0;0;0;0;0;0;0;0;0;0;0;0;;;;;;;;;;;;;;;;;;;
;Transporte de pasajeros por carretera;0;0;0;0;0;0;0;0;0;0;0;0;0;0;0;0;0;0;0;;;;;;;;;;;;;;;;;;;
;Transporte de pasajeros por agua;0;0;0;0;0;0;0;0;0;0;0;0;0;0;0;0;0;0;0;;;;;;;;;;;;;;;;;;;
;Transporte aéreo de pasajeros;0;0;0;0;0;0;0;0;0;0;0;0;0;0;0;0;0;0;0;;;;;;;;;;;;;;;;;;;
;Alquiler de equipos de transporte;0;0;0;0;0;0;0;0;0;0;0;0;0;0;0;0;0;0;0;;;;;;;;;;;;;;;;;;;
;Actividades de agencias de viajes y de otros servicios de reservas;0;0;0;0;0;0;0;0;0;0;0;0;0;0;0;0;0;0;0;;;;;;;;;;;;;;;;;;;
;Actividades culturales;0;0;0;0;0;0;0;0;0;0;0;0;0;0;0;0;0;0;0;;;;;;;;;;;;;;;;;;;
;Actividades deportivas y recreativas;0;0;0;0;0;0;0;0;0;0;0;0;0;0;0;0;0;0;0;;;;;;;;;;;;;;;;;;;
;Comercio al por menor de bienes característicos del turismo;0;0;0;0;0;0;0;0;0;0;0;0;0;0;0;0;0;0;0;;;;;;;;;;;;;;;;;;;
;Actividades relacionadas con segundos hogares y multipropiedades;0;0;0;0;0;0;0;0;0;0;0;0;0;0;0;0;0;0;0;;;;;;;;;;;;;;;;;;;
Región de Ñuble;;2.270.332;2.616.718;3.608.547;3.812.062;2.370.987;2.448.507;2.732.926;2.898.895;3.567.911;3.539.006;10.358.212;8.404.827;8.318.206;6.056.772;5.172.114;4.041.578;5.948.446;7.522.802;6.705.582;;15,30%;37,90%;5,60%;-37,80%;3,30%;11,60%;6,10%;23,10%;-0,80%;192,70%;-18,90%;-1,00%;-27,20%;-14,60%;-21,90%;47,20%;26,50%;-10,90%
16101;Chillán;1.957.423;2.026.665;2.014.121;2.151.928;1.939.949;1.919.430;2.167.627;2.224.233;2.725.585;2.805.830;8.550.402;6.298.963;6.127.495;4.085.312;3.128.830;2.508.506;3.704.825;4.337.201;4.236.563;;3,50%;-0,60%;6,80%;-9,90%;-1,10%;12,90%;2,60%;22,50%;2,90%;204,70%;-26,30%;-2,70%;-33,30%;-23,40%;-19,80%;47,70%;17,10%;-2,30%
;Alojamiento turístico;697.091;645.139;120.649;477.881;409.057;325.136;431.189;105.460;565.001;361.859;328.497;131.840;98.573;200.718;159.477;111.488;249.070;305.727;270.381;;-7,50%;-81,30%;296,10%;-14,40%;-20,50%;32,60%;-75,50%;435,70%;-36,00%;-9,20%;-59,90%;-25,20%;103,60%;-20,50%;-30,10%;123,40%;22,70%;-11,60%
;Actividades de provisión de alimentos y bebidas;415.697;417.957;503.555;509.836;425.921;448.548;494.246;513.803;581.638;646.761;798.507;1.007.484;1.017.656;1.203.768;1.259.666;705.196;1.227.780;1.593.522;1.646.202;;0,50%;20,50%;1,20%;-16,50%;5,30%;10,20%;4,00%;13,20%;11,20%;23,50%;26,20%;1,00%;18,30%;4,60%;-44,00%;74,10%;29,80%;3,30%
;Transporte de pasajeros por ferrocarril;0;0;0;0;0;0;0;0;0;0;0;0;0;0;0;0;0;0;0;;;;;;;;;;;;;;;;;;;
;Transporte de pasajeros por carretera;32.596;48.026;55.713;75.434;86.693;135.174;150.371;208.317;204.777;297.398;306.349;336.693;331.927;287.728;284.726;219.178;329.425;360.696;349.993;;47,30%;16,00%;35,40%;14,90%;55,90%;11,20%;38,50%;-1,70%;45,20%;3,00%;9,90%;-1,40%;-13,30%;-1,00%;-23,00%;50,30%;9,50%;-3,00%
;Transporte de pasajeros por agua;0;0;*;*;*;0;0;0;0;0;0;0;0;0;0;0;0;0;0;;;;;;;;;;;;;;;;;;;
;Transporte aéreo de pasajeros;0;0;0;0;0;0;0;0;0;0;0;0;0;0;0;0;0;0;0;;;;;;;;;;;;;;;;;;;
;Alquiler de equipos de transporte;63.893;83.944;39.661;58.909;38.490;49.058;54.103;51.634;39.042;35.726;208.797;258.641;316.144;154.192;136.118;118.262;175.927;152.635;205.614;;31,40%;-52,80%;48,50%;-34,70%;27,50%;10,30%;-4,60%;-24,40%;-8,50%;484,40%;23,90%;22,20%;-51,20%;-11,70%;-13,10%;48,80%;-13,20%;34,70%
;Actividades de agencias de viajes y de otros servicios de reservas;*;*;*;*;*;*;*;*;32.455;34.141;7.244;6.689;10.041;79.653;4.131;0;0;10.772;3.985;;;;;;;;;;5,20%;-78,80%;-7,70%;50,10%;693,30%;-94,80%;-100,00%;;;-63,00%
;Actividades culturales;*;*;*;*;*;*;*;*;*;*;4.357;5.574;22.677;46.878;53.186;23.459;19.361;51.596;90.953;;;;;;;;;;;;28,00%;306,80%;106,70%;13,50%;-55,90%;-17,50%;166,50%;76,30%
;Actividades deportivas y recreativas;13.923;1.327;6.176;2.639;10.926;17.893;10.187;0;0;2.065;73.066;296.502;310.187;286.413;94.131;41.041;45.879;103.092;61.034;;-90,50%;365,40%;-57,30%;314,10%;63,80%;-43,10%;-100,00%;;;3439,10%;305,80%;4,60%;-7,70%;-67,10%;-56,40%;11,80%;124,70%;-40,80%
;Comercio al por menor de bienes característicos del turismo;15.600;17.268;14.559;15.170;16.684;52.833;29.043;22.362;21.976;24.403;38.455;35.426;36.584;33.043;33.202;15.823;22.904;24.437;19.000;;10,70%;-15,70%;4,20%;10,00%;216,70%;-45,00%;-23,00%;-1,70%;11,00%;57,60%;-7,90%;3,30%;-9,70%;0,50%;-52,30%;44,70%;6,70%;-22,20%
;Actividades relacionadas con segundos hogares y multipropiedades;718.623;813.003;1.273.808;1.012.059;952.177;890.788;998.489;1.322.657;1.280.696;1.403.478;6.785.131;4.220.113;3.983.706;1.792.919;1.104.194;1.274.059;1.634.477;1.734.725;1.589.400;;13,10%;56,70%;-20,50%;-5,90%;-6,40%;12,10%;32,50%;-3,20%;9,60%;383,50%;-37,80%;-5,60%;-55,00%;-38,40%;15,40%;28,30%;6,10%;-8,40%
16102;Bulnes;34.520;9.709;8.928;9.424;11.802;36.852;41.560;125.020;214.538;54.915;143.984;280.808;174.757;114.274;362.936;284.842;182.859;442.204;85.775;;-71,90%;-8,00%;5,60%;25,20%;212,30%;12,80%;200,80%;71,60%;-74,40%;162,20%;95,00%;-37,80%;-34,60%;217,60%;-21,50%;-35,80%;141,80%;-80,60%
;Alojamiento turístico;*;*;*;*;*;*;*;*;*;*;0;0;0;*;*;0;*;0;*;;;;;;;;;;;;;;;;;;;
;Actividades de provisión de alimentos y bebidas;6.164;5.717;6.489;7.524;10.032;6.993;8.541;7.969;9.653;9.205;24.052;31.169;34.959;36.148;46.557;33.729;66.149;52.335;44.769;;-7,30%;13,50%;15,90%;33,30%;-30,30%;22,10%;-6,70%;21,10%;-4,60%;161,30%;29,60%;12,20%;3,40%;28,80%;-27,60%;96,10%;-20,90%;-14,50%
;Transporte de pasajeros por ferrocarril;0;0;0;0;0;0;0;0;0;0;0;0;0;0;0;0;0;0;0;;;;;;;;;;;;;;;;;;;
;Transporte de pasajeros por carretera;3.504;3.992;2.438;1.900;1.770;2.606;1.699;1.336;1.109;1.242;19.243;18.345;21.896;25.479;24.897;5.264;9.916;9.431;11.774;;13,90%;-38,90%;-22,10%;-6,80%;47,20%;-34,80%;-21,40%;-17,00%;11,90%;1449,90%;-4,70%;19,40%;16,40%;-2,30%;-78,90%;88,40%;-4,90%;24,80%
;Transporte de pasajeros por agua;0;0;0;0;0;0;0;0;0;0;0;0;0;0;0;0;0;0;0;;;;;;;;;;;;;;;;;;;
;Transporte aéreo de pasajeros;0;0;0;0;0;0;0;0;0;0;0;0;0;0;0;0;0;0;0;;;;;;;;;;;;;;;;;;;
;Alquiler de equipos de transporte;*;*;*;*;*;*;*;*;*;*;*;*;*;*;*;0;*;*;*;;;;;;;;;;;;;;;;;;;
;Actividades de agencias de viajes y de otros servicios de reservas;0;0;0;0;0;0;0;0;0;0;0;*;*;*;*;*;*;*;*;;;;;;;;;;;;;;;;;;;
;Actividades culturales;0;*;*;0;0;0;0;0;0;0;*;*;*;*;*;*;*;*;*;;;;;;;;;;;;;;;;;;;
;Actividades deportivas y recreativas;*;*;*;*;*;*;*;*;*;*;0;0;0;*;0;0;0;0;0;;;;;;;;;;;;;;;;;;;
;Comercio al por menor de bienes característicos del turismo;*;*;*;*;*;*;*;*;*;*;*;*;*;*;*;*;*;*;*;;;;;;;;;;;;;;;;;;;
;Actividades relacionadas con segundos hogares y multipropiedades;24.852;*;*;0;*;27.254;31.320;115.715;203.776;44.468;100.689;231.294;117.902;52.647;291.482;245.849;106.793;380.438;29.232;;;;;;;14,90%;269,50%;76,10%;-78,20%;126,40%;129,70%;-49,00%;-55,30%;453,60%;-15,70%;-56,60%;256,20%;-92,30%
16103;Chillán Viejo;7.663;10.622;8.365;9.180;10.728;14.302;11.853;8.792;9.983;18.755;63.593;243.061;361.920;261.422;156.699;183.995;270.567;227.053;214.967;;38,60%;-21,20%;9,70%;16,90%;33,30%;-17,10%;-25,80%;13,50%;87,90%;239,10%;282,20%;48,90%;-27,80%;-40,10%;17,40%;47,10%;-16,10%;-5,30%
;Alojamiento turístico;*;*;*;*;*;*;*;*;*;*;*;*;*;*;*;*;*;*;0;;;;;;;;;;;;;;;;;;;
;Actividades de provisión de alimentos y bebidas;4.746;5.142;2.510;2.472;5.808;8.547;7.285;5.155;5.800;6.612;16.278;25.817;30.504;37.511;33.511;29.373;45.002;67.193;84.197;;8,30%;-51,20%;-1,50%;134,90%;47,10%;-14,80%;-29,20%;12,50%;14,00%;146,20%;58,60%;18,20%;23,00%;-10,70%;-12,30%;53,20%;49,30%;25,30%
;Transporte de pasajeros por ferrocarril;*;0;0;0;0;0;0;0;0;0;0;0;0;0;0;0;0;0;0;;;;;;;;;;;;;;;;;;;
;Transporte de pasajeros por carretera;2.916;5.481;5.855;6.708;4.920;5.755;4.568;3.638;4.183;12.143;0;0;110.222;113.827;97.801;49.494;85.044;94.727;85.158;;87,90%;6,80%;14,60%;-26,70%;17,00%;-20,60%;-20,40%;15,00%;190,30%;-100,00%;;;3,30%;-14,10%;-49,40%;71,80%;11,40%;-10,10%
;Transporte de pasajeros por agua;0;0;0;0;0;0;0;0;0;0;0;0;0;0;0;0;0;0;0;;;;;;;;;;;;;;;;;;;
;Transporte aéreo de pasajeros;0;0;0;0;0;0;0;0;0;0;0;0;0;0;0;0;0;0;0;;;;;;;;;;;;;;;;;;;
;Alquiler de equipos de transporte;*;*;*;*;*;*;*;*;*;*;3.714;64.677;177.316;20.725;5.202;14.993;16.164;10.132;7.438;;;;;;;;;;;;1641,20%;174,20%;-88,30%;-74,90%;188,20%;7,80%;-37,30%;-26,60%
;Actividades de agencias de viajes y de otros servicios de reservas;0;0;0;0;0;0;0;0;0;0;0;0;*;0;*;*;0;0;0;;;;;;;;;;;;;;;;;;;
;Actividades culturales;*;0;0;0;0;0;*;*;*;0;0;0;*;*;*;*;*;*;*;;;;;;;;;;;;;;;;;;;
;Actividades deportivas y recreativas;*;*;*;*;*;*;*;*;*;*;0;0;0;57.416;0;0;0;*;0;;;;;;;;;;;;;;;-100,00%;;;;
;Comercio al por menor de bienes característicos del turismo;*;*;*;*;*;*;*;*;0;*;0;*;*;*;*;*;*;*;*;;;;;;;;;;;;;;;;;;;
;Actividades relacionadas con segundos hogares y multipropiedades;*;*;*;*;*;*;*;*;*;0;43.601;152.566;43.878;31.942;20.185;90.134;124.357;55.002;38.173;;;;;;;;;;;;249,90%;-71,20%;-27,20%;-36,80%;346,50%;38,00%;-55,80%;-30,60%
16104;El Carmen;4.251;3.843;5.836;4.144;5.010;5.165;5.014;5.020;5.437;5.854;13.374;11.893;22.047;40.185;43.566;24.702;40.993;44.487;47.706;;-9,60%;51,90%;-29,00%;20,90%;3,10%;-2,90%;0,10%;8,30%;7,70%;128,50%;-11,10%;85,40%;82,30%;8,40%;-43,30%;66,00%;8,50%;7,20%
;Alojamiento turístico;0;0;*;*;*;*;*;*;*;*;*;*;*;*;*;*;*;*;*;;;;;;;;;;;;;;;;;;;
;Actividades de provisión de alimentos y bebidas;4.251;3.843;5.836;4.144;5.010;5.165;5.014;5.020;5.437;5.854;10.023;11.893;12.589;16.373;16.222;10.231;18.944;20.934;26.035;;-9,60%;51,90%;-29,00%;20,90%;3,10%;-2,90%;0,10%;8,30%;7,70%;71,20%;18,70%;5,90%;30,10%;-0,90%;-36,90%;85,20%;10,50%;24,40%
;Transporte de pasajeros por ferrocarril;0;0;0;0;0;0;0;0;0;0;0;0;0;0;0;0;0;0;0;;;;;;;;;;;;;;;;;;;
;Transporte de pasajeros por carretera;*;*;*;*;*;*;*;0;0;*;3.352;0;9.458;23.813;27.344;14.471;22.049;23.553;21.671;;;;;;;;;;;;-100,00%;;151,80%;14,80%;-47,10%;52,40%;6,80%;-8,00%
;Transporte de pasajeros por agua;0;0;0;0;0;0;0;0;0;0;0;0;0;0;0;0;0;0;0;;;;;;;;;;;;;;;;;;;
;Transporte aéreo de pasajeros;0;0;0;0;0;0;0;0;0;0;0;0;0;0;0;0;0;0;0;;;;;;;;;;;;;;;;;;;
;Alquiler de equipos de transporte;*;*;*;*;*;*;*;*;*;*;*;*;*;*;*;*;*;*;*;;;;;;;;;;;;;;;;;;;
;Actividades de agencias de viajes y de otros servicios de reservas;0;0;0;0;0;0;0;0;0;0;0;0;0;0;0;0;0;0;0;;;;;;;;;;;;;;;;;;;
;Actividades culturales;0;0;0;0;0;0;0;0;0;0;0;0;0;0;*;0;*;*;*;;;;;;;;;;;;;;;;;;;
;Actividades deportivas y recreativas;0;0;0;0;*;*;*;0;0;*;*;*;*;*;*;*;*;*;*;;;;;;;;;;;;;;;;;;;
;Comercio al por menor de bienes característicos del turismo;0;*;*;*;*;*;*;*;*;*;*;*;*;*;*;*;*;*;*;;;;;;;;;;;;;;;;;;;
;Actividades relacionadas con segundos hogares y multipropiedades;*;*;*;*;*;*;*;0;*;*;*;*;*;*;*;*;*;*;*;;;;;;;;;;;;;;;;;;;
16105;Pemuco;1.491;1.660;1.671;0;0;0;1.708;0;1.879;2.262;2.438;7.195;5.953;6.505;9.104;7.344;10.156;9.017;16.481;;11,30%;0,70%;-100,00%;;;;-100,00%;;20,40%;7,80%;195,10%;-17,30%;9,30%;39,90%;-19,30%;38,30%;-11,20%;82,80%
;Alojamiento turístico;0;0;0;0;0;*;*;*;*;*;*;*;*;*;*;*;*;*;*;;;;;;;;;;;;;;;;;;;
;Actividades de provisión de alimentos y bebidas;1.491;1.660;1.671;*;0;*;1.708;*;1.879;2.262;2.438;7.195;5.953;6.505;9.104;7.344;10.156;9.017;10.559;;11,30%;0,70%;;;;;;;20,40%;7,80%;195,10%;-17,30%;9,30%;39,90%;-19,30%;38,30%;-11,20%;17,10%
;Transporte de pasajeros por ferrocarril;0;0;0;0;0;0;0;0;0;0;0;0;0;0;0;0;0;0;0;;;;;;;;;;;;;;;;;;;
;Transporte de pasajeros por carretera;*;*;*;*;*;*;*;*;*;*;*;*;*;0;0;0;0;0;5.923;;;;;;;;;;;;;;;;;;;
;Transporte de pasajeros por agua;0;0;0;0;0;0;0;0;0;0;0;0;0;0;0;0;0;0;0;;;;;;;;;;;;;;;;;;;
;Transporte aéreo de pasajeros;0;0;0;0;0;0;0;0;0;0;0;0;0;0;0;0;0;0;0;;;;;;;;;;;;;;;;;;;
;Alquiler de equipos de transporte;0;0;0;0;0;0;0;0;*;*;*;*;*;*;*;*;*;*;*;;;;;;;;;;;;;;;;;;;
;Actividades de agencias de viajes y de otros servicios de reservas;0;0;0;0;0;0;0;0;0;0;0;0;0;0;0;*;*;*;*;;;;;;;;;;;;;;;;;;;
;Actividades culturales;0;0;0;0;0;0;0;0;0;0;0;0;0;0;0;0;0;0;0;;;;;;;;;;;;;;;;;;;
;Actividades deportivas y recreativas;*;0;*;*;*;*;*;0;0;0;*;*;*;*;*;*;0;*;*;;;;;;;;;;;;;;;;;;;
;Comercio al por menor de bienes característicos del turismo;0;*;*;*;*;*;*;*;*;*;*;*;*;*;*;*;*;*;0;;;;;;;;;;;;;;;;;;;
;Actividades relacionadas con segundos hogares y multipropiedades;*;0;0;0;0;*;*;*;*;*;*;*;*;0;0;*;*;*;*;;;;;;;;;;;;;;;;;;;
16106;Pinto;14.037;14.497;20.761;140.296;164.666;225.924;242.232;279.586;291.649;290.369;450.117;386.142;331.954;445.775;514.209;179.712;488.176;873.779;660.559;;3,30%;43,20%;575,80%;17,40%;37,20%;7,20%;15,40%;4,30%;-0,40%;55,00%;-14,20%;-14,00%;34,30%;15,40%;-65,10%;171,60%;79,00%;-24,40%
;Alojamiento turístico;0;0;0;119.604;140.327;201.114;212.677;275.436;283.947;275.119;366.092;111.924;98.146;398.759;443.710;101.275;293.049;488.960;496.694;;;;;17,30%;43,30%;5,70%;29,50%;3,10%;-3,10%;33,10%;-69,40%;-12,30%;306,30%;11,30%;-77,20%;189,40%;66,90%;1,60%
;Actividades de provisión de alimentos y bebidas;14.037;14.497;20.761;20.692;24.339;24.810;29.555;4.150;7.702;15.250;35.431;226.808;205.977;16.290;30.214;24.389;68.554;60.283;60.198;;3,30%;43,20%;-0,30%;17,60%;1,90%;19,10%;-86,00%;85,60%;98,00%;132,30%;540,10%;-9,20%;-92,10%;85,50%;-19,30%;181,10%;-12,10%;-0,10%
;Transporte de pasajeros por ferrocarril;0;0;0;0;0;0;0;0;0;0;0;0;0;0;0;0;0;0;0;;;;;;;;;;;;;;;;;;;
;Transporte de pasajeros por carretera;*;*;*;*;*;*;0;0;0;0;0;0;0;0;8.456;2.806;8.964;12.815;9.410;;;;;;;;;;;;;;;;-66,80%;219,50%;43,00%;-26,60%
;Transporte de pasajeros por agua;0;0;0;0;0;0;0;0;0;0;0;0;0;0;0;0;0;0;0;;;;;;;;;;;;;;;;;;;
;Transporte aéreo de pasajeros;0;0;0;0;0;0;0;0;0;0;0;0;0;0;0;0;0;0;0;;;;;;;;;;;;;;;;;;;
;Alquiler de equipos de transporte;0;0;0;0;0;0;0;0;0;0;*;*;*;*;*;*;*;*;*;;;;;;;;;;;;;;;;;;;
;Actividades de agencias de viajes y de otros servicios de reservas;0;*;*;*;*;*;*;*;*;*;*;*;*;*;*;*;*;*;*;;;;;;;;;;;;;;;;;;;
;Actividades culturales;0;0;0;0;0;0;0;0;0;0;0;*;*;*;0;*;*;*;*;;;;;;;;;;;;;;;;;;;
;Actividades deportivas y recreativas;*;*;*;*;*;*;*;*;*;*;*;0;0;0;0;0;0;0;0;;;;;;;;;;;;;;;;;;;
;Comercio al por menor de bienes característicos del turismo;*;0;0;0;*;*;*;*;*;*;3.398;4.510;6.000;2.113;1.474;575;272;885;3.113;;;;;;;;;;;;32,70%;33,00%;-64,80%;-30,20%;-61,00%;-52,70%;225,00%;251,80%
;Actividades relacionadas con segundos hogares y multipropiedades;*;*;*;*;*;*;*;0;*;0;45.196;42.901;21.831;28.613;30.354;50.667;117.337;310.837;91.145;;;;;;;;;;;;-5,10%;-49,10%;31,10%;6,10%;66,90%;131,60%;164,90%;-70,70%
16107;Quillón;16.232;347.844;1.322.650;1.197.488;13.431;16.802;28.128;35.699;49.609;59.130;124.508;115.453;107.696;86.800;116.656;83.663;168.105;319.513;202.337;;2042,90%;280,20%;-9,50%;-98,90%;25,10%;67,40%;26,90%;39,00%;19,20%;110,60%;-7,30%;-6,70%;-19,40%;34,40%;-28,30%;100,90%;90,10%;-36,70%
;Alojamiento turístico;0;0;0;0;0;0;8.610;12.491;15.018;12.016;36.430;22.304;10.281;17.007;14.310;10.248;23.611;34.160;27.677;;;;;;;;45,10%;20,20%;-20,00%;203,20%;-38,80%;-53,90%;65,40%;-15,90%;-28,40%;130,40%;44,70%;-19,00%
;Actividades de provisión de alimentos y bebidas;16.232;13.069;11.781;18.974;12.137;14.465;16.232;23.209;34.592;40.986;45.600;44.130;61.844;32.905;61.377;31.410;73.566;103.190;107.276;;-19,50%;-9,90%;61,10%;-36,00%;19,20%;12,20%;43,00%;49,00%;18,50%;11,30%;-3,20%;40,10%;-46,80%;86,50%;-48,80%;134,20%;40,30%;4,00%
;Transporte de pasajeros por ferrocarril;0;*;0;0;0;0;0;0;0;0;0;0;0;0;0;0;0;0;0;;;;;;;;;;;;;;;;;;;
;Transporte de pasajeros por carretera;0;163;85;398;1.293;2.337;3.287;0;0;6.128;7.991;10.321;3.618;8.429;12.229;9.336;7.393;10.442;8.844;;;-47,70%;367,20%;225,10%;80,70%;40,70%;-100,00%;;;30,40%;29,20%;-64,90%;132,90%;45,10%;-23,70%;-20,80%;41,20%;-15,30%
;Transporte de pasajeros por agua;0;0;0;0;0;0;0;0;0;0;0;*;*;*;*;*;*;0;0;;;;;;;;;;;;;;;;;;;
;Transporte aéreo de pasajeros;0;0;0;0;0;0;0;0;0;0;0;0;0;0;0;0;0;0;0;;;;;;;;;;;;;;;;;;;
;Alquiler de equipos de transporte;0;*;*;0;*;*;*;*;*;*;*;*;*;*;*;*;*;*;*;;;;;;;;;;;;;;;;;;;
;Actividades de agencias de viajes y de otros servicios de reservas;0;0;0;0;0;0;0;0;*;*;0;0;0;*;*;*;*;*;*;;;;;;;;;;;;;;;;;;;
;Actividades culturales;0;0;0;0;0;0;0;*;*;*;0;*;*;*;*;*;*;*;*;;;;;;;;;;;;;;;;;;;
;Actividades deportivas y recreativas;*;*;*;*;*;*;*;*;*;*;*;0;0;*;0;*;*;*;*;;;;;;;;;;;;;;;;;;;
;Comercio al por menor de bienes característicos del turismo;*;*;*;*;*;0;0;*;*;*;*;*;*;*;*;*;*;*;*;;;;;;;;;;;;;;;;;;;
;Actividades relacionadas con segundos hogares y multipropiedades;*;334.612;1.310.784;1.178.116;0;0;0;0;0;0;34.487;38.699;31.952;28.460;28.741;32.668;63.535;171.721;58.541;;;291,70%;-10,10%;-100,00%;;;;;;;12,20%;-17,40%;-10,90%;1,00%;13,70%;94,50%;170,30%;-65,90%
16108;San Ignacio;3.230;3.852;3.793;3.246;3.455;3.952;3.533;3.417;4.000;4.127;7.470;9.524;11.461;24.355;23.302;21.428;29.290;30.835;40.832;;19,30%;-1,50%;-14,40%;6,40%;14,40%;-10,60%;-3,30%;17,00%;3,20%;81,00%;27,50%;20,30%;112,50%;-4,30%;-8,00%;36,70%;5,30%;32,40%
;Alojamiento turístico;0;0;*;0;0;0;0;*;*;*;*;*;*;*;*;*;0;0;0;;;;;;;;;;;;;;;;;;;
;Actividades de provisión de alimentos y bebidas;3.230;3.852;3.793;3.246;3.455;3.952;3.533;3.417;4.000;4.127;7.470;9.524;6.232;6.687;5.985;7.919;16.141;5.634;11.981;;19,30%;-1,50%;-14,40%;6,40%;14,40%;-10,60%;-3,30%;17,00%;3,20%;81,00%;27,50%;-34,60%;7,30%;-10,50%;32,30%;103,80%;-65,10%;112,60%
;Transporte de pasajeros por ferrocarril;0;0;0;0;0;0;0;0;0;0;0;0;0;0;0;0;0;0;0;;;;;;;;;;;;;;;;;;;
;Transporte de pasajeros por carretera;*;*;*;*;*;*;*;*;*;*;*;0;5.229;17.668;17.318;13.509;13.148;25.201;28.851;;;;;;;;;;;;;;237,90%;-2,00%;-22,00%;-2,70%;91,70%;14,50%
;Transporte de pasajeros por agua;0;0;0;0;0;0;0;0;0;0;0;0;0;0;0;0;0;0;0;;;;;;;;;;;;;;;;;;;
;Transporte aéreo de pasajeros;0;0;0;0;0;0;0;0;0;0;0;0;0;0;0;0;0;0;0;;;;;;;;;;;;;;;;;;;
;Alquiler de equipos de transporte;*;*;*;*;*;*;*;*;*;*;*;*;*;*;*;*;*;*;*;;;;;;;;;;;;;;;;;;;
;Actividades de agencias de viajes y de otros servicios de reservas;0;0;0;0;0;0;0;0;0;0;0;0;0;0;0;0;0;0;0;;;;;;;;;;;;;;;;;;;
;Actividades culturales;0;0;0;0;0;0;0;0;0;0;0;0;0;0;0;0;0;0;0;;;;;;;;;;;;;;;;;;;
;Actividades deportivas y recreativas;*;*;*;*;*;*;*;*;*;*;*;*;*;*;*;*;*;*;*;;;;;;;;;;;;;;;;;;;
;Comercio al por menor de bienes característicos del turismo;0;0;0;0;0;0;0;0;0;0;*;*;*;*;*;*;*;*;*;;;;;;;;;;;;;;;;;;;
;Actividades relacionadas con segundos hogares y multipropiedades;*;*;*;*;*;*;*;*;*;*;*;*;*;*;*;*;*;*;*;;;;;;;;;;;;;;;;;;;
16109;Yungay;30.783;12.779;17.897;70.531;61.657;66.778;38.503;36.250;46.957;52.084;56.781;57.438;100.827;78.940;80.111;75.746;71.426;93.289;73.215;;-58,50%;40,10%;294,10%;-12,60%;8,30%;-42,30%;-5,90%;29,50%;10,90%;9,00%;1,20%;75,50%;-21,70%;1,50%;-5,40%;-5,70%;30,60%;-21,50%
;Alojamiento turístico;6.794;0;10.168;14.482;10.879;12.324;19.055;20.476;22.443;22.624;21.853;7.065;6.285;8.326;11.981;7.750;0;18.471;9.225;;-100,00%;;42,40%;-24,90%;13,30%;54,60%;7,50%;9,60%;0,80%;-3,40%;-67,70%;-11,00%;32,50%;43,90%;-35,30%;-100,00%;;-50,10%
;Actividades de provisión de alimentos y bebidas;20.660;9.069;7.050;8.251;11.036;14.065;13.333;11.649;20.527;22.637;28.031;31.953;32.698;45.536;39.607;26.821;45.599;50.911;41.660;;-56,10%;-22,30%;17,00%;33,80%;27,40%;-5,20%;-12,60%;76,20%;10,30%;23,80%;14,00%;2,30%;39,30%;-13,00%;-32,30%;70,00%;11,60%;-18,20%
;Transporte de pasajeros por ferrocarril;0;0;0;0;0;0;0;0;0;0;0;0;0;0;0;0;0;0;0;;;;;;;;;;;;;;;;;;;
;Transporte de pasajeros por carretera;3.329;3.710;679;47.798;39.742;40.388;6.116;4.124;3.987;6.823;6.897;7.936;7.905;7.841;12.583;10.215;8.644;11.177;10.125;;11,40%;-81,70%;6942,20%;-16,90%;1,60%;-84,90%;-32,60%;-3,30%;71,10%;1,10%;15,10%;-0,40%;-0,80%;60,50%;-18,80%;-15,40%;29,30%;-9,40%
;Transporte de pasajeros por agua;0;0;0;0;0;0;0;0;0;0;0;0;0;0;0;0;0;0;0;;;;;;;;;;;;;;;;;;;
;Transporte aéreo de pasajeros;0;0;0;0;0;0;0;0;0;0;0;0;0;0;0;0;0;0;0;;;;;;;;;;;;;;;;;;;
;Alquiler de equipos de transporte;*;*;*;*;*;*;*;*;*;*;*;*;*;*;*;*;*;*;*;;;;;;;;;;;;;;;;;;;
;Actividades de agencias de viajes y de otros servicios de reservas;*;0;0;0;0;0;0;0;0;0;0;0;0;0;0;0;*;*;0;;;;;;;;;;;;;;;;;;;
;Actividades culturales;0;0;0;0;0;0;*;*;*;*;*;0;0;0;0;0;0;0;0;;;;;;;;;;;;;;;;;;;
;Actividades deportivas y recreativas;*;*;*;*;*;*;*;0;0;*;*;*;*;0;0;0;0;0;0;;;;;;;;;;;;;;;;;;;
;Comercio al por menor de bienes característicos del turismo;*;*;*;*;*;0;0;0;*;*;*;*;*;*;*;*;*;*;*;;;;;;;;;;;;;;;;;;;
;Actividades relacionadas con segundos hogares y multipropiedades;*;*;*;*;*;*;*;0;0;*;0;10.484;53.939;17.238;15.941;30.960;17.184;12.730;12.205;;;;;;;;;;;;;414,50%;-68,00%;-7,50%;94,20%;-44,50%;-25,90%;-4,10%
16201;Quirihue;11.430;10.165;10.160;13.187;12.059;15.146;14.993;9.545;11.842;12.816;8.705;11.392;12.932;24.124;15.593;20.461;17.842;28.291;26.659;;-11,10%;-0,10%;29,80%;-8,60%;25,60%;-1,00%;-36,30%;24,10%;8,20%;-32,10%;30,90%;13,50%;86,50%;-35,40%;31,20%;-12,80%;58,60%;-5,80%
;Alojamiento turístico;*;*;*;*;*;*;*;*;*;*;*;*;*;*;*;*;*;*;*;;;;;;;;;;;;;;;;;;;
;Actividades de provisión de alimentos y bebidas;11.365;9.954;10.160;12.647;12.059;11.090;12.929;5.002;5.250;5.301;8.688;11.392;12.711;23.658;15.052;13.318;17.842;28.291;26.659;;-12,40%;2,10%;24,50%;-4,70%;-8,00%;16,60%;-61,30%;5,00%;1,00%;63,90%;31,10%;11,60%;86,10%;-36,40%;-11,50%;34,00%;58,60%;-5,80%
;Transporte de pasajeros por ferrocarril;0;0;0;0;0;0;0;0;0;0;0;0;0;0;0;0;0;0;0;;;;;;;;;;;;;;;;;;;
;Transporte de pasajeros por carretera;66;211;0;540;0;4.056;2.063;4.543;6.592;7.515;16;0;222;466;540;7.143;0;0;0;;221,70%;-100,00%;;-100,00%;;-49,10%;120,20%;45,10%;14,00%;-99,80%;-100,00%;;110,20%;15,80%;1222,40%;-100,00%;;
;Transporte de pasajeros por agua;0;0;0;0;0;0;0;0;0;0;0;0;0;0;0;0;0;0;0;;;;;;;;;;;;;;;;;;;
;Transporte aéreo de pasajeros;0;0;0;0;0;0;0;0;0;0;0;0;0;0;0;0;0;0;0;;;;;;;;;;;;;;;;;;;
;Alquiler de equipos de transporte;*;*;*;*;*;*;*;*;*;*;*;*;*;*;*;*;*;*;*;;;;;;;;;;;;;;;;;;;
;Actividades de agencias de viajes y de otros servicios de reservas;0;0;0;0;0;0;0;0;0;0;0;0;0;0;0;0;0;0;*;;;;;;;;;;;;;;;;;;;
;Actividades culturales;0;0;0;0;0;0;0;0;0;0;*;*;*;*;*;*;*;*;*;;;;;;;;;;;;;;;;;;;
;Actividades deportivas y recreativas;*;*;*;*;*;*;*;*;*;*;*;*;*;*;*;*;*;*;*;;;;;;;;;;;;;;;;;;;
;Comercio al por menor de bienes característicos del turismo;*;*;*;*;*;*;*;*;*;*;*;*;*;*;*;*;*;*;*;;;;;;;;;;;;;;;;;;;
;Actividades relacionadas con segundos hogares y multipropiedades;*;*;*;*;*;*;*;*;*;*;*;*;*;*;*;*;0;*;*;;;;;;;;;;;;;;;;;;;
16202;Cobquecura;2.908;3.350;2.262;5.975;6.457;4.584;4.471;4.886;5.063;5.635;8.804;18.892;18.677;21.892;26.413;20.167;60.564;47.565;56.133;;15,20%;-32,50%;164,20%;8,10%;-29,00%;-2,50%;9,30%;3,60%;11,30%;56,20%;114,60%;-1,10%;17,20%;20,70%;-23,70%;200,30%;-21,50%;18,00%
;Alojamiento turístico;*;*;0;0;0;0;0;0;0;0;0;7.003;8.128;8.281;8.399;1.402;11.765;1.916;10.284;;;;;;;;;;;;;16,10%;1,90%;1,40%;-83,30%;739,20%;-83,70%;436,70%
;Actividades de provisión de alimentos y bebidas;2.908;3.350;2.262;5.975;6.457;4.584;4.471;4.886;5.063;5.635;8.804;11.889;10.549;13.611;18.015;16.789;46.776;45.649;45.848;;15,20%;-32,50%;164,20%;8,10%;-29,00%;-2,50%;9,30%;3,60%;11,30%;56,20%;35,00%;-11,30%;29,00%;32,40%;-6,80%;178,60%;-2,40%;0,40%
;Transporte de pasajeros por ferrocarril;0;0;0;0;0;0;0;0;0;0;0;0;0;0;0;0;0;0;0;;;;;;;;;;;;;;;;;;;
;Transporte de pasajeros por carretera;*;*;*;*;*;*;*;*;*;*;*;*;*;*;*;*;*;*;*;;;;;;;;;;;;;;;;;;;
;Transporte de pasajeros por agua;0;0;0;0;0;0;0;0;0;0;0;0;0;0;0;0;0;0;0;;;;;;;;;;;;;;;;;;;
;Transporte aéreo de pasajeros;0;0;0;0;0;0;0;0;0;0;0;0;0;0;0;0;0;0;0;;;;;;;;;;;;;;;;;;;
;Alquiler de equipos de transporte;0;0;0;0;0;0;0;0;0;0;0;*;*;*;0;*;0;0;*;;;;;;;;;;;;;;;;;;;
;Actividades de agencias de viajes y de otros servicios de reservas;*;*;*;*;*;*;*;*;*;*;*;*;*;*;*;*;*;*;*;;;;;;;;;;;;;;;;;;;
;Actividades culturales;*;0;0;0;0;0;0;0;0;0;0;0;0;0;0;0;0;0;*;;;;;;;;;;;;;;;;;;;
;Actividades deportivas y recreativas;*;0;*;0;0;0;0;0;0;0;*;*;*;*;*;*;*;*;*;;;;;;;;;;;;;;;;;;;
;Comercio al por menor de bienes característicos del turismo;*;*;0;0;*;*;0;*;*;*;*;*;*;*;*;*;*;*;*;;;;;;;;;;;;;;;;;;;
;Actividades relacionadas con segundos hogares y multipropiedades;*;*;*;*;*;*;*;*;*;*;*;*;*;0;0;1.975;2.022;0;0;;;;;;;;;;;;;;;;;2,40%;-100,00%;
16203;Coelemu;10.650;13.685;18.028;15.363;13.689;20.523;15.973;25.954;35.062;39.728;139.178;117.104;156.943;40.846;50.872;26.288;43.969;58.460;154.603;;28,50%;31,70%;-14,80%;-10,90%;49,90%;-22,20%;62,50%;35,10%;13,30%;250,30%;-15,90%;34,00%;-74,00%;24,50%;-48,30%;67,30%;33,00%;164,50%
;Alojamiento turístico;*;*;*;*;*;*;0;10.129;16.436;20.688;11.313;0;7.945;0;0;0;0;0;0;;;;;;;;;62,30%;25,90%;-45,30%;-100,00%;;-100,00%;;;;;
;Actividades de provisión de alimentos y bebidas;9.388;11.492;12.572;10.363;13.689;20.523;15.973;8.587;8.286;7.538;113.413;110.991;143.143;36.179;45.213;20.935;37.047;44.624;131.313;;22,40%;9,40%;-17,60%;32,10%;49,90%;-22,20%;-46,20%;-3,50%;-9,00%;1404,60%;-2,10%;29,00%;-74,70%;25,00%;-53,70%;77,00%;20,50%;194,30%
;Transporte de pasajeros por ferrocarril;0;0;0;0;0;0;0;0;0;0;0;0;0;0;0;0;0;0;0;;;;;;;;;;;;;;;;;;;
;Transporte de pasajeros por carretera;1.262;2.193;5.456;5.000;0;0;0;7.238;10.340;11.502;14.451;6.113;5.854;4.667;5.659;5.353;6.922;6.200;17.762;;73,80%;148,80%;-8,40%;-100,00%;;;;42,80%;11,20%;25,60%;-57,70%;-4,20%;-20,30%;21,30%;-5,40%;29,30%;-10,40%;186,50%
;Transporte de pasajeros por agua;0;0;0;0;0;0;0;0;0;0;0;0;0;0;0;0;0;0;0;;;;;;;;;;;;;;;;;;;
;Transporte aéreo de pasajeros;0;0;0;0;0;0;0;0;0;0;0;0;0;0;0;0;0;0;0;;;;;;;;;;;;;;;;;;;
;Alquiler de equipos de transporte;*;*;*;*;*;*;*;*;*;*;*;*;*;*;*;*;*;7.636;5.528;;;;;;;;;;;;;;;;;;;-27,60%
;Actividades de agencias de viajes y de otros servicios de reservas;0;0;0;0;0;0;0;0;0;0;0;0;0;0;0;*;*;0;*;;;;;;;;;;;;;;;;;;;
;Actividades culturales;*;0;0;0;0;0;0;0;0;0;*;*;*;*;*;*;*;*;*;;;;;;;;;;;;;;;;;;;
;Actividades deportivas y recreativas;*;*;*;*;*;*;*;*;*;*;0;0;0;0;0;0;*;*;*;;;;;;;;;;;;;;;;;;;
;Comercio al por menor de bienes característicos del turismo;*;*;0;0;0;0;0;0;0;0;*;0;*;*;*;*;*;*;*;;;;;;;;;;;;;;;;;;;
;Actividades relacionadas con segundos hogares y multipropiedades;*;*;*;*;*;*;*;*;*;*;*;*;*;*;0;0;0;0;0;;;;;;;;;;;;;;;;;;;
16204;Ninhue;0;0;0;0;0;0;0;0;0;0;3.856;5.742;5.995;11.373;9.937;6.281;6.976;9.029;8.989;;;;;;;;;;;;48,90%;4,40%;89,70%;-12,60%;-36,80%;11,10%;29,40%;-0,40%
;Alojamiento turístico;0;0;0;0;0;0;0;0;0;*;*;*;*;*;*;*;*;*;*;;;;;;;;;;;;;;;;;;;
;Actividades de provisión de alimentos y bebidas;*;*;*;*;*;*;*;*;*;*;*;*;0;2.730;3.454;2.261;2.499;4.023;4.592;;;;;;;;;;;;;;;26,50%;-34,50%;10,50%;61,00%;14,10%
;Transporte de pasajeros por ferrocarril;0;0;0;0;0;0;0;0;0;0;0;0;0;0;0;0;0;0;0;;;;;;;;;;;;;;;;;;;
;Transporte de pasajeros por carretera;*;*;*;*;*;*;*;*;0;0;3.856;5.742;5.995;8.643;6.483;4.020;4.477;5.006;4.397;;;;;;;;;;;;48,90%;4,40%;44,20%;-25,00%;-38,00%;11,40%;11,80%;-12,20%
;Transporte de pasajeros por agua;0;0;0;0;0;0;0;0;0;0;0;0;0;0;0;0;0;0;0;;;;;;;;;;;;;;;;;;;
;Transporte aéreo de pasajeros;0;0;0;0;0;0;0;0;0;0;0;0;0;0;0;0;0;0;0;;;;;;;;;;;;;;;;;;;
;Alquiler de equipos de transporte;0;0;0;0;0;0;0;0;0;0;0;0;0;0;*;0;0;0;0;;;;;;;;;;;;;;;;;;;
;Actividades de agencias de viajes y de otros servicios de reservas;0;0;0;0;0;0;0;0;0;0;*;*;*;*;*;*;*;0;0;;;;;;;;;;;;;;;;;;;
;Actividades culturales;0;0;0;0;0;0;0;*;0;*;0;0;0;0;0;0;0;0;0;;;;;;;;;;;;;;;;;;;
;Actividades deportivas y recreativas;0;0;0;0;0;0;0;0;0;0;*;*;0;0;*;*;*;*;*;;;;;;;;;;;;;;;;;;;
;Comercio al por menor de bienes característicos del turismo;*;*;*;*;*;*;*;*;*;*;*;*;*;*;*;*;*;*;*;;;;;;;;;;;;;;;;;;;
;Actividades relacionadas con segundos hogares y multipropiedades;0;0;0;*;*;*;*;*;*;*;*;*;*;*;*;0;0;*;*;;;;;;;;;;;;;;;;;;;
16205;Portezuelo;*;*;*;*;*;*;*;*;*;0;0;0;0;0;0;0;0;0;0;;;;;;;;;;;;;;;;;;;
;Alojamiento turístico;*;*;*;0;0;0;0;0;0;0;*;*;*;*;*;0;*;*;*;;;;;;;;;;;;;;;;;;;
;Actividades de provisión de alimentos y bebidas;*;0;*;*;*;0;*;*;*;*;*;*;*;*;*;*;*;*;*;;;;;;;;;;;;;;;;;;;
;Transporte de pasajeros por ferrocarril;0;0;0;0;0;0;0;0;0;0;0;0;0;0;0;0;0;0;0;;;;;;;;;;;;;;;;;;;
;Transporte de pasajeros por carretera;0;*;*;*;*;*;*;*;*;*;0;0;0;0;0;0;0;0;0;;;;;;;;;;;;;;;;;;;
;Transporte de pasajeros por agua;0;0;0;0;0;0;0;0;0;0;0;0;0;0;0;0;0;0;0;;;;;;;;;;;;;;;;;;;
;Transporte aéreo de pasajeros;0;0;0;0;0;0;0;0;0;0;0;0;0;0;0;0;0;0;0;;;;;;;;;;;;;;;;;;;
;Alquiler de equipos de transporte;0;0;0;0;0;0;0;0;0;0;0;*;*;*;0;0;0;0;*;;;;;;;;;;;;;;;;;;;
;Actividades de agencias de viajes y de otros servicios de reservas;0;0;0;0;0;0;0;0;0;0;0;*;*;*;*;0;0;0;0;;;;;;;;;;;;;;;;;;;
;Actividades culturales;0;0;0;0;0;0;0;0;0;0;0;0;0;0;0;0;0;0;0;;;;;;;;;;;;;;;;;;;
;Actividades deportivas y recreativas;0;0;*;*;*;*;*;0;0;*;*;*;*;*;0;*;*;*;0;;;;;;;;;;;;;;;;;;;
;Comercio al por menor de bienes característicos del turismo;0;0;0;0;0;0;*;*;*;*;*;*;*;*;*;*;*;*;0;;;;;;;;;;;;;;;;;;;
;Actividades relacionadas con segundos hogares y multipropiedades;*;0;0;0;0;0;*;*;*;*;*;*;*;*;*;*;*;*;*;;;;;;;;;;;;;;;;;;;
16206;Ránquil;7.713;9.119;0;3.610;0;0;3.205;2.936;2.400;0;4.679;4.645;10.387;5.477;11.809;10.062;10.656;14.747;18.862;;18,20%;-100,00%;;-100,00%;;;-8,40%;-18,30%;-100,00%;;-0,70%;123,60%;-47,30%;115,60%;-14,80%;5,90%;38,40%;27,90%
;Alojamiento turístico;0;*;*;*;*;*;*;*;*;*;*;*;*;*;*;*;*;*;*;;;;;;;;;;;;;;;;;;;
;Actividades de provisión de alimentos y bebidas;7.713;9.119;*;3.610;*;*;3.205;2.936;2.400;0;4.679;4.645;10.387;5.477;11.809;10.062;10.656;14.747;18.862;;18,20%;;;;;;-8,40%;-18,30%;-100,00%;;-0,70%;123,60%;-47,30%;115,60%;-14,80%;5,90%;38,40%;27,90%
;Transporte de pasajeros por ferrocarril;0;0;0;0;0;0;0;0;0;0;0;0;0;0;0;0;0;0;0;;;;;;;;;;;;;;;;;;;
;Transporte de pasajeros por carretera;*;*;*;*;*;*;*;*;*;*;*;*;*;*;*;0;*;*;*;;;;;;;;;;;;;;;;;;;
;Transporte de pasajeros por agua;0;0;0;0;0;0;0;0;0;0;0;0;0;0;0;0;0;0;0;;;;;;;;;;;;;;;;;;;
;Transporte aéreo de pasajeros;0;0;0;0;0;0;0;0;0;0;0;0;0;0;0;0;0;0;0;;;;;;;;;;;;;;;;;;;
;Alquiler de equipos de transporte;0;*;0;*;*;*;0;*;*;*;*;*;*;*;*;*;*;*;*;;;;;;;;;;;;;;;;;;;
;Actividades de agencias de viajes y de otros servicios de reservas;0;0;0;0;0;0;0;0;0;0;0;*;*;0;0;0;0;0;*;;;;;;;;;;;;;;;;;;;
;Actividades culturales;0;0;0;0;0;0;0;0;0;0;0;0;0;0;0;0;0;0;*;;;;;;;;;;;;;;;;;;;
;Actividades deportivas y recreativas;0;*;*;*;*;*;*;*;*;*;*;*;*;*;*;*;*;0;0;;;;;;;;;;;;;;;;;;;
;Comercio al por menor de bienes característicos del turismo;0;0;0;0;0;0;0;0;0;0;0;0;0;0;0;*;*;0;0;;;;;;;;;;;;;;;;;;;
;Actividades relacionadas con segundos hogares y multipropiedades;*;*;0;0;0;0;0;0;*;*;0;*;*;*;*;*;*;*;*;;;;;;;;;;;;;;;;;;;
16207;Trehuaco;0;0;0;0;0;0;0;0;0;0;0;0;0;0;0;0;11.056;11.760;11.000;;;;;;;;;;;;;;;;;;6,40%;-6,50%
;Alojamiento turístico;*;*;*;*;*;*;*;*;*;*;*;*;*;*;*;*;*;*;*;;;;;;;;;;;;;;;;;;;
;Actividades de provisión de alimentos y bebidas;*;*;*;*;*;0;0;0;0;*;*;*;*;*;*;*;11.056;11.760;11.000;;;;;;;;;;;;;;;;;;6,40%;-6,50%
;Transporte de pasajeros por ferrocarril;0;0;0;0;0;0;0;0;0;0;0;0;0;0;0;0;0;0;0;;;;;;;;;;;;;;;;;;;
;Transporte de pasajeros por carretera;*;*;*;*;*;*;*;*;*;*;*;*;*;0;0;0;0;0;0;;;;;;;;;;;;;;;;;;;
;Transporte de pasajeros por agua;0;0;0;0;0;0;0;0;0;0;0;0;0;0;0;0;0;0;0;;;;;;;;;;;;;;;;;;;
;Transporte aéreo de pasajeros;0;0;0;0;0;0;0;0;0;0;0;0;0;0;0;0;0;0;0;;;;;;;;;;;;;;;;;;;
;Alquiler de equipos de transporte;0;0;0;0;0;0;0;0;*;*;*;*;*;*;*;*;*;*;*;;;;;;;;;;;;;;;;;;;
;Actividades de agencias de viajes y de otros servicios de reservas;0;0;0;0;0;0;0;0;0;0;0;0;0;0;0;*;*;*;0;;;;;;;;;;;;;;;;;;;
;Actividades culturales;0;0;0;0;0;0;0;0;0;0;0;0;0;0;0;0;0;0;0;;;;;;;;;;;;;;;;;;;
;Actividades deportivas y recreativas;0;0;*;*;*;*;*;*;*;*;*;*;*;*;*;*;*;*;*;;;;;;;;;;;;;;;;;;;
;Comercio al por menor de bienes característicos del turismo;0;0;0;0;0;0;0;0;0;0;0;0;0;0;0;0;0;0;*;;;;;;;;;;;;;;;;;;;
;Actividades relacionadas con segundos hogares y multipropiedades;*;*;*;0;0;0;0;0;0;0;*;*;*;*;*;*;*;*;*;;;;;;;;;;;;;;;;;;;
16301;San Carlos;156.854;135.943;164.840;177.082;113.282;103.888;141.308;124.475;141.319;159.834;399.734;572.863;610.808;524.648;381.504;394.739;538.891;621.372;555.895;;-13,30%;21,30%;7,40%;-36,00%;-8,30%;36,00%;-11,90%;13,50%;13,10%;150,10%;43,30%;6,60%;-14,10%;-27,30%;3,50%;36,50%;15,30%;-10,50%
;Alojamiento turístico;0;0;0;0;0;0;5.627;0;0;0;12.631;9.263;0;0;0;3.641;0;0;0;;;;;;;;-100,00%;;;;-26,70%;-100,00%;;;;-100,00%;;
;Actividades de provisión de alimentos y bebidas;35.644;43.256;42.201;48.869;53.395;55.730;60.198;65.675;66.303;61.564;79.665;153.321;148.896;129.592;130.353;85.960;154.249;178.534;188.916;;21,40%;-2,40%;15,80%;9,30%;4,40%;8,00%;9,10%;1,00%;-7,10%;29,40%;92,50%;-2,90%;-13,00%;0,60%;-34,10%;79,40%;15,70%;5,80%
;Transporte de pasajeros por ferrocarril;0;0;0;0;0;0;0;0;0;0;0;0;0;0;0;0;0;0;0;;;;;;;;;;;;;;;;;;;
;Transporte de pasajeros por carretera;10.250;6.376;10.042;12.830;9.536;13.032;24.329;24.691;30.911;32.829;42.873;48.846;47.177;54.615;77.573;43.738;68.919;78.270;79.520;;-37,80%;57,50%;27,80%;-25,70%;36,70%;86,70%;1,50%;25,20%;6,20%;30,60%;13,90%;-3,40%;15,80%;42,00%;-43,60%;57,60%;13,60%;1,60%
;Transporte de pasajeros por agua;0;0;0;0;0;0;0;0;0;0;0;0;0;0;0;0;0;0;0;;;;;;;;;;;;;;;;;;;
;Transporte aéreo de pasajeros;0;0;0;0;0;0;0;0;0;0;0;0;0;0;0;0;0;0;0;;;;;;;;;;;;;;;;;;;
;Alquiler de equipos de transporte;*;*;*;*;*;*;*;*;*;*;11.550;17.572;31.384;24.047;*;13.060;2.623;12.600;8.774;;;;;;;;;;;;52,10%;78,60%;-23,40%;;;-79,90%;380,30%;-30,40%
;Actividades de agencias de viajes y de otros servicios de reservas;0;0;0;0;0;0;0;0;*;*;*;0;0;*;*;*;*;*;*;;;;;;;;;;;;;;;;;;;
;Actividades culturales;*;0;0;0;*;*;*;*;*;*;*;*;*;*;*;*;*;*;*;;;;;;;;;;;;;;;;;;;
;Actividades deportivas y recreativas;0;*;*;*;*;1.123;0;0;0;*;12.420;15.995;17.291;12.915;14.295;4.539;2.444;7.038;2.433;;;;;;;-100,00%;;;;;28,80%;8,10%;-25,30%;10,70%;-68,30%;-46,20%;188,00%;-65,40%
;Comercio al por menor de bienes característicos del turismo;*;*;*;*;*;*;*;*;*;*;*;8.352;7.959;1.089;1.014;1.715;5.430;*;*;;;;;;;;;;;;;-4,70%;-86,30%;-6,90%;69,10%;216,70%;;
;Actividades relacionadas con segundos hogares y multipropiedades;110.960;86.311;112.598;115.384;50.352;34.003;51.155;34.109;44.106;65.441;240.595;319.515;358.101;302.390;158.269;242.087;305.226;344.929;276.252;;-22,20%;30,50%;2,50%;-56,40%;-32,50%;50,40%;-33,30%;29,30%;48,40%;267,70%;32,80%;12,10%;-15,60%;-47,70%;53,00%;26,10%;13,00%;-19,90%
16302;Coihueco;4.733;6.221;4.770;4.962;4.914;5.589;3.483;3.370;6.332;8.654;326.340;177.494;159.509;178.094;153.647;105.419;115.120;154.622;127.716;;31,50%;-23,30%;4,00%;-1,00%;13,70%;-37,70%;-3,20%;87,90%;36,70%;3670,80%;-45,60%;-10,10%;11,70%;-13,70%;-31,40%;9,20%;34,30%;-17,40%
;Alojamiento turístico;*;*;*;*;*;*;*;*;*;*;*;*;*;*;*;*;*;*;*;;;;;;;;;;;;;;;;;;;
;Actividades de provisión de alimentos y bebidas;4.733;6.221;4.770;4.962;4.914;5.589;3.483;3.370;4.225;5.343;33.621;30.393;18.700;22.634;29.316;24.250;32.275;23.364;32.254;;31,50%;-23,30%;4,00%;-1,00%;13,70%;-37,70%;-3,20%;25,40%;26,40%;529,30%;-9,60%;-38,50%;21,00%;29,50%;-17,30%;33,10%;-27,60%;38,00%
;Transporte de pasajeros por ferrocarril;0;0;0;0;0;0;0;0;0;0;0;0;0;*;*;*;*;*;0;;;;;;;;;;;;;;;;;;;
;Transporte de pasajeros por carretera;*;*;0;0;0;0;0;0;2.107;3.312;14.731;33.262;27.155;41.106;32.068;30.912;33.353;30.241;36.659;;;;;;;;;;57,20%;344,80%;125,80%;-18,40%;51,40%;-22,00%;-3,60%;7,90%;-9,30%;21,20%
;Transporte de pasajeros por agua;0;0;0;0;0;0;0;0;0;0;0;0;0;0;0;0;0;0;0;;;;;;;;;;;;;;;;;;;
;Transporte aéreo de pasajeros;0;0;0;0;0;0;0;0;0;0;0;0;0;0;0;0;0;0;0;;;;;;;;;;;;;;;;;;;
;Alquiler de equipos de transporte;*;*;*;*;*;*;*;*;*;*;257.148;90.502;85.732;85.555;64.833;15.188;15.028;20.172;26.099;;;;;;;;;;;;-64,80%;-5,30%;-0,20%;-24,20%;-76,60%;-1,10%;34,20%;29,40%
;Actividades de agencias de viajes y de otros servicios de reservas;0;0;0;0;0;*;*;*;0;0;0;*;*;*;*;0;0;0;0;;;;;;;;;;;;;;;;;;;
;Actividades culturales;0;0;0;0;0;0;*;*;*;0;0;*;*;*;*;*;*;*;*;;;;;;;;;;;;;;;;;;;
;Actividades deportivas y recreativas;*;*;*;*;*;*;*;*;*;*;13.877;15.239;20.018;0;0;0;0;*;0;;;;;;;;;;;;9,80%;31,40%;-100,00%;;;;;
;Comercio al por menor de bienes característicos del turismo;*;*;*;*;*;*;*;*;*;*;*;*;*;*;*;*;*;*;*;;;;;;;;;;;;;;;;;;;
;Actividades relacionadas con segundos hogares y multipropiedades;*;*;*;*;*;*;*;*;*;*;6.962;8.097;7.904;28.799;27.430;35.069;34.464;80.845;32.703;;;;;;;;;;;;16,30%;-2,40%;264,40%;-4,80%;27,80%;-1,70%;134,60%;-59,50%
16303;Ñiquén;1.716;1.556;1.490;2.690;4.266;4.615;4.090;4.492;6.477;6.627;8.262;23.597;20.731;21.278;21.155;14.569;19.749;19.855;30.168;;-9,30%;-4,20%;80,50%;58,60%;8,20%;-11,40%;9,80%;44,20%;2,30%;24,70%;185,60%;-12,10%;2,60%;-0,60%;-31,10%;35,60%;0,50%;51,90%
;Alojamiento turístico;*;*;*;*;*;*;0;*;*;0;*;*;*;*;*;*;*;*;*;;;;;;;;;;;;;;;;;;;
;Actividades de provisión de alimentos y bebidas;1.716;1.556;1.490;2.690;2.729;3.346;4.090;4.492;6.477;6.627;8.262;12.222;11.651;12.616;14.203;9.365;14.339;14.416;20.171;;-9,30%;-4,20%;80,50%;1,40%;22,60%;22,20%;9,80%;44,20%;2,30%;24,70%;47,90%;-4,70%;8,30%;12,60%;-34,10%;53,10%;0,50%;39,90%
;Transporte de pasajeros por ferrocarril;0;0;0;0;0;0;0;0;0;0;0;0;0;0;0;0;0;0;0;;;;;;;;;;;;;;;;;;;
;Transporte de pasajeros por carretera;*;*;*;*;1.537;1.269;0;0;0;0;0;11.375;9.080;8.663;6.951;5.204;5.410;5.439;9.997;;;;;;-17,50%;-100,00%;;;;;;-20,20%;-4,60%;-19,80%;-25,10%;3,90%;0,60%;83,80%
;Transporte de pasajeros por agua;0;0;0;0;0;0;0;0;0;0;0;0;0;0;0;0;0;0;0;;;;;;;;;;;;;;;;;;;
;Transporte aéreo de pasajeros;0;0;0;0;0;0;0;0;0;0;0;0;0;0;0;0;0;0;0;;;;;;;;;;;;;;;;;;;
;Alquiler de equipos de transporte;0;0;0;0;0;0;0;0;*;*;*;*;*;*;0;0;0;0;0;;;;;;;;;;;;;;;;;;;
;Actividades de agencias de viajes y de otros servicios de reservas;0;0;0;0;0;0;0;0;0;0;0;0;0;0;0;0;0;0;0;;;;;;;;;;;;;;;;;;;
;Actividades culturales;0;0;0;0;0;0;0;0;0;0;*;0;0;0;0;0;0;0;0;;;;;;;;;;;;;;;;;;;
;Actividades deportivas y recreativas;*;*;*;*;*;*;*;*;*;*;*;*;*;*;*;*;*;*;*;;;;;;;;;;;;;;;;;;;
;Comercio al por menor de bienes característicos del turismo;0;0;0;0;0;0;0;0;0;*;*;*;*;*;*;*;*;*;*;;;;;;;;;;;;;;;;;;;
;Actividades relacionadas con segundos hogares y multipropiedades;*;*;*;*;*;*;*;*;*;*;*;*;*;*;*;*;*;*;*;;;;;;;;;;;;;;;;;;;
16304;San Fabián;1.813;2.069;0;0;1.689;1.719;2.105;2.528;4.863;7.757;34.249;33.989;40.321;17.062;8.711;10.384;14.783;14.849;21.245;;14,20%;-100,00%;;;1,80%;22,50%;20,10%;92,30%;59,50%;341,50%;-0,80%;18,60%;-57,70%;-48,90%;19,20%;42,40%;0,40%;43,10%
;Alojamiento turístico;*;*;*;*;*;*;*;*;1.370;2.955;11.092;10.344;6.092;5.881;1.335;4.629;4.483;2.072;1.547;;;;;;;;;;115,70%;275,30%;-6,70%;-41,10%;-3,50%;-77,30%;246,70%;-3,10%;-53,80%;-25,40%
;Actividades de provisión de alimentos y bebidas;1.813;2.069;*;*;1.689;1.719;2.105;2.528;3.492;4.802;23.157;23.645;34.229;11.181;7.376;5.755;10.300;12.777;19.698;;14,20%;;;;1,80%;22,50%;20,10%;38,10%;37,50%;382,20%;2,10%;44,80%;-67,30%;-34,00%;-22,00%;79,00%;24,10%;54,20%
;Transporte de pasajeros por ferrocarril;0;0;0;0;0;0;0;0;0;0;0;0;0;0;0;0;0;0;0;;;;;;;;;;;;;;;;;;;
;Transporte de pasajeros por carretera;0;*;*;0;*;*;*;*;*;*;*;*;*;*;*;*;*;*;*;;;;;;;;;;;;;;;;;;;
;Transporte de pasajeros por agua;0;0;0;0;0;0;0;0;0;0;0;0;0;0;0;0;0;0;0;;;;;;;;;;;;;;;;;;;
;Transporte aéreo de pasajeros;0;0;0;0;0;0;*;0;0;0;0;0;0;0;0;0;0;0;0;;;;;;;;;;;;;;;;;;;
;Alquiler de equipos de transporte;0;*;*;*;*;*;0;0;0;0;0;0;*;*;*;*;*;*;*;;;;;;;;;;;;;;;;;;;
;Actividades de agencias de viajes y de otros servicios de reservas;0;0;0;0;0;0;0;0;0;0;*;*;*;0;0;*;*;*;*;;;;;;;;;;;;;;;;;;;
;Actividades culturales;0;0;0;0;0;0;0;0;0;0;0;0;0;0;0;0;0;0;*;;;;;;;;;;;;;;;;;;;
;Actividades deportivas y recreativas;*;*;*;0;*;0;*;*;*;*;*;*;*;*;*;*;*;*;*;;;;;;;;;;;;;;;;;;;
;Comercio al por menor de bienes característicos del turismo;*;*;*;*;0;*;*;*;*;*;*;*;*;*;*;*;*;*;*;;;;;;;;;;;;;;;;;;;
;Actividades relacionadas con segundos hogares y multipropiedades;0;0;*;*;*;*;*;*;*;*;*;0;0;0;0;*;0;0;0;;;;;;;;;;;;;;;;;;;
16305;San Nicolás;2.884;3.139;2.975;2.955;3.934;3.238;3.140;2.690;4.917;4.629;11.739;28.631;37.790;68.409;57.058;63.274;142.442;164.873;115.879;;8,80%;-5,20%;-0,70%;33,10%;-17,70%;-3,10%;-14,30%;82,80%;-5,90%;153,60%;143,90%;32,00%;81,00%;-16,60%;10,90%;125,10%;15,70%;-29,70%
;Alojamiento turístico;*;*;*;*;*;*;*;*;*;*;*;*;*;*;*;0;*;*;*;;;;;;;;;;;;;;;;;;;
;Actividades de provisión de alimentos y bebidas;2.884;3.139;2.975;2.955;3.934;3.238;3.140;2.690;4.917;4.629;11.739;15.933;27.263;25.469;12.387;6.384;10.090;15.402;16.906;;8,80%;-5,20%;-0,70%;33,10%;-17,70%;-3,10%;-14,30%;82,80%;-5,90%;153,60%;35,70%;71,10%;-6,60%;-51,40%;-48,50%;58,00%;52,60%;9,80%
;Transporte de pasajeros por ferrocarril;0;0;0;0;0;0;0;0;0;0;0;0;0;0;0;0;0;0;0;;;;;;;;;;;;;;;;;;;
;Transporte de pasajeros por carretera;*;*;*;*;0;0;0;0;0;0;0;12.699;10.528;13.694;6.676;9.969;17.325;9.296;10.204;;;;;;;;;;;;;-17,10%;30,10%;-51,20%;49,30%;73,80%;-46,30%;9,80%
;Transporte de pasajeros por agua;0;0;0;0;0;0;0;0;0;0;0;0;0;0;0;0;0;0;0;;;;;;;;;;;;;;;;;;;
;Transporte aéreo de pasajeros;0;0;0;0;0;0;0;0;0;0;0;0;0;0;0;0;0;0;0;;;;;;;;;;;;;;;;;;;
;Alquiler de equipos de transporte;*;*;*;*;*;*;*;*;*;*;*;*;*;*;*;*;*;*;*;;;;;;;;;;;;;;;;;;;
;Actividades de agencias de viajes y de otros servicios de reservas;0;0;0;0;0;0;0;0;0;0;0;0;0;0;0;0;0;0;0;;;;;;;;;;;;;;;;;;;
;Actividades culturales;0;0;0;0;0;0;0;0;0;0;0;0;0;0;*;*;*;*;*;;;;;;;;;;;;;;;;;;;
;Actividades deportivas y recreativas;0;0;0;0;0;0;0;0;0;0;0;0;*;*;*;*;*;*;0;;;;;;;;;;;;;;;;;;;
;Comercio al por menor de bienes característicos del turismo;0;0;0;0;0;0;*;*;*;*;*;*;*;*;*;*;*;*;*;;;;;;;;;;;;;;;;;;;
;Actividades relacionadas con segundos hogares y multipropiedades;*;0;0;*;*;*;*;*;*;*;*;0;0;29.246;37.996;46.920;115.027;140.175;88.770;;;;;;;;;;;;;;;29,90%;23,50%;145,20%;21,90%;-36,70%
Sin Información;;13.414;183;0;0;125.866;42.240;279.401;135.102;148.153;84.077;36.503;334.847;17.710;39.487;97.659;106.472;291.409;611.322;145.361;;-98,60%;-100,00%;;;-66,40%;561,50%;-51,60%;9,70%;-43,30%;-56,60%;817,30%;-94,70%;123,00%;147,30%;9,00%;173,70%;109,80%;-76,20%
999999;Sin Información;13.414;183;0;0;125.866;42.240;279.401;135.102;148.153;84.077;36.503;334.847;17.710;39.487;97.659;106.472;291.409;611.322;145.361;;-98,60%;-100,00%;;;-66,40%;561,50%;-51,60%;9,70%;-43,30%;-56,60%;817,30%;-94,70%;123,00%;147,30%;9,00%;173,70%;109,80%;-76,20%
;Alojamiento turístico;*;0;0;0;*;*;*;*;*;*;*;*;*;*;*;*;0;*;0;;;;;;;;;;;;;;;;;;;
;Actividades de provisión de alimentos y bebidas;*;*;*;*;0;*;0;*;199;*;*;*;*;*;*;*;*;*;0;;;;;;;;;;;;;;;;;;;
;Transporte de pasajeros por ferrocarril;0;0;0;0;0;0;*;0;0;0;0;0;0;0;0;0;0;0;0;;;;;;;;;;;;;;;;;;;
;Transporte de pasajeros por carretera;4.827;183;0;0;566;3.285;2.422;1.217;77;843;10.070;5.696;0;0;0;0;0;*;*;;-96,20%;-100,00%;;;480,20%;-26,30%;-49,80%;-93,70%;991,20%;1094,70%;-43,40%;-100,00%;;;;;;
;Transporte de pasajeros por agua;0;0;0;0;*;*;*;*;*;*;*;*;*;0;0;0;0;0;0;;;;;;;;;;;;;;;;;;;
;Transporte aéreo de pasajeros;*;0;0;0;0;0;0;0;0;*;0;0;0;0;0;0;0;0;0;;;;;;;;;;;;;;;;;;;
;Alquiler de equipos de transporte;0;0;0;0;*;*;*;*;*;0;0;*;*;*;*;*;*;*;0;;;;;;;;;;;;;;;;;;;
;Actividades de agencias de viajes y de otros servicios de reservas;0;0;0;0;*;0;0;*;0;0;*;0;*;0;*;*;0;*;0;;;;;;;;;;;;;;;;;;;
;Actividades culturales;0;0;0;*;*;*;*;*;*;*;*;*;*;*;*;*;*;*;0;;;;;;;;;;;;;;;;;;;
;Actividades deportivas y recreativas;*;*;*;*;*;*;*;*;*;*;*;*;*;*;*;*;*;*;*;;;;;;;;;;;;;;;;;;;
;Comercio al por menor de bienes característicos del turismo;0;0;0;0;*;*;0;*;*;0;*;*;0;*;0;*;*;0;*;;;;;;;;;;;;;;;;;;;
;Actividades relacionadas con segundos hogares y multipropiedades;8.586;*;*;0;125.300;38.955;276.979;133.885;147.877;83.234;26.433;329.151;17.710;39.487;97.659;106.472;291.409;611.322;145.361;;;;;;-68,90%;611,00%;-51,70%;10,50%;-43,70%;-68,20%;1145,20%;-94,60%;123,00%;147,30%;9,00%;173,70%;109,80%;-76,20%
;;;;;;;;;;;;;;;;;;;;;;;;;;;;;;;;;;;;;;;
Elaboración: División de Estudios de la Subsecretaría de Turismo y Departamento de Estadísticas de SERNATUR en base a las Estadísticas de Empresas del SII.;;;;;;;;;;;;;;;;;;;;;;;;;;;;;;;;;;;;;;;
Fuente(s): Departamento de Estudios Económicos y Tributarios de la Subdirección de Gestión Estratégica y Estudios Tributarios del Servicio de Impuestos Internos. Formularios 22 ,29 y Declaraciones Juradas Nº 1887 y 1827 que se encuentran registradas en las bases del SII.;;;;;;;;;;;;;;;;;;;;;;;;;;;;;;;;;;;;;;;
Fecha de extracción de los datos SII: Octubre 2024.;;;;;;;;;;;;;;;;;;;;;;;;;;;;;;;;;;;;;;;
Última actualización SII: Octubre 2024.;;;;;;;;;;;;;;;;;;;;;;;;;;;;;;;;;;;;;;;
"UF utilizada: Montos transformados a UF según la UF promedio mensual para datos obtenidos de formulario 29 y UF al 31 de diciembre de cada año para los datos obtenidos de formularios 22, 1887 y 1879.
";;;;;;;;;;;;;;;;;;;;;;;;;;;;;;;;;;;;;;;
Aquellos recuadros donde aparece un '*' corresponde a valores que debido a restricciones relativas a la reserva tributaria (según el Artículo 35 del Código Tributario) no son factibles de informar. Para acceder a mayores antecedentes, dirigirse al Anexo 1.;;;;;;;;;;;;;;;;;;;;;;;;;;;;;;;;;;;;;;;
